type,key,value
metadata,batch_idx,0
metadata,timestamp,2025-02-20T11:59:22.823316
metadata,original_path,data/MNIST/train/0/1.png
metadata,relative_path,0/1.png
metadata,epoch,55
metadata,batch,55
latent_values,values,"0.99,0.99,0.99,0.99,0.99,0.99,0.99,0.99,0.99,0.99,0.99,0.99,0.99,0.99,0.99,0.99,0.99,0.99,0.99,0.99,0.99,0.99,0.99,0.99,0.99,0.99,0.99,0.99,0.99,0.99,0.99,0.99,0.99,0.99,0.99,0.99,0.99,0.99,0.99,0.99,0.99,0.99,0.99,0.99,0.99,0.99,0.99,0.99,0.9853362,0.99,0.9791337,0.99,0.99,0.99,0.9822419,0.9794843,0.99,0.9890418,0.98409295,0.99,0.9712565,0.9847099,0.9883511,0.98687106,0.98417735,0.9666279,0.9668801,0.99,0.97482616,0.9504273,0.99,0.9865355,0.9768077,0.98141426,0.9525516,0.96886873,0.95389515,0.9816465,0.9899309,0.9494692,0.99,0.95116675,0.99,0.9894398,0.94423157,0.94155186,0.9108379,0.93729365,0.94006264,0.91593766,0.99,0.99,0.99,0.9205583,0.9327949,0.91440254,0.99,0.8941624,0.98120993,0.90588737,0.951104,0.91485137,0.99,0.85819805,0.8748361,0.9810445,0.9439128,0.91129625,0.9520882,0.99,0.95922184,0.8138834,0.8145221,0.8858265,0.8631015,0.8149093,0.92368656,0.9757742,0.9348966,0.8727243,0.90310293,0.83985513,0.8977727,0.8440433,0.8205587,0.97768384,0.98653114,0.9466098"
