type,key,value
metadata,batch_idx,1
metadata,timestamp,2025-02-20T11:59:22.823316
metadata,original_path,data/MNIST/train/0/1000.png
metadata,relative_path,0/1000.png
metadata,epoch,55
metadata,batch,55
latent_values,values,"0.99,0.99,0.99,0.99,0.99,0.99,0.99,0.99,0.99,0.99,0.99,0.99,0.99,0.99,0.99,0.99,0.99,0.99,0.99,0.99,0.99,0.99,0.99,0.99,0.99,0.99,0.99,0.99,0.99,0.99,0.99,0.99,0.99,0.99,0.99,0.99,0.99,0.99,0.99,0.99,0.99,0.99,0.99,0.99,0.99,0.99,0.99,0.99,0.99,0.99,0.99,0.98182404,0.9888807,0.98429275,0.98966414,0.99,0.99,0.99,0.9770301,0.99,0.9730775,0.98375964,0.9680446,0.96918225,0.98753774,0.99,0.9844716,0.9723522,0.99,0.99,0.94415826,0.99,0.94908094,0.964365,0.9845678,0.95767194,0.9373215,0.98372173,0.99,0.98970103,0.9832768,0.968219,0.9576331,0.9738367,0.95156974,0.98420155,0.98699975,0.9123194,0.99,0.9505764,0.9181058,0.9480173,0.918815,0.9706717,0.9846891,0.96941805,0.9215328,0.96846277,0.9370983,0.85690063,0.9699531,0.9582179,0.9543794,0.8807005,0.9613854,0.99,0.9778106,0.98057795,0.85287946,0.9747139,0.93986344,0.90436006,0.98306644,0.903238,0.97895586,0.9877405,0.9044994,0.99,0.924509,0.96784174,0.96500057,0.99,0.921611,0.90402883,0.97612816,0.9444223,0.89496976,0.99"
