type,key,value
metadata,batch_idx,2
metadata,timestamp,2025-02-20T11:59:22.823316
metadata,original_path,data/MNIST/train/0/10005.png
metadata,relative_path,0/10005.png
metadata,epoch,55
metadata,batch,55
latent_values,values,"0.99,0.99,0.99,0.99,0.99,0.99,0.99,0.99,0.99,0.99,0.99,0.99,0.99,0.99,0.99,0.99,0.99,0.99,0.99,0.99,0.99,0.99,0.99,0.99,0.99,0.99,0.99,0.99,0.99,0.99,0.99,0.99,0.99,0.99,0.99,0.99,0.99,0.99,0.99,0.99,0.99,0.99,0.99,0.99,0.99,0.99,0.99,0.99,0.99,0.99,0.99,0.99,0.99,0.99,0.99,0.99,0.9847172,0.99,0.9896821,0.99,0.9542582,0.9874638,0.9730229,0.9567282,0.95745724,0.99,0.99,0.98935217,0.9784005,0.99,0.9406029,0.99,0.98054487,0.99,0.95034736,0.95521826,0.98859346,0.9829596,0.9170706,0.99,0.9388737,0.96322286,0.9844514,0.9699842,0.9883126,0.9114386,0.97040355,0.93527216,0.95376915,0.98399436,0.95015675,0.9437532,0.93211836,0.99,0.99,0.96298045,0.92506886,0.98469216,0.9750791,0.99,0.95233107,0.9822755,0.9559701,0.9772896,0.97692186,0.962204,0.9723351,0.99,0.99,0.9670895,0.97809654,0.93360823,0.9699438,0.9106118,0.9824575,0.9871899,0.899931,0.9270793,0.99,0.9833245,0.93337595,0.8308345,0.9462678,0.9674154,0.97251827,0.9899831,0.814639,0.93056065"
