type,key,value
metadata,batch_idx,3
metadata,timestamp,2025-02-20T11:59:22.823316
metadata,original_path,data/MNIST/train/0/10010.png
metadata,relative_path,0/10010.png
metadata,epoch,55
metadata,batch,55
latent_values,values,"0.99,0.99,0.99,0.99,0.99,0.99,0.99,0.99,0.99,0.99,0.99,0.99,0.99,0.99,0.99,0.99,0.99,0.99,0.99,0.99,0.99,0.99,0.99,0.99,0.99,0.99,0.99,0.99,0.99,0.99,0.99,0.99,0.99,0.99,0.99,0.99,0.99,0.99,0.99,0.99,0.99,0.99,0.99,0.99,0.99,0.99,0.99,0.99,0.99,0.99,0.99,0.9807307,0.99,0.99,0.98933804,0.9758675,0.9888946,0.9606474,0.9651991,0.9714857,0.99,0.9842528,0.9644569,0.99,0.98446196,0.9642743,0.95597726,0.9692238,0.99,0.9778815,0.97458434,0.9468869,0.99,0.9676637,0.9549066,0.97409046,0.99,0.96065587,0.978988,0.96382916,0.95874697,0.9694285,0.98920214,0.975749,0.93966085,0.9839864,0.938796,0.9794259,0.9505994,0.9700092,0.9349378,0.9788417,0.933486,0.98572755,0.9801542,0.96668327,0.97044075,0.94797754,0.9359513,0.9438758,0.98607665,0.99,0.9182762,0.89791006,0.9771732,0.89717823,0.9629184,0.99,0.98659724,0.96299434,0.8965652,0.9611212,0.9784537,0.9194216,0.97212166,0.97114587,0.88909805,0.9390641,0.99,0.98288995,0.9410224,0.95776373,0.9785669,0.9694987,0.98552084,0.9827067,0.95774746,0.87785995"
