type,key,value
metadata,batch_idx,6
metadata,timestamp,2025-02-20T11:59:22.784335
metadata,original_path,data/MNIST/train/0/10026.png
metadata,relative_path,0/10026.png
metadata,epoch,55
metadata,batch,54
latent_values,values,"0.99,0.99,0.99,0.99,0.99,0.99,0.99,0.99,0.99,0.99,0.99,0.99,0.99,0.99,0.99,0.99,0.99,0.99,0.99,0.99,0.99,0.99,0.99,0.99,0.99,0.99,0.99,0.99,0.99,0.99,0.99,0.99,0.99,0.99,0.99,0.99,0.99,0.99,0.99,0.99,0.99,0.99,0.99,0.99,0.99,0.99,0.99,0.99,0.99,0.99,0.99,0.9816752,0.99,0.980587,0.9847915,0.99,0.9840496,0.9747353,0.9584231,0.98029405,0.98392457,0.9861102,0.9809027,0.9875501,0.9705527,0.9854405,0.99,0.98866874,0.99,0.99,0.9819611,0.9280028,0.9638005,0.99,0.98469573,0.97403437,0.94081527,0.99,0.99,0.98339045,0.99,0.987037,0.9562429,0.9650094,0.96863073,0.99,0.93694186,0.99,0.97474515,0.9841916,0.9298084,0.9622871,0.99,0.9815818,0.980062,0.99,0.9451465,0.89750284,0.9289407,0.836608,0.92693555,0.92969257,0.9098596,0.838425,0.9839667,0.9779937,0.9612883,0.941744,0.99,0.9553529,0.9842282,0.9769201,0.9843256,0.9813264,0.97786427,0.99,0.9644766,0.99,0.985713,0.9609337,0.9697208,0.8222871,0.98823196,0.92438036,0.9447321,0.79703707,0.97106194,0.94860494"
