type,key,value
metadata,batch_idx,4
metadata,timestamp,2025-02-20T11:59:22.784335
metadata,original_path,data/MNIST/train/0/10022.png
metadata,relative_path,0/10022.png
metadata,epoch,55
metadata,batch,54
latent_values,values,"0.99,0.99,0.99,0.99,0.99,0.99,0.99,0.99,0.99,0.99,0.99,0.99,0.99,0.99,0.99,0.99,0.99,0.99,0.99,0.99,0.99,0.99,0.99,0.99,0.99,0.99,0.99,0.99,0.99,0.99,0.99,0.99,0.99,0.99,0.99,0.99,0.99,0.99,0.99,0.99,0.99,0.99,0.99,0.99,0.99,0.99,0.99,0.99,0.98319364,0.99,0.98846495,0.99,0.99,0.99,0.985241,0.99,0.9786759,0.99,0.9792926,0.99,0.9701086,0.99,0.99,0.9833331,0.9863197,0.983643,0.9509475,0.97324324,0.94129205,0.9706816,0.9742411,0.99,0.99,0.9886201,0.9820176,0.99,0.99,0.96580124,0.98928374,0.9355789,0.9470806,0.9820163,0.98711836,0.93575794,0.97402644,0.9725339,0.98145217,0.98329425,0.9695623,0.98129225,0.9813719,0.9863366,0.9888083,0.88328755,0.9135171,0.97629535,0.99,0.99,0.92613035,0.99,0.95626706,0.8784181,0.987013,0.94926125,0.96061236,0.99,0.9784585,0.8738848,0.9617894,0.8940328,0.98080873,0.98064655,0.95705855,0.99,0.97245526,0.8077891,0.9426943,0.8896678,0.9689477,0.80330586,0.8557925,0.9688184,0.91125286,0.9740343,0.89570016,0.99,0.96724164,0.99"
