type,key,value
metadata,batch_idx,5
metadata,timestamp,2025-02-20T11:59:22.784335
metadata,original_path,data/MNIST/train/0/10025.png
metadata,relative_path,0/10025.png
metadata,epoch,55
metadata,batch,54
latent_values,values,"0.99,0.99,0.99,0.99,0.99,0.99,0.99,0.99,0.99,0.99,0.99,0.99,0.99,0.99,0.99,0.99,0.99,0.99,0.99,0.99,0.99,0.99,0.99,0.99,0.99,0.99,0.99,0.99,0.99,0.99,0.99,0.99,0.99,0.99,0.99,0.99,0.99,0.99,0.99,0.99,0.99,0.99,0.99,0.99,0.99,0.99,0.99,0.99,0.99,0.99,0.99,0.98652184,0.9848089,0.99,0.97213674,0.98339784,0.9822191,0.96583366,0.9644271,0.97837627,0.99,0.9855989,0.9689711,0.99,0.9769033,0.96957064,0.99,0.9745224,0.97446626,0.9646226,0.98224044,0.96509486,0.99,0.99,0.9416738,0.96296316,0.9858874,0.9336529,0.97958285,0.9877015,0.9549234,0.90745896,0.97923595,0.94117,0.97077817,0.9797053,0.8977913,0.97992516,0.9762684,0.9824313,0.9220104,0.98655236,0.951516,0.985225,0.99,0.9855548,0.98208416,0.9558892,0.9343641,0.88740146,0.96010524,0.9611037,0.9540168,0.90454036,0.9817767,0.8694816,0.9803846,0.94805866,0.9514881,0.9723697,0.9899907,0.9813552,0.9089282,0.97705495,0.93057305,0.9788117,0.9605947,0.88313216,0.95416677,0.9727833,0.9173648,0.99,0.9837749,0.9708589,0.96643984,0.9309013,0.99,0.8861386"
