type,key,value
metadata,batch_idx,7
metadata,timestamp,2025-02-20T11:59:22.784335
metadata,original_path,data/MNIST/train/0/10045.png
metadata,relative_path,0/10045.png
metadata,epoch,55
metadata,batch,54
latent_values,values,"0.99,0.99,0.99,0.99,0.99,0.99,0.99,0.99,0.99,0.99,0.99,0.99,0.99,0.99,0.99,0.99,0.99,0.99,0.99,0.99,0.99,0.99,0.99,0.99,0.99,0.99,0.99,0.99,0.99,0.99,0.99,0.99,0.99,0.99,0.99,0.99,0.99,0.99,0.99,0.99,0.99,0.99,0.99,0.99,0.99,0.99,0.99,0.99,0.99,0.99,0.99,0.9833083,0.9861891,0.99,0.99,0.9725729,0.99,0.9741701,0.97201186,0.9739641,0.98342973,0.97881925,0.9847446,0.99,0.99,0.9886882,0.96504796,0.9854381,0.98207957,0.98378795,0.9893446,0.9623268,0.99,0.9514204,0.9630158,0.99,0.98256475,0.9779491,0.95872056,0.94512343,0.9782291,0.9688176,0.9769645,0.98888206,0.9248212,0.9695927,0.9860291,0.9852118,0.9777917,0.9495931,0.9899689,0.96835095,0.9295967,0.987623,0.9837845,0.9376035,0.9857476,0.9294745,0.94637346,0.9721418,0.99,0.97297496,0.8756546,0.882879,0.96924806,0.95760155,0.96068954,0.971016,0.9629232,0.9784427,0.86560214,0.9483023,0.9661151,0.9101,0.9532817,0.9713858,0.9873357,0.9867531,0.9777051,0.9636354,0.89136106,0.9123171,0.9855282,0.9828403,0.9640891,0.9809964,0.95564246,0.89222246"
