type,key,value
metadata,batch_idx,8
metadata,timestamp,2025-02-20T11:59:22.784335
metadata,original_path,data/MNIST/train/0/10069.png
metadata,relative_path,0/10069.png
metadata,epoch,55
metadata,batch,54
latent_values,values,"0.99,0.99,0.99,0.99,0.99,0.99,0.99,0.99,0.99,0.99,0.99,0.99,0.99,0.99,0.99,0.99,0.99,0.99,0.99,0.99,0.99,0.99,0.99,0.99,0.99,0.99,0.99,0.99,0.99,0.99,0.99,0.99,0.99,0.99,0.99,0.99,0.99,0.99,0.99,0.99,0.99,0.99,0.99,0.99,0.99,0.99,0.99,0.99,0.99,0.99,0.99,0.9840378,0.99,0.99,0.9897863,0.97211313,0.9897229,0.98376596,0.9671703,0.97441036,0.98503244,0.978962,0.9887132,0.99,0.98268294,0.98685646,0.97691447,0.97852284,0.9801703,0.9856224,0.99,0.9582789,0.99,0.95455563,0.96129614,0.99,0.98593336,0.9727659,0.95178854,0.93513846,0.9726068,0.9664166,0.9711033,0.9839097,0.92157626,0.9803356,0.98767704,0.9843467,0.9793381,0.9556714,0.99,0.9808933,0.9554423,0.97501814,0.9790815,0.9562054,0.9890846,0.91447765,0.95544,0.9790704,0.99,0.9553375,0.8953134,0.89786917,0.97224766,0.9693107,0.96188223,0.9548905,0.95830697,0.99,0.86940056,0.9348086,0.96789193,0.96038616,0.97102857,0.9805497,0.99,0.96791947,0.9829461,0.90402585,0.874861,0.89723766,0.9875343,0.9711547,0.9616682,0.97734654,0.9412981,0.88825303"
