type,key,value
metadata,batch_idx,9
metadata,timestamp,2025-02-20T11:59:22.784335
metadata,original_path,data/MNIST/train/0/10071.png
metadata,relative_path,0/10071.png
metadata,epoch,55
metadata,batch,54
latent_values,values,"0.99,0.99,0.99,0.99,0.99,0.99,0.99,0.99,0.99,0.99,0.99,0.99,0.99,0.99,0.99,0.99,0.99,0.99,0.99,0.99,0.99,0.99,0.99,0.99,0.99,0.99,0.99,0.99,0.99,0.99,0.99,0.99,0.99,0.99,0.99,0.99,0.99,0.99,0.99,0.99,0.99,0.99,0.99,0.99,0.99,0.99,0.99,0.99,0.98550284,0.99,0.9814259,0.99,0.97897744,0.99,0.99,0.9875357,0.9787043,0.9891841,0.9780885,0.99,0.96063185,0.99,0.9706747,0.95580906,0.94694316,0.9674061,0.9713715,0.96889794,0.9853829,0.9726829,0.98978806,0.94239163,0.9758827,0.9817542,0.98623765,0.97654265,0.99,0.99,0.97886324,0.93746483,0.9319628,0.99,0.99,0.9415345,0.99,0.9747241,0.9312364,0.97980756,0.9308046,0.971203,0.9853793,0.89404047,0.99,0.99,0.96228075,0.9356916,0.9735957,0.9769736,0.99,0.8549072,0.96966493,0.9730399,0.9723634,0.98516744,0.9595603,0.99,0.9398648,0.9038397,0.9857625,0.8592543,0.8913796,0.8794095,0.94813013,0.9855806,0.98298234,0.924276,0.98744535,0.99,0.99,0.99,0.88577616,0.8622768,0.99,0.88097984,0.77296156,0.80900776,0.9752529,0.97302693"
