type,key,value
metadata,batch_idx,11
metadata,timestamp,2025-02-20T11:59:22.784335
metadata,original_path,data/MNIST/train/0/10083.png
metadata,relative_path,0/10083.png
metadata,epoch,55
metadata,batch,54
latent_values,values,"0.99,0.99,0.99,0.99,0.99,0.99,0.99,0.99,0.99,0.99,0.99,0.99,0.99,0.99,0.99,0.99,0.99,0.99,0.99,0.99,0.99,0.99,0.99,0.99,0.99,0.99,0.99,0.99,0.99,0.99,0.99,0.99,0.99,0.99,0.99,0.99,0.99,0.99,0.99,0.99,0.99,0.99,0.99,0.99,0.99,0.99,0.99,0.99,0.9817332,0.99,0.99,0.99,0.99,0.9734508,0.99,0.99,0.9695016,0.99,0.9814125,0.99,0.97463244,0.9790593,0.9843179,0.9845804,0.99,0.95876694,0.9894398,0.99,0.99,0.99,0.99,0.9663546,0.98802906,0.99,0.92509544,0.94453263,0.9149069,0.99,0.98029715,0.99,0.95119685,0.97484154,0.99,0.9729078,0.89525265,0.97578335,0.91637635,0.99,0.8940058,0.88893926,0.99,0.9305719,0.99,0.94608295,0.98951215,0.931758,0.99,0.97986096,0.99,0.9730236,0.9056523,0.9609407,0.97720844,0.9723649,0.8312931,0.9024699,0.9649393,0.98831356,0.9843675,0.99,0.8779758,0.8988697,0.9846256,0.93453854,0.8904066,0.89066094,0.9270317,0.93287235,0.99,0.97285897,0.8473076,0.9528609,0.80357325,0.90358245,0.96560377,0.8950493,0.8616606,0.89899373"
