type,key,value
metadata,batch_idx,10
metadata,timestamp,2025-02-20T11:59:22.784335
metadata,original_path,data/MNIST/train/0/10080.png
metadata,relative_path,0/10080.png
metadata,epoch,55
metadata,batch,54
latent_values,values,"0.99,0.99,0.99,0.99,0.99,0.99,0.99,0.99,0.99,0.99,0.99,0.99,0.99,0.99,0.99,0.99,0.99,0.99,0.99,0.99,0.99,0.99,0.99,0.99,0.99,0.99,0.99,0.99,0.99,0.99,0.99,0.99,0.99,0.99,0.99,0.99,0.99,0.99,0.99,0.99,0.99,0.99,0.99,0.99,0.99,0.99,0.99,0.99,0.99,0.99,0.99,0.98072666,0.99,0.99,0.98124367,0.96525943,0.99,0.98798937,0.98822254,0.9625357,0.95077604,0.99,0.9664712,0.99,0.99,0.98953605,0.98754764,0.99,0.9821309,0.96350276,0.9418885,0.99,0.9673796,0.97908866,0.9862358,0.9800075,0.9863337,0.9766751,0.95668,0.9173832,0.9384841,0.97464645,0.93921244,0.99,0.9888984,0.9887484,0.99,0.99,0.9896628,0.973372,0.98618454,0.97875285,0.87453467,0.9808623,0.89021224,0.91388863,0.9602543,0.9495907,0.92084295,0.9811342,0.975278,0.92051756,0.8656739,0.99,0.99,0.92430127,0.9183635,0.9270519,0.94205284,0.99,0.87341523,0.95102525,0.89699906,0.99,0.810953,0.9130355,0.96762663,0.97331697,0.9397866,0.805543,0.9029035,0.99,0.99,0.8986279,0.9845211,0.91732794,0.9346288,0.96518433"
