type,key,value
metadata,batch_idx,12
metadata,timestamp,2025-02-20T11:59:22.784335
metadata,original_path,data/MNIST/train/0/10107.png
metadata,relative_path,0/10107.png
metadata,epoch,55
metadata,batch,54
latent_values,values,"0.99,0.99,0.99,0.99,0.99,0.99,0.99,0.99,0.99,0.99,0.99,0.99,0.99,0.99,0.99,0.99,0.99,0.99,0.99,0.99,0.99,0.99,0.99,0.99,0.99,0.99,0.99,0.99,0.99,0.99,0.99,0.99,0.99,0.99,0.99,0.99,0.99,0.99,0.99,0.99,0.99,0.99,0.99,0.99,0.99,0.99,0.99,0.99,0.99,0.99,0.972438,0.9899648,0.9883662,0.9899271,0.9829106,0.96619695,0.984251,0.96460605,0.97804075,0.9841196,0.99,0.99,0.99,0.99,0.99,0.9805453,0.9681189,0.99,0.9639748,0.9318909,0.9830706,0.99,0.9720017,0.9816308,0.9358441,0.96907026,0.9286116,0.98270565,0.97757757,0.9604259,0.9643611,0.97388625,0.9872357,0.9886229,0.96086144,0.96961486,0.9199677,0.8970074,0.9047886,0.8938579,0.9777757,0.98951924,0.99,0.87131405,0.8990311,0.88708997,0.99,0.8822123,0.99,0.8771483,0.956404,0.96582526,0.9768492,0.9409621,0.8629624,0.8539895,0.8926401,0.91031873,0.9633724,0.9767191,0.892833,0.8518161,0.8223876,0.8396151,0.9172057,0.97620517,0.84075075,0.980395,0.91638404,0.7856121,0.85657024,0.842234,0.97823536,0.9162435,0.7371343,0.93775153,0.93644994,0.8571626"
