type,key,value
metadata,batch_idx,13
metadata,timestamp,2025-02-20T11:59:22.784335
metadata,original_path,data/MNIST/train/0/10119.png
metadata,relative_path,0/10119.png
metadata,epoch,55
metadata,batch,54
latent_values,values,"0.99,0.99,0.99,0.99,0.99,0.99,0.99,0.99,0.99,0.99,0.99,0.99,0.99,0.99,0.99,0.99,0.99,0.99,0.99,0.99,0.99,0.99,0.99,0.99,0.99,0.99,0.99,0.99,0.99,0.99,0.99,0.99,0.99,0.99,0.99,0.99,0.99,0.99,0.99,0.99,0.99,0.99,0.99,0.99,0.99,0.99,0.99,0.99,0.9787395,0.99,0.99,0.96757394,0.9897758,0.99,0.99,0.97101253,0.99,0.99,0.98949355,0.9728786,0.99,0.99,0.99,0.9734701,0.94615895,0.99,0.93639606,0.99,0.95420456,0.9844513,0.9409507,0.99,0.94649714,0.9459459,0.9547267,0.97612214,0.99,0.898995,0.92282647,0.9728417,0.96164614,0.93662745,0.99,0.94169945,0.98099124,0.8746025,0.98318845,0.99,0.99,0.98416686,0.91973853,0.99,0.8939822,0.9130751,0.87701964,0.91355294,0.9481467,0.99,0.90601563,0.96215004,0.96841013,0.91448414,0.8796949,0.99,0.98175836,0.99,0.90706545,0.8613179,0.96090573,0.99,0.939453,0.9838303,0.94629085,0.93980217,0.88239694,0.89832795,0.8261722,0.98682636,0.8112988,0.99,0.9225629,0.99,0.8788685,0.9788858,0.97749096,0.8353976,0.8387499,0.9813435"
