type,key,value
metadata,batch_idx,15
metadata,timestamp,2025-02-20T11:59:22.784335
metadata,original_path,data/MNIST/train/0/10121.png
metadata,relative_path,0/10121.png
metadata,epoch,55
metadata,batch,54
latent_values,values,"0.99,0.99,0.99,0.99,0.99,0.99,0.99,0.99,0.99,0.99,0.99,0.99,0.99,0.99,0.99,0.99,0.99,0.99,0.99,0.99,0.99,0.99,0.99,0.99,0.99,0.99,0.99,0.99,0.99,0.99,0.99,0.99,0.99,0.99,0.99,0.99,0.99,0.99,0.99,0.99,0.99,0.99,0.99,0.99,0.99,0.99,0.99,0.99,0.9813438,0.99,0.99,0.99,0.97686833,0.9886254,0.99,0.99,0.98444,0.9798587,0.99,0.99,0.9899065,0.97479635,0.97585505,0.96364945,0.9675254,0.98301333,0.97058576,0.99,0.99,0.97612303,0.99,0.99,0.9422092,0.9403417,0.9804613,0.97871834,0.9328799,0.98550016,0.9898402,0.98906124,0.9430032,0.96959,0.96991277,0.96365505,0.99,0.96701247,0.9657812,0.9171624,0.92473775,0.9369697,0.93453836,0.9296601,0.97351664,0.9740635,0.9613526,0.90891683,0.99,0.98368275,0.9743274,0.99,0.9611657,0.9896637,0.97725797,0.99,0.8882839,0.93725455,0.99,0.9725776,0.8592725,0.91319656,0.8726714,0.8632546,0.97556996,0.846652,0.95640916,0.9531948,0.95545286,0.86897534,0.9055147,0.9489558,0.9778587,0.8710037,0.9757856,0.7794653,0.8996266,0.8940722,0.8793417,0.99"
