type,key,value
metadata,batch_idx,14
metadata,timestamp,2025-02-20T11:59:22.784335
metadata,original_path,data/MNIST/train/0/10120.png
metadata,relative_path,0/10120.png
metadata,epoch,55
metadata,batch,54
latent_values,values,"0.99,0.99,0.99,0.99,0.99,0.99,0.99,0.99,0.99,0.99,0.99,0.99,0.99,0.99,0.99,0.99,0.99,0.99,0.99,0.99,0.99,0.99,0.99,0.99,0.99,0.99,0.99,0.99,0.99,0.99,0.99,0.99,0.99,0.99,0.99,0.99,0.99,0.99,0.99,0.99,0.99,0.99,0.99,0.99,0.99,0.99,0.99,0.99,0.9770891,0.99,0.9888701,0.99,0.97739303,0.99,0.99,0.96463823,0.9620802,0.9826797,0.99,0.966947,0.96288794,0.99,0.9405134,0.99,0.9760506,0.97615814,0.98759246,0.9424086,0.9745996,0.98540753,0.99,0.99,0.954843,0.99,0.96603936,0.99,0.9515122,0.99,0.9423336,0.9658273,0.9777196,0.99,0.88878524,0.94460875,0.99,0.9810537,0.92748797,0.9284771,0.99,0.99,0.95241046,0.9019773,0.9510054,0.99,0.9134587,0.9864025,0.97691154,0.96690595,0.8833165,0.9007704,0.94060904,0.9306359,0.97475284,0.87745386,0.985902,0.97824526,0.91373515,0.9478658,0.92707205,0.8747095,0.908572,0.85165286,0.99,0.87678444,0.9876259,0.7825877,0.98376966,0.84215546,0.99,0.9762686,0.9699907,0.97431445,0.99,0.8312664,0.90680975,0.94367224,0.89536726,0.9845866"
