type,key,value
metadata,batch_idx,16
metadata,timestamp,2025-02-20T11:59:22.784335
metadata,original_path,data/MNIST/train/0/10128.png
metadata,relative_path,0/10128.png
metadata,epoch,55
metadata,batch,54
latent_values,values,"0.99,0.99,0.99,0.99,0.99,0.99,0.99,0.99,0.99,0.99,0.99,0.99,0.99,0.99,0.99,0.99,0.99,0.99,0.99,0.99,0.99,0.99,0.99,0.99,0.99,0.99,0.99,0.99,0.99,0.99,0.99,0.99,0.99,0.99,0.99,0.99,0.99,0.99,0.99,0.99,0.99,0.99,0.99,0.99,0.99,0.99,0.99,0.99,0.99,0.99,0.99,0.9834744,0.97948426,0.9739712,0.9874062,0.9825027,0.9723771,0.99,0.9830183,0.97068924,0.979468,0.99,0.95176905,0.9847498,0.99,0.9579979,0.96553546,0.98454916,0.9731648,0.95660204,0.9472325,0.97355896,0.9720994,0.9898638,0.98441184,0.97054744,0.9297522,0.99,0.99,0.99,0.96798706,0.9791928,0.92525846,0.99,0.96015006,0.96660906,0.983947,0.9274825,0.9436653,0.8956377,0.99,0.8896261,0.94425493,0.8871898,0.9511147,0.98296076,0.8862691,0.9164603,0.8456347,0.85673916,0.89247143,0.97059244,0.99,0.93395036,0.84019864,0.94455594,0.86730903,0.99,0.85186934,0.8966283,0.9873381,0.8528786,0.8335364,0.8887771,0.98815674,0.8548398,0.88414884,0.8544268,0.9738661,0.96683085,0.9880986,0.83685803,0.8745063,0.8890866,0.9365209,0.95979196,0.8723807,0.750267"
