type,key,value
metadata,batch_idx,17
metadata,timestamp,2025-02-20T11:59:22.784335
metadata,original_path,data/MNIST/train/0/10140.png
metadata,relative_path,0/10140.png
metadata,epoch,55
metadata,batch,54
latent_values,values,"0.99,0.99,0.99,0.99,0.99,0.99,0.99,0.99,0.99,0.99,0.99,0.99,0.99,0.99,0.99,0.99,0.99,0.99,0.99,0.99,0.99,0.99,0.99,0.99,0.99,0.99,0.99,0.99,0.99,0.99,0.99,0.99,0.99,0.99,0.99,0.99,0.99,0.99,0.99,0.99,0.99,0.99,0.99,0.99,0.99,0.99,0.99,0.99,0.99,0.99,0.99,0.96512944,0.99,0.99,0.98879147,0.9734003,0.9758203,0.99,0.99,0.9636327,0.9766802,0.9678828,0.95536417,0.9811576,0.95181555,0.9625578,0.9601029,0.96911085,0.932973,0.9788097,0.95473295,0.9898808,0.96576613,0.9527344,0.9385642,0.985074,0.98694795,0.94145894,0.9612389,0.9678537,0.99,0.9654478,0.9812746,0.9783514,0.98575646,0.9021627,0.97106045,0.99,0.986361,0.96643627,0.93073046,0.97744393,0.9700796,0.90348166,0.9317795,0.915638,0.99,0.9263265,0.97050166,0.97207874,0.9609972,0.99,0.88264096,0.97186524,0.97515255,0.9661088,0.8887788,0.94325924,0.9851319,0.9368764,0.89657664,0.97952324,0.92627,0.99,0.85459304,0.99,0.85094374,0.83827585,0.8560109,0.99,0.89471066,0.99,0.93348753,0.9384389,0.9588186,0.8919417,0.94970936,0.98444325"
