type,key,value
metadata,batch_idx,18
metadata,timestamp,2025-02-20T11:59:22.784335
metadata,original_path,data/MNIST/train/0/1015.png
metadata,relative_path,0/1015.png
metadata,epoch,55
metadata,batch,54
latent_values,values,"0.99,0.99,0.99,0.99,0.99,0.99,0.99,0.99,0.99,0.99,0.99,0.99,0.99,0.99,0.99,0.99,0.99,0.99,0.99,0.99,0.99,0.99,0.99,0.99,0.99,0.99,0.99,0.99,0.99,0.99,0.99,0.99,0.99,0.99,0.99,0.99,0.99,0.99,0.99,0.99,0.99,0.99,0.99,0.99,0.99,0.99,0.99,0.99,0.9774993,0.99,0.98957527,0.99,0.9899683,0.9801119,0.98998016,0.99,0.99,0.99,0.98319864,0.99,0.98172545,0.99,0.9896305,0.99,0.9450731,0.97974217,0.96714824,0.9851328,0.95629287,0.9656902,0.9468246,0.98602265,0.93005913,0.99,0.9441292,0.99,0.941933,0.98695016,0.9688843,0.97051275,0.98449,0.9685154,0.9819083,0.99,0.9682492,0.92927337,0.9391708,0.98956245,0.93677205,0.95179164,0.99,0.9106717,0.93096143,0.8921418,0.94396096,0.97642684,0.9042023,0.99,0.9140596,0.87687594,0.9250685,0.9036098,0.88771206,0.90427256,0.9802738,0.9117893,0.93209714,0.95573413,0.97046274,0.84046596,0.99,0.99,0.86616224,0.8477796,0.99,0.8044668,0.89339995,0.852765,0.93802613,0.9495295,0.8526292,0.8831757,0.93075997,0.9848754,0.9061531,0.9895118,0.95694804,0.99"
