type,key,value
metadata,batch_idx,20
metadata,timestamp,2025-02-20T11:59:22.784335
metadata,original_path,data/MNIST/train/0/10168.png
metadata,relative_path,0/10168.png
metadata,epoch,55
metadata,batch,54
latent_values,values,"0.99,0.99,0.99,0.99,0.99,0.99,0.99,0.99,0.99,0.99,0.99,0.99,0.99,0.99,0.99,0.99,0.99,0.99,0.99,0.99,0.99,0.99,0.99,0.99,0.99,0.99,0.99,0.99,0.99,0.99,0.99,0.99,0.99,0.99,0.99,0.99,0.99,0.99,0.99,0.99,0.99,0.99,0.99,0.99,0.99,0.99,0.99,0.99,0.99,0.99,0.99,0.9892682,0.9853607,0.9897264,0.9798866,0.987976,0.9793368,0.97212005,0.9795931,0.9736682,0.9824344,0.9882608,0.9610425,0.9789731,0.95615774,0.96075535,0.99,0.97737867,0.98235244,0.9660087,0.98112684,0.9548617,0.97242534,0.99,0.9356184,0.9346653,0.97736925,0.9367122,0.9746883,0.99,0.982528,0.94607896,0.9833621,0.9297639,0.99,0.9817938,0.90099585,0.9875524,0.9437203,0.98854303,0.9106457,0.95223373,0.96103954,0.986632,0.99,0.97748345,0.9686344,0.95733434,0.9452326,0.89872557,0.93515825,0.99,0.97599983,0.96035165,0.98349696,0.8914448,0.9778703,0.9729189,0.9592938,0.8830177,0.99,0.9617476,0.8606109,0.98565185,0.9204641,0.9764336,0.91823494,0.8706263,0.8956768,0.94674253,0.9386366,0.99,0.9738726,0.96718943,0.9586678,0.8730429,0.99,0.8954716"
