type,key,value
metadata,batch_idx,19
metadata,timestamp,2025-02-20T11:59:22.784335
metadata,original_path,data/MNIST/train/0/10167.png
metadata,relative_path,0/10167.png
metadata,epoch,55
metadata,batch,54
latent_values,values,"0.99,0.99,0.99,0.99,0.99,0.99,0.99,0.99,0.99,0.99,0.99,0.99,0.99,0.99,0.99,0.99,0.99,0.99,0.99,0.99,0.99,0.99,0.99,0.99,0.99,0.99,0.99,0.99,0.99,0.99,0.99,0.99,0.99,0.99,0.99,0.99,0.99,0.99,0.99,0.99,0.99,0.99,0.99,0.99,0.99,0.99,0.99,0.99,0.99,0.99,0.99,0.9863584,0.9890988,0.99,0.97611666,0.9855428,0.9865908,0.96197987,0.9584522,0.97887105,0.99,0.98482955,0.9809772,0.99,0.99,0.95854867,0.96075445,0.96935153,0.9788904,0.9782564,0.9774553,0.96540624,0.99,0.99,0.94473535,0.99,0.986414,0.946471,0.9770586,0.9555927,0.92239654,0.9096453,0.98348576,0.95971423,0.9485598,0.97839946,0.92290413,0.9838404,0.9479947,0.9753415,0.9345011,0.99,0.9365749,0.9842046,0.985087,0.9887875,0.9811604,0.9776081,0.93605673,0.9380068,0.9871926,0.9695288,0.94049406,0.88628376,0.9739661,0.8771072,0.9839518,0.97705716,0.95762205,0.9648385,0.9829736,0.97771597,0.98110384,0.96365297,0.9682476,0.9718267,0.9215352,0.93255603,0.95872104,0.9709175,0.9293349,0.9849171,0.9725325,0.95851314,0.9668496,0.99,0.95273083,0.87064075"
