type,key,value
metadata,batch_idx,21
metadata,timestamp,2025-02-20T11:59:22.784335
metadata,original_path,data/MNIST/train/0/10176.png
metadata,relative_path,0/10176.png
metadata,epoch,55
metadata,batch,54
latent_values,values,"0.99,0.99,0.99,0.99,0.99,0.99,0.99,0.99,0.99,0.99,0.99,0.99,0.99,0.99,0.99,0.99,0.99,0.99,0.99,0.99,0.99,0.99,0.99,0.99,0.99,0.99,0.99,0.99,0.99,0.99,0.99,0.99,0.99,0.99,0.99,0.99,0.99,0.99,0.99,0.99,0.99,0.99,0.99,0.99,0.99,0.99,0.99,0.99,0.99,0.99,0.99,0.99,0.98940694,0.99,0.99,0.99,0.99,0.9628098,0.99,0.99,0.9866984,0.9833808,0.9812628,0.9667145,0.98283654,0.98466253,0.97157514,0.9747725,0.99,0.99,0.99,0.99,0.97497475,0.99,0.9719278,0.9517119,0.9884361,0.955311,0.9823634,0.9639698,0.944715,0.95922434,0.964047,0.95997745,0.95962876,0.951622,0.92392343,0.9357712,0.9249714,0.9847444,0.9250096,0.9169269,0.94548106,0.98616314,0.9806633,0.99,0.9583918,0.99,0.97929066,0.9739619,0.9265634,0.9759528,0.9812494,0.9844457,0.95556915,0.86373717,0.99,0.9890376,0.85982335,0.9606161,0.99,0.9460723,0.9784642,0.83171654,0.92054135,0.935466,0.96111363,0.88580835,0.9622221,0.9464235,0.99,0.9284695,0.83810544,0.8035668,0.9044399,0.8883496,0.95278084,0.9350456"
