type,key,value
metadata,batch_idx,23
metadata,timestamp,2025-02-20T11:59:22.784335
metadata,original_path,data/MNIST/train/0/10188.png
metadata,relative_path,0/10188.png
metadata,epoch,55
metadata,batch,54
latent_values,values,"0.99,0.99,0.99,0.99,0.99,0.99,0.99,0.99,0.99,0.99,0.99,0.99,0.99,0.99,0.99,0.99,0.99,0.99,0.99,0.99,0.99,0.99,0.99,0.99,0.99,0.99,0.99,0.99,0.99,0.99,0.99,0.99,0.99,0.99,0.99,0.99,0.99,0.99,0.99,0.99,0.99,0.99,0.99,0.99,0.99,0.99,0.99,0.99,0.99,0.99,0.9889355,0.9807025,0.98987603,0.99,0.99,0.9694169,0.99,0.99,0.96866626,0.99,0.9714687,0.99,0.99,0.979034,0.97521853,0.98722345,0.99,0.97926927,0.9887726,0.97036403,0.99,0.9555852,0.96398634,0.9670858,0.99,0.9624051,0.9818837,0.96196574,0.94349813,0.9210841,0.9712482,0.99,0.99,0.9827505,0.97343403,0.9879153,0.99,0.941935,0.9681216,0.99,0.970462,0.99,0.99,0.96801186,0.9719859,0.90585643,0.9636273,0.99,0.96372765,0.9741147,0.9463071,0.9731454,0.9760267,0.99,0.98598796,0.9879054,0.8499805,0.93763745,0.99,0.88690287,0.8968524,0.82346225,0.980658,0.97604245,0.85412854,0.8849264,0.99,0.99,0.9376623,0.74802256,0.8510433,0.94999695,0.96872866,0.91908056,0.79945433,0.947151,0.8911826,0.9588528"
