type,key,value
metadata,batch_idx,22
metadata,timestamp,2025-02-20T11:59:22.784335
metadata,original_path,data/MNIST/train/0/1018.png
metadata,relative_path,0/1018.png
metadata,epoch,55
metadata,batch,54
latent_values,values,"0.99,0.99,0.99,0.99,0.99,0.99,0.99,0.99,0.99,0.99,0.99,0.99,0.99,0.99,0.99,0.99,0.99,0.99,0.99,0.99,0.99,0.99,0.99,0.99,0.99,0.99,0.99,0.99,0.99,0.99,0.99,0.99,0.99,0.99,0.99,0.99,0.99,0.99,0.99,0.99,0.99,0.99,0.99,0.99,0.99,0.99,0.99,0.99,0.99,0.99,0.99,0.98634034,0.99,0.99,0.99,0.9726797,0.9861498,0.983535,0.977749,0.9725117,0.97567123,0.97933406,0.980759,0.99,0.98361564,0.99,0.9748916,0.9800486,0.9839923,0.9840956,0.9869602,0.96312785,0.99,0.94781667,0.9591483,0.9831095,0.98645425,0.9799244,0.9491022,0.97499055,0.9822132,0.9870552,0.9743933,0.99,0.9339262,0.97824854,0.98386395,0.9741168,0.9812568,0.9491191,0.99,0.9697814,0.9263802,0.96874607,0.9839816,0.96461976,0.9749775,0.93095094,0.95507604,0.98645633,0.99,0.9704727,0.9064743,0.93408954,0.9625608,0.9509138,0.95412177,0.9697105,0.9645103,0.99,0.87343806,0.9584305,0.974192,0.9146201,0.98228604,0.97872144,0.9709741,0.92205536,0.9821066,0.9708767,0.883603,0.85256773,0.97625965,0.975165,0.95779043,0.9441122,0.95313346,0.87551665"
