type,key,value
metadata,batch_idx,24
metadata,timestamp,2025-02-20T11:59:22.784335
metadata,original_path,data/MNIST/train/0/10195.png
metadata,relative_path,0/10195.png
metadata,epoch,55
metadata,batch,54
latent_values,values,"0.99,0.99,0.99,0.99,0.99,0.99,0.99,0.99,0.99,0.99,0.99,0.99,0.99,0.99,0.99,0.99,0.99,0.99,0.99,0.99,0.99,0.99,0.99,0.99,0.99,0.99,0.99,0.99,0.99,0.99,0.99,0.99,0.99,0.99,0.99,0.99,0.99,0.99,0.99,0.99,0.99,0.99,0.99,0.99,0.99,0.99,0.99,0.99,0.99,0.99,0.99,0.98039323,0.97300893,0.9858706,0.9739798,0.972259,0.9656521,0.99,0.99,0.96119606,0.99,0.99,0.99,0.96782607,0.99,0.99,0.9626261,0.95702046,0.95414615,0.99,0.92973834,0.95343506,0.99,0.99,0.96625894,0.95654935,0.92598754,0.9729546,0.9383538,0.9460973,0.9785719,0.97568166,0.9010726,0.97236204,0.9523909,0.9192281,0.99,0.98320764,0.99,0.9738364,0.98573637,0.9677671,0.93467754,0.93471503,0.94162565,0.97065765,0.9056038,0.9298835,0.8682142,0.96600085,0.8277448,0.9089501,0.9845699,0.96529377,0.8201445,0.98554873,0.99,0.9363756,0.80508655,0.82050705,0.95545155,0.99,0.8089251,0.90357953,0.94727254,0.9379168,0.9351604,0.9484299,0.92737395,0.85846484,0.96855,0.99,0.79377425,0.9698471,0.99,0.99,0.8560452,0.8562412"
