type,key,value
metadata,batch_idx,25
metadata,timestamp,2025-02-20T11:59:22.784335
metadata,original_path,data/MNIST/train/0/10203.png
metadata,relative_path,0/10203.png
metadata,epoch,55
metadata,batch,54
latent_values,values,"0.99,0.99,0.99,0.99,0.99,0.99,0.99,0.99,0.99,0.99,0.99,0.99,0.99,0.99,0.99,0.99,0.99,0.99,0.99,0.99,0.99,0.99,0.99,0.99,0.99,0.99,0.99,0.99,0.99,0.99,0.99,0.99,0.99,0.99,0.99,0.99,0.99,0.99,0.99,0.99,0.99,0.99,0.99,0.99,0.99,0.99,0.99,0.99,0.99,0.99,0.99,0.9875602,0.95600957,0.9842831,0.97364926,0.99,0.9889218,0.9560616,0.9642564,0.97868407,0.99,0.99,0.99,0.99,0.9866935,0.9658927,0.99,0.98359466,0.9771865,0.936257,0.9618028,0.95317626,0.9790573,0.9400693,0.9563711,0.9640178,0.9525033,0.9862623,0.9819101,0.99,0.9871612,0.99,0.95735633,0.89903224,0.97781247,0.88603747,0.99,0.99,0.89154536,0.9526182,0.8948778,0.99,0.8939627,0.94552845,0.91951203,0.9094064,0.99,0.99,0.99,0.9897773,0.9431964,0.98431695,0.884536,0.99,0.86253655,0.8729555,0.8401506,0.88053817,0.8446084,0.9570993,0.99,0.946262,0.91182953,0.9651975,0.8548091,0.9747808,0.8612597,0.9871711,0.99,0.9816047,0.99,0.93212986,0.8737834,0.8527143,0.9775353,0.99,0.99,0.8230698"
