type,key,value
metadata,batch_idx,26
metadata,timestamp,2025-02-20T11:59:22.784335
metadata,original_path,data/MNIST/train/0/10204.png
metadata,relative_path,0/10204.png
metadata,epoch,55
metadata,batch,54
latent_values,values,"0.99,0.99,0.99,0.99,0.99,0.99,0.99,0.99,0.99,0.99,0.99,0.99,0.99,0.99,0.99,0.99,0.99,0.99,0.99,0.99,0.99,0.99,0.99,0.99,0.99,0.99,0.99,0.99,0.99,0.99,0.99,0.99,0.99,0.99,0.99,0.99,0.99,0.99,0.99,0.99,0.99,0.99,0.99,0.99,0.99,0.99,0.99,0.99,0.99,0.99,0.99,0.99,0.99,0.99,0.99,0.99,0.96992004,0.99,0.99,0.99,0.9742964,0.97709036,0.98158354,0.9461911,0.96699244,0.9769117,0.9894361,0.9805841,0.986988,0.98572224,0.9441776,0.99,0.98740995,0.9443326,0.9551763,0.9582865,0.98958534,0.98564035,0.99,0.97836995,0.9481547,0.9564455,0.9753422,0.9624753,0.98308474,0.9216255,0.97054356,0.90908265,0.98065114,0.98313916,0.94397956,0.9443286,0.94724834,0.941211,0.97855264,0.9756042,0.88115066,0.9809147,0.97220266,0.97806764,0.98136604,0.99,0.98120296,0.90989906,0.9645969,0.9467582,0.9890796,0.99,0.98677385,0.9601255,0.93676424,0.92115146,0.96741986,0.89067173,0.99,0.98330384,0.8642575,0.99,0.94695866,0.99,0.98172677,0.9106754,0.9253499,0.95019853,0.94521105,0.98772925,0.86694205,0.9758394"
