type,key,value
metadata,batch_idx,27
metadata,timestamp,2025-02-20T11:59:22.784335
metadata,original_path,data/MNIST/train/0/10221.png
metadata,relative_path,0/10221.png
metadata,epoch,55
metadata,batch,54
latent_values,values,"0.99,0.99,0.99,0.99,0.99,0.99,0.99,0.99,0.99,0.99,0.99,0.99,0.99,0.99,0.99,0.99,0.99,0.99,0.99,0.99,0.99,0.99,0.99,0.99,0.99,0.99,0.99,0.99,0.99,0.99,0.99,0.99,0.99,0.99,0.99,0.99,0.99,0.99,0.99,0.99,0.99,0.99,0.99,0.99,0.99,0.99,0.99,0.99,0.99,0.99,0.9745503,0.99,0.99,0.9857456,0.9848838,0.9685633,0.9895564,0.99,0.9732572,0.9863467,0.98322135,0.99,0.99,0.9847373,0.97581536,0.9446834,0.99,0.97938484,0.95450145,0.9270077,0.947202,0.9792803,0.9756684,0.95974696,0.96303004,0.91383725,0.9331444,0.95761746,0.98643017,0.98818135,0.97136855,0.9676396,0.9100991,0.95015365,0.89980835,0.99,0.91462296,0.9400342,0.9202758,0.8971216,0.99,0.9819753,0.9406983,0.96751624,0.90756613,0.8938427,0.90759283,0.87873346,0.99,0.89689356,0.9768194,0.9301648,0.9872456,0.9248108,0.92099094,0.9493301,0.8951164,0.97344756,0.8407471,0.9528167,0.8344485,0.878927,0.8562264,0.8259198,0.895248,0.9883262,0.8546247,0.97269094,0.8645438,0.9773729,0.99,0.88466847,0.935235,0.9562427,0.75377756,0.86715245,0.81999856,0.9170072"
