type,key,value
metadata,batch_idx,29
metadata,timestamp,2025-02-20T11:59:22.784335
metadata,original_path,data/MNIST/train/0/10237.png
metadata,relative_path,0/10237.png
metadata,epoch,55
metadata,batch,54
latent_values,values,"0.99,0.99,0.99,0.99,0.99,0.99,0.99,0.99,0.99,0.99,0.99,0.99,0.99,0.99,0.99,0.99,0.99,0.99,0.99,0.99,0.99,0.99,0.99,0.99,0.99,0.99,0.99,0.99,0.99,0.99,0.99,0.99,0.99,0.99,0.99,0.99,0.99,0.99,0.99,0.99,0.99,0.99,0.99,0.99,0.99,0.99,0.99,0.99,0.99,0.99,0.9893341,0.981096,0.9866237,0.9758841,0.9829174,0.99,0.968796,0.98438495,0.99,0.9884647,0.9689259,0.99,0.98918843,0.9601092,0.9894567,0.94723254,0.9742793,0.95963585,0.9820157,0.97236514,0.93894976,0.9470188,0.98128396,0.9883581,0.9897408,0.940609,0.9501823,0.98491,0.96737045,0.95966434,0.9832833,0.99,0.90388006,0.9322966,0.8960975,0.9551837,0.99,0.91550916,0.99,0.8703373,0.92709285,0.99,0.90306777,0.99,0.9447519,0.99,0.8688777,0.90151757,0.9557865,0.99,0.8968298,0.880445,0.9669299,0.9889385,0.914593,0.97595596,0.8231851,0.9326803,0.8795721,0.91421103,0.99,0.99,0.85039747,0.8797905,0.813785,0.98227525,0.9418407,0.99,0.90346843,0.98922116,0.97901845,0.9688254,0.99,0.9548606,0.87239933,0.94905317,0.8071883,0.7878582"
