type,key,value
metadata,batch_idx,28
metadata,timestamp,2025-02-20T11:59:22.784335
metadata,original_path,data/MNIST/train/0/10230.png
metadata,relative_path,0/10230.png
metadata,epoch,55
metadata,batch,54
latent_values,values,"0.99,0.99,0.99,0.99,0.99,0.99,0.99,0.99,0.99,0.99,0.99,0.99,0.99,0.99,0.99,0.99,0.99,0.99,0.99,0.99,0.99,0.99,0.99,0.99,0.99,0.99,0.99,0.99,0.99,0.99,0.99,0.99,0.99,0.99,0.99,0.99,0.99,0.99,0.99,0.99,0.99,0.99,0.99,0.99,0.99,0.99,0.99,0.99,0.99,0.99,0.99,0.98262626,0.99,0.99,0.99,0.9715378,0.9862016,0.99,0.9698724,0.97683895,0.98539424,0.9792461,0.99,0.99,0.9735274,0.9868982,0.98615813,0.9769685,0.98282665,0.98027956,0.99,0.96806127,0.99,0.94865686,0.96967804,0.9773012,0.98100376,0.9596292,0.9286832,0.96763957,0.99,0.99,0.96968275,0.99,0.9284975,0.9849036,0.9882137,0.98430365,0.9756249,0.9622424,0.98445046,0.9847058,0.9470267,0.95327413,0.9752425,0.9199177,0.99,0.91937494,0.9504208,0.9831903,0.99,0.9664913,0.9237526,0.9109086,0.97144765,0.9883085,0.95283985,0.9620557,0.96081656,0.9806171,0.8735922,0.92372054,0.97080773,0.95039237,0.96940976,0.97614425,0.99,0.9663793,0.90748745,0.8694496,0.8712483,0.9000298,0.98739994,0.9758271,0.9556791,0.93892336,0.950504,0.89241105"
