type,key,value
metadata,batch_idx,31
metadata,timestamp,2025-02-20T11:59:22.784335
metadata,original_path,data/MNIST/train/0/10242.png
metadata,relative_path,0/10242.png
metadata,epoch,55
metadata,batch,54
latent_values,values,"0.99,0.99,0.99,0.99,0.99,0.99,0.99,0.99,0.99,0.99,0.99,0.99,0.99,0.99,0.99,0.99,0.99,0.99,0.99,0.99,0.99,0.99,0.99,0.99,0.99,0.99,0.99,0.99,0.99,0.99,0.99,0.99,0.99,0.99,0.99,0.99,0.99,0.99,0.99,0.99,0.99,0.99,0.99,0.99,0.99,0.99,0.99,0.99,0.99,0.99,0.99,0.99,0.99,0.99,0.99,0.97241086,0.9780552,0.99,0.98828006,0.97655505,0.9811177,0.97151357,0.9840858,0.99,0.98473036,0.99,0.97514975,0.9844673,0.9884889,0.9808163,0.99,0.97665423,0.99,0.9503655,0.9592843,0.9742466,0.9896317,0.9820566,0.96226233,0.989194,0.98557866,0.99,0.9645024,0.99,0.93174976,0.9785179,0.9784946,0.972772,0.99,0.95869225,0.987714,0.9591449,0.9218011,0.8980103,0.96826196,0.9657351,0.97837424,0.9246295,0.99,0.98633647,0.9687478,0.9397489,0.96625066,0.9486796,0.96241266,0.96366614,0.985391,0.96275496,0.96523905,0.99,0.8821672,0.9703242,0.9850717,0.8971712,0.92498386,0.9235788,0.9801211,0.8744575,0.97837424,0.9514422,0.8511073,0.88293535,0.8679335,0.9878169,0.9603837,0.8145755,0.98479015,0.8764113"
