type,key,value
metadata,batch_idx,30
metadata,timestamp,2025-02-20T11:59:22.784335
metadata,original_path,data/MNIST/train/0/10240.png
metadata,relative_path,0/10240.png
metadata,epoch,55
metadata,batch,54
latent_values,values,"0.99,0.99,0.99,0.99,0.99,0.99,0.99,0.99,0.99,0.99,0.99,0.99,0.99,0.99,0.99,0.99,0.99,0.99,0.99,0.99,0.99,0.99,0.99,0.99,0.99,0.99,0.99,0.99,0.99,0.99,0.99,0.99,0.99,0.99,0.99,0.99,0.99,0.99,0.99,0.99,0.99,0.99,0.99,0.99,0.99,0.99,0.99,0.99,0.99,0.99,0.98996246,0.98835653,0.9876579,0.99,0.99,0.99,0.9788914,0.9689776,0.99,0.99,0.9695194,0.9826821,0.95437074,0.9612918,0.9893908,0.9893039,0.98175716,0.98012584,0.99,0.99,0.9556355,0.99,0.9822186,0.9531954,0.9859541,0.9783123,0.9410194,0.9625295,0.9122423,0.99,0.99,0.9544846,0.941378,0.9765331,0.98831475,0.96393454,0.9782086,0.90567076,0.99,0.94200075,0.9256377,0.946812,0.9291555,0.98234206,0.9823703,0.97608453,0.89316475,0.9530248,0.962588,0.9621333,0.99,0.97627336,0.93694055,0.8689375,0.9694612,0.98695123,0.99,0.9759244,0.99,0.9665437,0.9496808,0.92408967,0.9573629,0.8858781,0.98667437,0.9759766,0.8827804,0.99,0.9028052,0.9116199,0.99,0.9365176,0.950874,0.9555216,0.9099251,0.99,0.79562634,0.99"
