type,key,value
latent_values,values,"0.99,0.99,0.99,0.99,0.99,0.99,0.99,0.99,0.99,0.99,0.99,0.99,0.99,0.99,0.99,0.99,0.99,0.99,0.99,0.99,0.99,0.99,0.99,0.99,0.99,0.99,0.99,0.99,0.99,0.99,0.99,0.99,0.99,0.99,0.99,0.99,0.99,0.99,0.99,0.99,0.99,0.99,0.99,0.99,0.99,0.99,0.99,0.99,0.99,0.9892421,0.9880595,0.99,0.99,0.9627708,0.9865596,0.98068285,0.9733363,0.99,0.97613025,0.99,0.99,0.97669727,0.9860319,0.9786888,0.9885202,0.9673811,0.99,0.9313248,0.9426442,0.9588183,0.9810235,0.9781453,0.99,0.9796501,0.98600006,0.9747141,0.99,0.94067967,0.9834293,0.9766744,0.99,0.984881,0.9778281,0.97428733,0.9632905,0.98536986,0.97086906,0.99,0.9319556,0.9092971,0.9853678,0.9602731,0.99,0.986414,0.99,0.9294692,0.9127928,0.988477,0.9849494,0.9454068,0.96215147,0.8465885,0.99,0.99,0.9503722,0.96852875,0.9168894,0.99,0.99,0.96507555,0.99,0.86711586,0.9766652,0.90505177,0.8678902,0.84490967,0.8513075,0.8265931,0.919864,0.99,0.9806236,0.8777364,0.84804827,0.98472905,0.92556477,0.91825104,0.9664738,0.88509566"
