type,key,value
latent_values,values,"0.99,0.99,0.99,0.99,0.99,0.99,0.99,0.99,0.99,0.99,0.99,0.99,0.99,0.99,0.99,0.99,0.99,0.99,0.99,0.99,0.99,0.99,0.99,0.99,0.99,0.99,0.99,0.99,0.99,0.99,0.99,0.99,0.99,0.99,0.99,0.99,0.99,0.99,0.99,0.99,0.99,0.99,0.99,0.99,0.99,0.99,0.99,0.99,0.98562306,0.9886431,0.9860173,0.9748354,0.98839563,0.99,0.9862697,0.97482014,0.9764916,0.99,0.99,0.99,0.99,0.9717356,0.9899045,0.9708742,0.98844725,0.98044074,0.99,0.9331293,0.93131536,0.9862139,0.97155505,0.9865661,0.98531866,0.99,0.9866942,0.95732236,0.93829614,0.99,0.99,0.9700597,0.97692394,0.9465375,0.9518875,0.98508984,0.94095206,0.95787984,0.9496354,0.982478,0.9753626,0.9866548,0.9245348,0.93168277,0.98292476,0.9887856,0.95367056,0.94217026,0.887036,0.9524471,0.9677441,0.98227566,0.9869339,0.99,0.99,0.9884228,0.9541264,0.9719147,0.96495897,0.945963,0.82829684,0.9670204,0.9070794,0.94654274,0.8943111,0.8269833,0.9551235,0.80935186,0.9826005,0.91937935,0.9577076,0.99,0.93278855,0.9733194,0.91570663,0.9283687,0.9217461,0.9064167,0.97393656,0.96774006"
