type,key,value
latent_values,values,"0.99,0.99,0.99,0.99,0.99,0.99,0.99,0.99,0.99,0.99,0.99,0.99,0.99,0.99,0.99,0.99,0.99,0.99,0.99,0.99,0.99,0.99,0.99,0.99,0.99,0.99,0.99,0.99,0.99,0.99,0.99,0.99,0.99,0.99,0.99,0.99,0.99,0.99,0.99,0.99,0.99,0.99,0.99,0.99,0.99,0.99,0.99,0.99,0.99,0.99,0.9894776,0.99,0.99,0.99,0.98432404,0.99,0.99,0.98399603,0.9837554,0.96958166,0.9873352,0.99,0.9790912,0.9631078,0.9649245,0.9442952,0.98350424,0.9429646,0.99,0.972753,0.93318933,0.96193457,0.9853457,0.94659907,0.9897558,0.99,0.99,0.9486102,0.98024666,0.94773674,0.99,0.9491589,0.96918374,0.9834513,0.97412217,0.8691387,0.93287003,0.9594711,0.95340544,0.8868642,0.9751566,0.8807049,0.9043327,0.99,0.9678184,0.8685199,0.89633965,0.9574993,0.95978063,0.87938017,0.87252194,0.90974545,0.9325078,0.978713,0.9753427,0.9624721,0.94089836,0.97415346,0.9437367,0.87191135,0.8642397,0.9071361,0.9344349,0.95362556,0.82347524,0.9475658,0.97026217,0.9520205,0.99,0.99,0.897456,0.9753124,0.99,0.8252511,0.7586329,0.8536511,0.9027799,0.9211487"
