type,key,value
latent_values,values,"0.99,0.99,0.99,0.99,0.99,0.99,0.99,0.99,0.99,0.99,0.99,0.99,0.99,0.99,0.99,0.99,0.99,0.99,0.99,0.99,0.99,0.99,0.99,0.99,0.99,0.99,0.99,0.99,0.99,0.99,0.99,0.99,0.99,0.99,0.99,0.99,0.99,0.99,0.99,0.99,0.99,0.99,0.99,0.99,0.99,0.99,0.99,0.99,0.99,0.98579156,0.99,0.99,0.99,0.97356397,0.9834383,0.99,0.99,0.99,0.98652,0.98112935,0.99,0.98756707,0.99,0.98567075,0.9625027,0.99,0.99,0.9484754,0.938631,0.9791189,0.97914106,0.99,0.99,0.99,0.97625136,0.9670572,0.96372205,0.9518584,0.9832935,0.97346526,0.9830988,0.99,0.98585755,0.9668883,0.9850812,0.9810227,0.99,0.94297683,0.9094785,0.94220173,0.99,0.9230722,0.9437493,0.9415059,0.8838022,0.95262605,0.89746153,0.98812276,0.95947266,0.9719183,0.98952025,0.9674409,0.99,0.99,0.9769679,0.98371893,0.962729,0.99,0.9855924,0.99,0.9658796,0.92883074,0.99,0.87403816,0.984897,0.973765,0.8584941,0.9809544,0.8951897,0.99,0.98152846,0.9244517,0.963823,0.89738286,0.8412509,0.9198169,0.98920035,0.98228735"
