type,key,value
latent_values,values,"0.99,0.99,0.99,0.99,0.99,0.99,0.99,0.99,0.99,0.99,0.99,0.99,0.99,0.99,0.99,0.99,0.99,0.99,0.99,0.99,0.99,0.99,0.99,0.99,0.99,0.99,0.99,0.99,0.99,0.99,0.99,0.99,0.99,0.99,0.99,0.99,0.99,0.99,0.99,0.99,0.99,0.99,0.99,0.99,0.99,0.99,0.99,0.99,0.99,0.98599124,0.986076,0.99,0.99,0.9791753,0.9781444,0.9824317,0.9861469,0.99,0.99,0.9836404,0.99,0.9868244,0.98606336,0.9793508,0.98746985,0.99,0.99,0.9569229,0.9335148,0.98382676,0.97987497,0.9848261,0.9772944,0.99,0.9729987,0.9580122,0.9625203,0.9674238,0.98189443,0.9843515,0.99,0.99,0.98772216,0.95366216,0.95282495,0.9160064,0.99,0.99,0.92000896,0.92066854,0.98570967,0.985972,0.95561403,0.9891594,0.88448715,0.99,0.9526427,0.99,0.98839533,0.978224,0.99,0.9763026,0.97113895,0.99,0.9714064,0.9681205,0.96763414,0.94001675,0.99,0.99,0.9505198,0.9263545,0.969973,0.88584054,0.99,0.9792571,0.88328224,0.983201,0.91119885,0.9691374,0.9553203,0.88331246,0.92056996,0.90380275,0.9396649,0.98633164,0.99,0.9485426"
