type,key,value
latent_values,values,"0.99,0.99,0.99,0.99,0.99,0.99,0.99,0.99,0.99,0.99,0.99,0.99,0.99,0.99,0.99,0.99,0.99,0.99,0.99,0.99,0.99,0.99,0.99,0.99,0.99,0.99,0.99,0.99,0.99,0.99,0.99,0.99,0.99,0.99,0.99,0.99,0.99,0.99,0.99,0.99,0.99,0.99,0.99,0.99,0.99,0.99,0.99,0.99,0.9849958,0.99,0.99,0.99,0.99,0.99,0.99,0.99,0.9832408,0.99,0.99,0.99,0.98340774,0.9838613,0.97365576,0.9813605,0.9543349,0.99,0.99,0.9313729,0.9307865,0.976225,0.9752517,0.99,0.97947323,0.99,0.9500781,0.97265583,0.9317502,0.97765577,0.9842307,0.97412014,0.9757668,0.97087955,0.96760005,0.9751895,0.9501301,0.9851104,0.96257627,0.97866344,0.94919205,0.99,0.967268,0.9624687,0.99,0.99,0.88837194,0.94075674,0.91198456,0.9659547,0.95641804,0.96555954,0.99,0.9652075,0.99,0.99,0.97061324,0.9823798,0.9608553,0.9395598,0.8940508,0.9845946,0.9281891,0.9389843,0.89252454,0.87730193,0.99,0.9805226,0.99,0.973718,0.9856918,0.99,0.91821307,0.9362271,0.9709488,0.91260225,0.97067213,0.9613726,0.98474604,0.96958137"
