type,key,value
latent_values,values,"0.99,0.99,0.99,0.99,0.99,0.99,0.99,0.99,0.99,0.99,0.99,0.99,0.99,0.99,0.99,0.99,0.99,0.99,0.99,0.99,0.99,0.99,0.99,0.99,0.99,0.99,0.99,0.99,0.99,0.99,0.99,0.99,0.99,0.99,0.99,0.99,0.99,0.99,0.99,0.99,0.99,0.99,0.99,0.99,0.99,0.99,0.99,0.99,0.99,0.99,0.988439,0.99,0.99,0.9733303,0.977988,0.9880868,0.99,0.99,0.9847474,0.9790743,0.98378897,0.9897283,0.98697084,0.9787352,0.96245176,0.9745809,0.99,0.9879078,0.9654935,0.96938795,0.97725976,0.99,0.99,0.9751111,0.96284986,0.9756012,0.98097,0.95986396,0.98000467,0.98288554,0.99,0.99,0.9800672,0.98583686,0.99,0.96245825,0.96592796,0.9607963,0.9292214,0.9602789,0.98549515,0.9360178,0.9400372,0.9599724,0.90664583,0.9869157,0.96153533,0.9454759,0.9620112,0.9780782,0.98925084,0.97928834,0.9856601,0.99,0.9652069,0.98893964,0.91780144,0.9593463,0.9700895,0.9842164,0.99,0.9394324,0.99,0.9608144,0.99,0.96518713,0.8673433,0.89608836,0.8675386,0.9803768,0.99,0.89297336,0.9572649,0.97424716,0.8334753,0.97227603,0.9847722,0.96971"
