type,key,value
latent_values,values,"0.99,0.99,0.99,0.99,0.99,0.99,0.99,0.99,0.99,0.99,0.99,0.99,0.99,0.99,0.99,0.99,0.99,0.99,0.99,0.99,0.99,0.99,0.99,0.99,0.99,0.99,0.99,0.99,0.99,0.99,0.99,0.99,0.99,0.99,0.99,0.99,0.99,0.99,0.99,0.99,0.99,0.99,0.99,0.99,0.99,0.99,0.99,0.99,0.99,0.99,0.98403454,0.9877601,0.99,0.99,0.9894396,0.9844408,0.99,0.99,0.99,0.9640165,0.9887855,0.99,0.9681062,0.98281175,0.9814311,0.97345585,0.9780199,0.99,0.9752621,0.99,0.9838585,0.9768752,0.9652471,0.97375464,0.9825036,0.97422814,0.97664726,0.9893848,0.9841597,0.97259474,0.9599827,0.99,0.98835427,0.98308086,0.94260913,0.92021567,0.93629503,0.99,0.981555,0.96515495,0.98076946,0.9881165,0.92277014,0.9778811,0.92151564,0.9594065,0.99,0.96097755,0.9842457,0.9815313,0.9680232,0.9856514,0.93158096,0.9486489,0.91654134,0.92656916,0.9824568,0.91487205,0.96689427,0.9499914,0.98018813,0.99,0.90418464,0.95477176,0.98267376,0.8890266,0.96583766,0.8553906,0.9735898,0.95591545,0.98577064,0.9574267,0.97263,0.94162244,0.951618,0.99,0.9728724,0.9799552"
