type,key,value
latent_values,values,"0.99,0.99,0.99,0.99,0.99,0.99,0.99,0.99,0.99,0.99,0.99,0.99,0.99,0.99,0.99,0.99,0.99,0.99,0.99,0.99,0.99,0.99,0.99,0.99,0.99,0.99,0.99,0.99,0.99,0.99,0.99,0.99,0.99,0.99,0.99,0.99,0.99,0.99,0.99,0.99,0.99,0.99,0.99,0.99,0.99,0.99,0.99,0.99,0.99,0.98584414,0.98754907,0.99,0.99,0.9772246,0.99,0.99,0.99,0.99,0.9860233,0.9789172,0.99,0.9797557,0.99,0.97934407,0.9646311,0.9746348,0.99,0.9429569,0.9276761,0.9825774,0.9824365,0.99,0.99,0.9782675,0.97786987,0.9650329,0.96857905,0.94696766,0.99,0.98060864,0.9838677,0.99,0.9748951,0.96137756,0.99,0.99,0.99,0.95075023,0.92419374,0.99,0.98724777,0.97014266,0.9467284,0.90198547,0.91238827,0.99,0.969038,0.9477663,0.99,0.9884783,0.9818378,0.9871884,0.9500665,0.9854333,0.9793991,0.9702507,0.8614589,0.9866041,0.91495156,0.9768613,0.8980452,0.92100173,0.99,0.8977336,0.99,0.9513485,0.9232125,0.98647696,0.9236747,0.85680234,0.99,0.82585305,0.93895763,0.92663777,0.8099781,0.9894807,0.92630386,0.9639933"
