type,key,value
latent_values,values,"0.99,0.99,0.99,0.99,0.99,0.99,0.99,0.99,0.99,0.99,0.99,0.99,0.99,0.99,0.99,0.99,0.99,0.99,0.99,0.99,0.99,0.99,0.99,0.99,0.99,0.99,0.99,0.99,0.99,0.99,0.99,0.99,0.99,0.99,0.99,0.99,0.99,0.99,0.99,0.99,0.99,0.99,0.99,0.99,0.99,0.99,0.99,0.99,0.99,0.9856482,0.9821783,0.99,0.99,0.97459954,0.9776986,0.9871683,0.99,0.99,0.99,0.97917277,0.99,0.9836429,0.98660964,0.9847304,0.9837558,0.98195356,0.99,0.94300383,0.9410584,0.99,0.9762515,0.98719454,0.98498017,0.99,0.98690647,0.9617841,0.9581009,0.9692187,0.9859284,0.96383435,0.9885508,0.99,0.9830104,0.96204126,0.9601844,0.9501188,0.98673207,0.95875883,0.9280784,0.9198369,0.99,0.89975184,0.93978274,0.9697248,0.9030531,0.94405574,0.888797,0.99,0.9484042,0.97746116,0.99,0.98405194,0.97203046,0.99,0.9690115,0.983884,0.9664876,0.9587414,0.99,0.99,0.9531655,0.9528897,0.98935425,0.8864888,0.9899302,0.95159215,0.8610333,0.98408765,0.9039515,0.99,0.96856725,0.9456211,0.92652804,0.90229905,0.88838017,0.85321534,0.99,0.9834015"
