type,key,value
latent_values,values,"0.99,0.99,0.99,0.99,0.99,0.99,0.99,0.99,0.99,0.99,0.99,0.99,0.99,0.99,0.99,0.99,0.99,0.99,0.99,0.99,0.99,0.99,0.99,0.99,0.99,0.99,0.99,0.99,0.99,0.99,0.99,0.99,0.99,0.99,0.99,0.99,0.99,0.99,0.99,0.99,0.99,0.99,0.99,0.99,0.99,0.99,0.99,0.99,0.9885077,0.99,0.9847726,0.99,0.9793515,0.99,0.980643,0.98879087,0.99,0.99,0.99,0.9899531,0.98401356,0.99,0.9826736,0.98941153,0.9825292,0.9838295,0.9890425,0.98352283,0.9515294,0.98603755,0.9774758,0.99,0.9763984,0.9890705,0.9395285,0.9749117,0.92943555,0.99,0.98986936,0.97960865,0.9824075,0.97335947,0.964398,0.9615602,0.97199464,0.96693254,0.9720588,0.9500932,0.9692667,0.99,0.95020604,0.918821,0.9830059,0.98030865,0.8814268,0.99,0.9718496,0.9386331,0.94934183,0.97738034,0.9839347,0.9894405,0.9766941,0.9641921,0.9359064,0.99,0.9692441,0.9255047,0.8651778,0.9878306,0.95252895,0.97214234,0.88992596,0.964853,0.9414623,0.9835741,0.99,0.98461455,0.92507696,0.96792305,0.89706427,0.9327048,0.9786866,0.9677072,0.932251,0.9719167,0.97720283,0.99"
