type,key,value
latent_values,values,"0.99,0.99,0.99,0.99,0.99,0.99,0.99,0.99,0.99,0.99,0.99,0.99,0.99,0.99,0.99,0.99,0.99,0.99,0.99,0.99,0.99,0.99,0.99,0.99,0.99,0.99,0.99,0.99,0.99,0.99,0.99,0.99,0.99,0.99,0.99,0.99,0.99,0.99,0.99,0.99,0.99,0.99,0.99,0.99,0.99,0.99,0.99,0.99,0.9837617,0.9849933,0.99,0.99,0.99,0.99,0.97437966,0.98509526,0.97997034,0.99,0.99,0.99,0.9880511,0.9799832,0.9755507,0.97686076,0.9705031,0.9838651,0.9882958,0.92013854,0.9323394,0.9813377,0.9793326,0.99,0.98335344,0.9859706,0.9536479,0.97260046,0.9352268,0.9812384,0.9856172,0.95665526,0.9875392,0.9614358,0.95978445,0.975256,0.9363936,0.99,0.94419277,0.9744947,0.967781,0.99,0.9375358,0.9414891,0.99,0.99,0.89409554,0.91490066,0.8928126,0.9621017,0.9603086,0.9823799,0.98788977,0.9894276,0.99,0.99,0.9714958,0.97704977,0.96606433,0.9326146,0.88128966,0.9608757,0.9219761,0.96886677,0.8824547,0.860014,0.99,0.9798266,0.99,0.9716766,0.9809452,0.99,0.91297936,0.9763695,0.94070786,0.89147985,0.9297838,0.9032121,0.9811914,0.9688221"
