type,key,value
latent_values,values,"0.99,0.99,0.99,0.99,0.99,0.99,0.99,0.99,0.99,0.99,0.99,0.99,0.99,0.99,0.99,0.99,0.99,0.99,0.99,0.99,0.99,0.99,0.99,0.99,0.99,0.99,0.99,0.99,0.99,0.99,0.99,0.99,0.99,0.99,0.99,0.99,0.99,0.99,0.99,0.99,0.99,0.99,0.99,0.99,0.99,0.99,0.99,0.99,0.99,0.99,0.9871994,0.99,0.98687625,0.98193926,0.9870748,0.9875695,0.99,0.99,0.99,0.9746295,0.98396105,0.99,0.9884017,0.97310716,0.9698243,0.9677407,0.9823998,0.99,0.97202134,0.96358943,0.97302043,0.99,0.99,0.9682206,0.9778366,0.9765722,0.9770904,0.9378322,0.99,0.9761301,0.98900163,0.99,0.97696376,0.99,0.99,0.96895415,0.9689564,0.99,0.937473,0.9858948,0.98773444,0.96058834,0.9380253,0.91599965,0.92286974,0.9827923,0.97872263,0.91737217,0.99,0.99,0.9886734,0.9766245,0.9575391,0.97858185,0.966842,0.96916854,0.8560417,0.9680935,0.9284186,0.960914,0.99,0.92210233,0.9875919,0.9726336,0.9742419,0.874656,0.9276503,0.8385892,0.88482964,0.935351,0.99,0.8375797,0.96585226,0.95875007,0.802235,0.99,0.97249055,0.94926363"
