type,key,value
latent_values,values,"0.99,0.99,0.99,0.99,0.99,0.99,0.99,0.99,0.99,0.99,0.99,0.99,0.99,0.99,0.99,0.99,0.99,0.99,0.99,0.99,0.99,0.99,0.99,0.99,0.99,0.99,0.99,0.99,0.99,0.99,0.99,0.99,0.99,0.99,0.99,0.99,0.99,0.99,0.99,0.99,0.99,0.99,0.99,0.99,0.99,0.99,0.99,0.99,0.99,0.99,0.98065686,0.99,0.99,0.99,0.99,0.9834969,0.9879619,0.99,0.99,0.9785037,0.99,0.9874575,0.9838728,0.983884,0.99,0.98458886,0.99,0.9682879,0.95068294,0.99,0.98240346,0.9886432,0.9806652,0.9814925,0.95446277,0.96405095,0.9432757,0.9794345,0.98451567,0.98294216,0.99,0.99,0.9695137,0.9889008,0.94788367,0.94174623,0.9259692,0.94561726,0.9793548,0.98631823,0.97476643,0.9265685,0.9669638,0.97801566,0.89123774,0.99,0.9673266,0.9608932,0.956194,0.9698369,0.980588,0.981739,0.98277575,0.97880095,0.9194521,0.98015654,0.9711081,0.9156326,0.9274679,0.98546404,0.9855926,0.99,0.8478092,0.9550138,0.99,0.93981713,0.99,0.9061855,0.9696866,0.97547734,0.98074335,0.9592247,0.9284057,0.94775385,0.97807276,0.9776773,0.9709607,0.98632675"
