type,key,value
latent_values,values,"0.99,0.99,0.99,0.99,0.99,0.99,0.99,0.99,0.99,0.99,0.99,0.99,0.99,0.99,0.99,0.99,0.99,0.99,0.99,0.99,0.99,0.99,0.99,0.99,0.99,0.99,0.99,0.99,0.99,0.99,0.99,0.99,0.99,0.99,0.99,0.99,0.99,0.99,0.99,0.99,0.99,0.99,0.99,0.99,0.99,0.99,0.99,0.99,0.97677535,0.99,0.9844581,0.99,0.99,0.99,0.9601157,0.9780634,0.9807983,0.99,0.99,0.99,0.99,0.98642087,0.99,0.9761943,0.99,0.98222756,0.9848632,0.9320853,0.9210847,0.9795304,0.9411773,0.98648244,0.99,0.9744629,0.98648965,0.9632855,0.932123,0.99,0.9851971,0.97604936,0.9648915,0.92417115,0.93743545,0.9572331,0.9623547,0.9528668,0.9660235,0.99,0.9619974,0.98771906,0.9301643,0.99,0.98513615,0.9824588,0.9717014,0.9708522,0.8949349,0.9559389,0.99,0.99,0.99,0.9898202,0.9888638,0.9740086,0.96197987,0.97391146,0.9705579,0.9753159,0.8360768,0.9506671,0.8145887,0.88397205,0.93438786,0.90341425,0.8135126,0.956122,0.98600477,0.9656384,0.98704135,0.9785719,0.9206412,0.9225127,0.835137,0.91384107,0.8590428,0.9899306,0.9312478,0.8915761"
