type,key,value
latent_values,values,"0.99,0.99,0.99,0.99,0.99,0.99,0.99,0.99,0.99,0.99,0.99,0.99,0.99,0.99,0.99,0.99,0.99,0.99,0.99,0.99,0.99,0.99,0.99,0.99,0.99,0.99,0.99,0.99,0.99,0.99,0.99,0.99,0.99,0.99,0.99,0.99,0.99,0.99,0.99,0.99,0.99,0.99,0.99,0.99,0.99,0.99,0.99,0.99,0.99,0.99,0.9871873,0.9846959,0.9892353,0.99,0.98346096,0.9815457,0.9733458,0.99,0.99,0.9848581,0.9854752,0.98317087,0.98247045,0.9610181,0.9785208,0.9776312,0.99,0.9769273,0.95329106,0.97050714,0.977866,0.9888719,0.9848128,0.97438294,0.955101,0.96715945,0.95314336,0.98767436,0.9838184,0.9801829,0.9865824,0.98716635,0.9683059,0.9869049,0.92576534,0.94530416,0.89608896,0.9773656,0.9884693,0.9824339,0.9761363,0.9472592,0.9739934,0.99,0.9288697,0.99,0.9591556,0.9377471,0.96165407,0.99,0.99,0.9859575,0.99,0.99,0.96509135,0.9695079,0.97043645,0.90508366,0.91674125,0.9722974,0.99,0.9617308,0.8471579,0.93299866,0.99,0.8661122,0.98626685,0.8404726,0.9867555,0.99,0.99,0.9636381,0.9082948,0.9842168,0.96228,0.98268914,0.9709018,0.95509046"
