type,key,value
latent_values,values,"0.99,0.99,0.99,0.99,0.99,0.99,0.99,0.99,0.99,0.99,0.99,0.99,0.99,0.99,0.99,0.99,0.99,0.99,0.99,0.99,0.99,0.99,0.99,0.99,0.99,0.99,0.99,0.99,0.99,0.99,0.99,0.99,0.99,0.99,0.99,0.99,0.99,0.99,0.99,0.99,0.99,0.99,0.99,0.99,0.99,0.99,0.99,0.99,0.976017,0.99,0.99,0.9849447,0.9856803,0.99,0.97064847,0.9760814,0.98097867,0.99,0.99,0.99,0.99,0.99,0.97181916,0.965741,0.99,0.9878021,0.9875619,0.97319025,0.96639436,0.9847061,0.97220075,0.9815055,0.98822814,0.9770769,0.984779,0.9737735,0.9509318,0.99,0.9840939,0.94259936,0.9315204,0.92588854,0.95654184,0.9810973,0.9621106,0.96104026,0.9419174,0.99,0.9871495,0.99,0.95370424,0.98400617,0.9736072,0.96641845,0.9626387,0.89044726,0.8664775,0.9646254,0.98585397,0.98829025,0.99,0.99,0.96949095,0.97622985,0.88493854,0.87058216,0.9688953,0.9763411,0.83945775,0.98253816,0.99,0.91875774,0.9288269,0.95699596,0.88769,0.8485036,0.9891305,0.82983017,0.9155886,0.98994166,0.8757176,0.9498883,0.9444365,0.9577902,0.84050405,0.80652004,0.9588783,0.9733051"
