type,key,value
latent_values,values,"0.99,0.99,0.99,0.99,0.99,0.99,0.99,0.99,0.99,0.99,0.99,0.99,0.99,0.99,0.99,0.99,0.99,0.99,0.99,0.99,0.99,0.99,0.99,0.99,0.99,0.99,0.99,0.99,0.99,0.99,0.99,0.99,0.99,0.99,0.99,0.99,0.99,0.99,0.99,0.99,0.99,0.99,0.99,0.99,0.99,0.99,0.99,0.99,0.98148805,0.99,0.99,0.9882135,0.99,0.99,0.9855464,0.97400415,0.9724162,0.99,0.99,0.98416543,0.99,0.9730044,0.9840804,0.9510454,0.99,0.97537225,0.99,0.9504057,0.9440236,0.99,0.9465969,0.9832291,0.99,0.99,0.99,0.9526513,0.9331629,0.99,0.97767407,0.9615857,0.9559256,0.91730326,0.93857926,0.99,0.9840158,0.8749534,0.95231366,0.98594487,0.91007644,0.93910617,0.9170208,0.9752799,0.9340072,0.98918104,0.93190885,0.97143793,0.899726,0.9878707,0.9758494,0.9725886,0.97806346,0.99,0.98063797,0.9764359,0.9456331,0.9640579,0.98011184,0.9231232,0.8126792,0.946345,0.98375237,0.938147,0.99,0.9278384,0.9420897,0.8010687,0.9497594,0.8865741,0.98597074,0.99,0.8967767,0.95152986,0.8755799,0.9539849,0.8974105,0.89134896,0.850051,0.8297867"
