type,key,value
latent_values,values,"0.99,0.99,0.99,0.99,0.99,0.99,0.99,0.99,0.99,0.99,0.99,0.99,0.99,0.99,0.99,0.99,0.99,0.99,0.99,0.99,0.99,0.99,0.99,0.99,0.99,0.99,0.99,0.99,0.99,0.99,0.99,0.99,0.99,0.99,0.99,0.99,0.99,0.99,0.99,0.99,0.99,0.99,0.99,0.99,0.99,0.99,0.99,0.99,0.9834666,0.99,0.98983365,0.99,0.99,0.99,0.976259,0.9808333,0.99,0.99,0.99,0.99,0.99,0.9839762,0.98174036,0.98565006,0.98792315,0.98930895,0.9793023,0.9323244,0.934826,0.99,0.9791898,0.9866367,0.9832422,0.9879488,0.9556453,0.9614037,0.9270312,0.99,0.9819648,0.9838744,0.96200436,0.98289096,0.9612445,0.97690034,0.96557814,0.9821294,0.95040137,0.98719454,0.98349476,0.99,0.92212963,0.9767218,0.9817083,0.9803378,0.8878704,0.93975097,0.9094635,0.9642235,0.98718446,0.9707998,0.99,0.99,0.99,0.9820189,0.92456675,0.94363,0.9827744,0.9525109,0.8918586,0.98342156,0.9637654,0.984214,0.9207573,0.8990239,0.99,0.9399664,0.99,0.91366714,0.9417503,0.97450316,0.8864557,0.9499073,0.9489823,0.9056802,0.881889,0.99,0.98432535,0.9878099"
