type,key,value
latent_values,values,"0.99,0.99,0.99,0.99,0.99,0.99,0.99,0.99,0.99,0.99,0.99,0.99,0.99,0.99,0.99,0.99,0.99,0.99,0.99,0.99,0.99,0.99,0.99,0.99,0.99,0.99,0.99,0.99,0.99,0.99,0.99,0.99,0.99,0.99,0.99,0.99,0.99,0.99,0.99,0.99,0.99,0.99,0.99,0.99,0.99,0.99,0.99,0.99,0.99,0.99,0.9820341,0.99,0.98967755,0.9761931,0.9782901,0.9866901,0.99,0.99,0.9891833,0.97911036,0.9810954,0.9893056,0.99,0.9767744,0.9661366,0.9663784,0.9871075,0.98892426,0.97605824,0.9745427,0.9765102,0.99,0.9871887,0.98316574,0.9751848,0.97052413,0.9809203,0.96337616,0.9847173,0.9897379,0.99,0.98803663,0.9779053,0.96823937,0.9826486,0.9201461,0.9568037,0.93822145,0.94449896,0.9175325,0.99,0.9333204,0.93218267,0.96931845,0.92152154,0.98156106,0.9691438,0.95674604,0.97462827,0.9857207,0.99,0.9838203,0.9636058,0.98039997,0.963298,0.98850197,0.96988714,0.9782397,0.99,0.98923576,0.9874765,0.9553839,0.97352284,0.9648497,0.99,0.90698814,0.8378819,0.8531966,0.88250285,0.9528896,0.98925394,0.94416463,0.9515283,0.9646553,0.881877,0.99,0.99,0.9706484"
