type,key,value
latent_values,values,"0.99,0.99,0.99,0.99,0.99,0.99,0.99,0.99,0.99,0.99,0.99,0.99,0.99,0.99,0.99,0.99,0.99,0.99,0.99,0.99,0.99,0.99,0.99,0.99,0.99,0.99,0.99,0.99,0.99,0.99,0.99,0.99,0.99,0.99,0.99,0.99,0.99,0.99,0.99,0.99,0.99,0.99,0.99,0.99,0.99,0.99,0.99,0.99,0.99,0.99,0.98127586,0.9828136,0.99,0.98018277,0.986987,0.9764434,0.981424,0.99,0.99,0.97181094,0.99,0.98604983,0.9697546,0.97705024,0.9871488,0.9839936,0.99,0.9782517,0.952463,0.98199975,0.9812376,0.9721618,0.98540777,0.9751046,0.9666639,0.9679151,0.9575615,0.9769158,0.97777826,0.97617644,0.98715776,0.99,0.96401095,0.99,0.93644005,0.9399146,0.91276544,0.99,0.9804148,0.97135097,0.9697042,0.965443,0.9663691,0.9807842,0.946423,0.97297263,0.9097235,0.99,0.98164916,0.99,0.99,0.978669,0.98842293,0.99,0.9475645,0.9509264,0.97544414,0.92935455,0.9509777,0.97023743,0.99,0.967056,0.89964277,0.9348314,0.99,0.9287674,0.9361121,0.83269566,0.98738205,0.99,0.99,0.9213729,0.8682483,0.9705811,0.9842056,0.8665224,0.96255565,0.9542911"
