type,key,value
latent_values,values,"0.99,0.99,0.99,0.99,0.99,0.99,0.99,0.99,0.99,0.99,0.99,0.99,0.99,0.99,0.99,0.99,0.99,0.99,0.99,0.99,0.99,0.99,0.99,0.99,0.99,0.99,0.99,0.99,0.99,0.99,0.99,0.99,0.99,0.99,0.99,0.99,0.99,0.99,0.99,0.99,0.99,0.99,0.99,0.99,0.99,0.99,0.99,0.99,0.99,0.99,0.9809361,0.983215,0.99,0.99,0.9799775,0.98377925,0.99,0.99,0.99,0.96161985,0.99,0.99,0.9717318,0.9888908,0.98873264,0.98125213,0.98908484,0.99,0.97377664,0.99,0.98325384,0.97578585,0.9738261,0.96771795,0.989001,0.97015226,0.95980966,0.9862553,0.98317236,0.99,0.94584113,0.99,0.96505165,0.99,0.9366913,0.912084,0.9079727,0.99,0.9826762,0.9634943,0.98428893,0.9019598,0.927818,0.9782136,0.9589206,0.9873448,0.95241916,0.9879376,0.9848294,0.9633783,0.94847244,0.967442,0.97895956,0.9492956,0.9107298,0.9582172,0.9725456,0.94817233,0.95177007,0.96531516,0.9826113,0.99,0.90309346,0.9556933,0.9844731,0.93395025,0.96031636,0.8467216,0.9835097,0.99,0.99,0.9154511,0.93498,0.9563693,0.94865936,0.90972507,0.96767974,0.9570183"
