type,key,value
latent_values,values,"0.99,0.99,0.99,0.99,0.99,0.99,0.99,0.99,0.99,0.99,0.99,0.99,0.99,0.99,0.99,0.99,0.99,0.99,0.99,0.99,0.99,0.99,0.99,0.99,0.99,0.99,0.99,0.99,0.99,0.99,0.99,0.99,0.99,0.99,0.99,0.99,0.99,0.99,0.99,0.99,0.99,0.99,0.99,0.99,0.99,0.99,0.99,0.99,0.99,0.99,0.9841483,0.99,0.9848262,0.99,0.986014,0.99,0.99,0.99,0.98373586,0.966113,0.9896613,0.986738,0.99,0.9717922,0.99,0.9699731,0.99,0.98826605,0.9694499,0.98675346,0.99,0.9882199,0.9782981,0.95883137,0.96365654,0.9643009,0.94332886,0.94113207,0.99,0.987712,0.99,0.99,0.9737994,0.99,0.99,0.9746999,0.95797306,0.9421119,0.97636443,0.99,0.99,0.92220914,0.9628737,0.9056697,0.9349361,0.9810394,0.9642012,0.8985468,0.98643094,0.9877246,0.97228587,0.98597676,0.9706573,0.9623633,0.973692,0.9620468,0.8136732,0.96977806,0.85041416,0.9696377,0.98610383,0.9486362,0.94913083,0.981898,0.94859856,0.9209781,0.95261,0.8188107,0.90811086,0.94232947,0.9825642,0.9193102,0.94042283,0.9676074,0.80777436,0.98979896,0.7816294,0.9697933"
