type,key,value
latent_values,values,"0.99,0.99,0.99,0.99,0.99,0.99,0.99,0.99,0.99,0.99,0.99,0.99,0.99,0.99,0.99,0.99,0.99,0.99,0.99,0.99,0.99,0.99,0.99,0.99,0.99,0.99,0.99,0.99,0.99,0.99,0.99,0.99,0.99,0.99,0.99,0.99,0.99,0.99,0.99,0.99,0.99,0.99,0.99,0.99,0.99,0.99,0.99,0.99,0.99,0.99,0.9821892,0.99,0.99,0.98107475,0.9745197,0.97526187,0.99,0.99,0.99,0.96601486,0.99,0.9884996,0.99,0.98056966,0.9895775,0.9824663,0.99,0.9624401,0.9467371,0.99,0.9820197,0.96077824,0.9762883,0.99,0.97933453,0.9689226,0.9782446,0.96093494,0.9792981,0.977675,0.98965424,0.98675084,0.99,0.98913324,0.9243967,0.95260817,0.9722278,0.99,0.9498009,0.916524,0.99,0.97880524,0.92241305,0.9643928,0.9421893,0.9729221,0.92140496,0.99,0.99,0.9760996,0.99,0.9875025,0.98604554,0.9887951,0.9504451,0.9345932,0.99,0.9688942,0.9769732,0.96554995,0.9897783,0.9606996,0.97129303,0.8879878,0.9657055,0.88221645,0.835055,0.81617486,0.95181686,0.99,0.9798632,0.92900985,0.9185709,0.9189279,0.8818296,0.99,0.94819725,0.99"
