type,key,value
latent_values,values,"0.99,0.99,0.99,0.99,0.99,0.99,0.99,0.99,0.99,0.99,0.99,0.99,0.99,0.99,0.99,0.99,0.99,0.99,0.99,0.99,0.99,0.99,0.99,0.99,0.99,0.99,0.99,0.99,0.99,0.99,0.99,0.99,0.99,0.99,0.99,0.99,0.99,0.99,0.99,0.99,0.99,0.99,0.99,0.99,0.99,0.99,0.99,0.99,0.99,0.9857456,0.99,0.99,0.98482466,0.9825203,0.97351694,0.987273,0.98915035,0.9860345,0.99,0.9847677,0.98327875,0.99,0.97757095,0.98494333,0.97446084,0.99,0.9897695,0.977617,0.9446025,0.9654465,0.98178566,0.9883366,0.9734223,0.99,0.968203,0.9665421,0.9575309,0.9555006,0.9823979,0.980097,0.99,0.99,0.99,0.9603409,0.95805174,0.91760194,0.99,0.99,0.9075089,0.9267094,0.99,0.952842,0.9645617,0.98594356,0.8778342,0.99,0.9720375,0.9811572,0.98782146,0.9576742,0.99,0.9299885,0.9688265,0.98881596,0.9697764,0.98470926,0.9802135,0.9583773,0.99,0.99,0.9745417,0.92061675,0.9735736,0.9003689,0.99,0.9732299,0.8906552,0.9723752,0.91293424,0.967225,0.97079104,0.9053473,0.9734452,0.9486954,0.9131328,0.9810775,0.99,0.9253042"
