type,key,value
latent_values,values,"0.99,0.99,0.99,0.99,0.99,0.99,0.99,0.99,0.99,0.99,0.99,0.99,0.99,0.99,0.99,0.99,0.99,0.99,0.99,0.99,0.99,0.99,0.99,0.99,0.99,0.99,0.99,0.99,0.99,0.99,0.99,0.99,0.99,0.99,0.99,0.99,0.99,0.99,0.99,0.99,0.99,0.99,0.99,0.99,0.99,0.99,0.99,0.99,0.99,0.99,0.9781304,0.985649,0.99,0.98274845,0.9709629,0.9747508,0.99,0.99,0.99,0.96894914,0.99,0.99,0.9795125,0.9896823,0.9868112,0.96804315,0.99,0.99,0.9808225,0.98589796,0.98947924,0.987781,0.97029585,0.9670631,0.9562719,0.96842194,0.9714169,0.97502995,0.9834422,0.9771948,0.99,0.99,0.96594054,0.99,0.93504673,0.9256875,0.9187576,0.9704257,0.96905774,0.9646526,0.96683604,0.9556613,0.9470791,0.9779883,0.962057,0.9800097,0.98840326,0.9375854,0.9641649,0.9888949,0.9734847,0.9792322,0.9877662,0.9859593,0.93063545,0.97815573,0.9858083,0.9010263,0.96563506,0.9605288,0.9842822,0.9853695,0.8992902,0.9629951,0.99,0.96556437,0.9320128,0.9243905,0.95231456,0.9842773,0.99,0.9542871,0.8943904,0.94457257,0.97832364,0.9764948,0.9808567,0.9722781"
