type,key,value
latent_values,values,"0.99,0.99,0.99,0.99,0.99,0.99,0.99,0.99,0.99,0.99,0.99,0.99,0.99,0.99,0.99,0.99,0.99,0.99,0.99,0.99,0.99,0.99,0.99,0.99,0.99,0.99,0.99,0.99,0.99,0.99,0.99,0.99,0.99,0.99,0.99,0.99,0.99,0.99,0.99,0.99,0.99,0.99,0.99,0.99,0.99,0.99,0.99,0.99,0.98332584,0.9811807,0.99,0.99,0.99,0.99,0.98910135,0.99,0.98127043,0.99,0.99,0.99,0.9886491,0.9864738,0.9859075,0.9778094,0.9540186,0.9678198,0.99,0.92835724,0.95137715,0.9555462,0.9246974,0.99,0.99,0.9547195,0.99,0.97459894,0.98767203,0.9309833,0.97460246,0.9371606,0.97312343,0.8920304,0.9384679,0.97886634,0.9562018,0.9098069,0.97634405,0.98253334,0.8952642,0.9315688,0.97807163,0.9117881,0.9324685,0.9179978,0.9093198,0.90806097,0.85759765,0.97953886,0.98018295,0.8991356,0.93113935,0.8909841,0.96416515,0.94752145,0.96612054,0.9856884,0.9818619,0.9385144,0.86725694,0.93634105,0.8133621,0.90458536,0.99,0.93044245,0.85353386,0.846379,0.970813,0.9518883,0.97897243,0.99,0.971065,0.99,0.9656392,0.87707496,0.7437698,0.8011974,0.86385286,0.8994067"
