type,key,value
latent_values,values,"0.99,0.99,0.99,0.99,0.99,0.99,0.99,0.99,0.99,0.99,0.99,0.99,0.99,0.99,0.99,0.99,0.99,0.99,0.99,0.99,0.99,0.99,0.99,0.99,0.99,0.99,0.99,0.99,0.99,0.99,0.99,0.99,0.99,0.99,0.99,0.99,0.99,0.99,0.99,0.99,0.99,0.99,0.99,0.99,0.99,0.99,0.99,0.99,0.99,0.99,0.9806293,0.99,0.99,0.980857,0.9767071,0.9745565,0.99,0.99,0.98101956,0.9761775,0.98214626,0.99,0.9801851,0.9828927,0.9724468,0.97114295,0.9894776,0.99,0.9827594,0.9803808,0.98126537,0.99,0.9859332,0.9791409,0.9756196,0.9708548,0.99,0.9623858,0.98264205,0.97888017,0.99,0.98623884,0.9829616,0.9816327,0.9747925,0.95738184,0.9668347,0.99,0.9457299,0.9208671,0.9866286,0.96723366,0.9304886,0.98728085,0.9410052,0.96855336,0.99,0.9452643,0.99,0.99,0.9826323,0.9847523,0.94837344,0.980895,0.9480837,0.97983533,0.96691096,0.9542982,0.9776983,0.9632602,0.99,0.9470361,0.9877951,0.9516879,0.99,0.92200875,0.8256296,0.86255085,0.86325765,0.95881635,0.97080827,0.86529243,0.9529436,0.9494895,0.8299747,0.99,0.95809054,0.967171"
