type,key,value
latent_values,values,"0.99,0.99,0.99,0.99,0.99,0.99,0.99,0.99,0.99,0.99,0.99,0.99,0.99,0.99,0.99,0.99,0.99,0.99,0.99,0.99,0.99,0.99,0.99,0.99,0.99,0.99,0.99,0.99,0.99,0.99,0.99,0.99,0.99,0.99,0.99,0.99,0.99,0.99,0.99,0.99,0.99,0.99,0.99,0.99,0.99,0.99,0.99,0.99,0.99,0.99,0.98548913,0.99,0.99,0.9749316,0.98127353,0.99,0.99,0.99,0.98729414,0.9775263,0.99,0.99,0.98862123,0.98727596,0.96828926,0.9806417,0.99,0.9564209,0.9470621,0.99,0.98035765,0.99,0.98643494,0.99,0.98410994,0.97007114,0.96886146,0.9871234,0.9811542,0.98224485,0.9825733,0.99,0.9897135,0.9801098,0.9747677,0.970053,0.98153895,0.9332232,0.9308995,0.91926414,0.99,0.9279755,0.93146366,0.97018486,0.8733358,0.9770383,0.9248382,0.98279625,0.9657474,0.9703408,0.9881138,0.9869462,0.98667204,0.9889259,0.9625805,0.99,0.9694041,0.97160935,0.9837276,0.99,0.9798373,0.9668262,0.98442316,0.89342207,0.99,0.97232026,0.829813,0.9442396,0.8897098,0.96997505,0.9803147,0.93457097,0.9585819,0.9146507,0.8522773,0.9669891,0.97008455,0.9871885"
