type,key,value
latent_values,values,"0.99,0.99,0.99,0.99,0.99,0.99,0.99,0.99,0.99,0.99,0.99,0.99,0.99,0.99,0.99,0.99,0.99,0.99,0.99,0.99,0.99,0.99,0.99,0.99,0.99,0.99,0.99,0.99,0.99,0.99,0.99,0.99,0.99,0.99,0.99,0.99,0.99,0.99,0.99,0.99,0.99,0.99,0.99,0.99,0.99,0.99,0.99,0.99,0.99,0.99,0.9874975,0.9897799,0.9880691,0.98152083,0.98157305,0.9880582,0.9890399,0.99,0.99,0.9763272,0.97956747,0.9882156,0.98520213,0.97307867,0.96623707,0.9749725,0.99,0.98918164,0.97052556,0.97211486,0.97894514,0.9873404,0.9767392,0.9885882,0.96588236,0.9673207,0.96613544,0.9563821,0.98439074,0.9803064,0.99,0.9899252,0.9821376,0.9553314,0.96086305,0.9139725,0.9465299,0.9657792,0.94681364,0.92616844,0.99,0.94200695,0.9294488,0.9694354,0.9109287,0.98703337,0.98805887,0.935701,0.9691437,0.9863602,0.99,0.98448634,0.97368646,0.99,0.96936756,0.9836976,0.9834206,0.9561745,0.99,0.9707753,0.9822736,0.9698155,0.9579455,0.9565851,0.99,0.8975087,0.8739537,0.88532865,0.92718726,0.9758355,0.9872011,0.9864892,0.9531768,0.96860725,0.9205489,0.98315257,0.99,0.97297144"
