type,key,value
latent_values,values,"0.99,0.99,0.99,0.99,0.99,0.99,0.99,0.99,0.99,0.99,0.99,0.99,0.99,0.99,0.99,0.99,0.99,0.99,0.99,0.99,0.99,0.99,0.99,0.99,0.99,0.99,0.99,0.99,0.99,0.99,0.99,0.99,0.99,0.99,0.99,0.99,0.99,0.99,0.99,0.99,0.99,0.99,0.99,0.99,0.99,0.99,0.99,0.99,0.99,0.99,0.9853199,0.99,0.98904127,0.99,0.9760136,0.98659736,0.99,0.97987986,0.99,0.97430915,0.9843392,0.99,0.9816702,0.9794096,0.98245394,0.99,0.9827085,0.9853065,0.94162375,0.96647227,0.95600027,0.99,0.98953426,0.9840634,0.9551017,0.97098583,0.94068164,0.98187506,0.9875245,0.9650061,0.99,0.99,0.9873529,0.9694013,0.9323723,0.9673173,0.9419384,0.99,0.96180403,0.983497,0.94919133,0.99,0.9658966,0.97090995,0.95246637,0.9788831,0.98608667,0.9285154,0.98995566,0.98677844,0.98852754,0.99,0.9558366,0.96156055,0.9614175,0.99,0.96138597,0.95060784,0.9371488,0.9799702,0.90087223,0.96679586,0.82690984,0.9407708,0.81941473,0.99,0.9884238,0.9822586,0.99,0.9528506,0.97111636,0.91546315,0.92854446,0.9844282,0.98022723,0.98907286,0.91860455,0.9471092"
