type,key,value
latent_values,values,"0.99,0.99,0.99,0.99,0.99,0.99,0.99,0.99,0.99,0.99,0.99,0.99,0.99,0.99,0.99,0.99,0.99,0.99,0.99,0.99,0.99,0.99,0.99,0.99,0.99,0.99,0.99,0.99,0.99,0.99,0.99,0.99,0.99,0.99,0.99,0.99,0.99,0.99,0.99,0.99,0.99,0.99,0.99,0.99,0.99,0.99,0.99,0.99,0.99,0.99,0.99,0.99,0.99,0.9740871,0.9816613,0.99,0.99,0.99,0.9803992,0.9791383,0.99,0.98674965,0.98875827,0.9805157,0.97122455,0.9852338,0.99,0.9787614,0.95351815,0.97901785,0.9833478,0.99,0.99,0.98852,0.9725613,0.9619945,0.9711246,0.94922453,0.98287183,0.9807359,0.99,0.99,0.9772829,0.98478866,0.99,0.9770062,0.9795561,0.92503405,0.9299122,0.95219135,0.99,0.9100709,0.9337347,0.9261406,0.8868276,0.99,0.9509212,0.95155716,0.97469795,0.98284304,0.97492135,0.9752502,0.99,0.99,0.95844775,0.963754,0.9165581,0.99,0.95719373,0.99,0.99,0.95724535,0.9856007,0.923154,0.99,0.97445667,0.84490955,0.9397335,0.8546456,0.9518034,0.99,0.87336373,0.9472024,0.9538037,0.7994624,0.93865657,0.95010686,0.9716346"
