type,key,value
latent_values,values,"0.99,0.99,0.99,0.99,0.99,0.99,0.99,0.99,0.99,0.99,0.99,0.99,0.99,0.99,0.99,0.99,0.99,0.99,0.99,0.99,0.99,0.99,0.99,0.99,0.99,0.99,0.99,0.99,0.99,0.99,0.99,0.99,0.99,0.99,0.99,0.99,0.99,0.99,0.99,0.99,0.99,0.99,0.99,0.99,0.99,0.99,0.99,0.99,0.99,0.9791263,0.98585457,0.99,0.98306304,0.97058684,0.9678133,0.9840746,0.99,0.9853362,0.98968816,0.98433393,0.99,0.9895798,0.9777512,0.97915715,0.9815786,0.9506689,0.94559926,0.9304831,0.94637537,0.95509905,0.9773229,0.9785275,0.99,0.9586017,0.95415217,0.99,0.99,0.92848885,0.9802207,0.97454065,0.96510315,0.99,0.9711673,0.96436477,0.99,0.961995,0.99,0.99,0.89891976,0.9345318,0.99,0.99,0.98070115,0.8949794,0.97813535,0.9647071,0.93723935,0.99,0.9709143,0.9413718,0.9827913,0.9392023,0.94838953,0.8723284,0.9888944,0.9787055,0.93821156,0.99,0.99,0.8501597,0.99,0.816136,0.99,0.928153,0.8478187,0.89353704,0.8835452,0.9109602,0.9039727,0.96833676,0.99,0.84975576,0.95116425,0.9364081,0.865897,0.99,0.99,0.8947106"
