type,key,value
latent_values,values,"0.99,0.99,0.99,0.99,0.99,0.99,0.99,0.99,0.99,0.99,0.99,0.99,0.99,0.99,0.99,0.99,0.99,0.99,0.99,0.99,0.99,0.99,0.99,0.99,0.99,0.99,0.99,0.99,0.99,0.99,0.99,0.99,0.99,0.99,0.99,0.99,0.99,0.99,0.99,0.99,0.99,0.99,0.99,0.99,0.99,0.99,0.99,0.99,0.99,0.99,0.99,0.99,0.99,0.99,0.9898019,0.984035,0.99,0.99,0.9855086,0.99,0.99,0.99,0.97925997,0.97784686,0.99,0.98861146,0.9794237,0.98647135,0.9828441,0.99,0.96769166,0.9877443,0.99,0.9785958,0.99,0.9647783,0.93918294,0.9838362,0.9669156,0.92678726,0.94002724,0.9871252,0.95902294,0.98805296,0.95519084,0.93074256,0.9543769,0.9491115,0.9736933,0.8982182,0.9806407,0.9743127,0.9542725,0.9729695,0.94030726,0.96977717,0.89868754,0.98172426,0.99,0.930277,0.93696564,0.97473437,0.9471317,0.9809733,0.9017057,0.89181954,0.97948927,0.9575825,0.99,0.98345786,0.94972867,0.97001916,0.9402083,0.97930616,0.926137,0.97065175,0.816737,0.94119465,0.99,0.9831756,0.96839917,0.99,0.911867,0.81301063,0.86105233,0.81358355,0.8541345,0.88541687"
