type,key,value
latent_values,values,"0.99,0.99,0.99,0.99,0.99,0.99,0.99,0.99,0.99,0.99,0.99,0.99,0.99,0.99,0.99,0.99,0.99,0.99,0.99,0.99,0.99,0.99,0.99,0.99,0.99,0.99,0.99,0.99,0.99,0.99,0.99,0.99,0.99,0.99,0.99,0.99,0.99,0.99,0.99,0.99,0.99,0.99,0.99,0.99,0.99,0.99,0.99,0.99,0.99,0.9841858,0.9860044,0.99,0.99,0.97447264,0.9722536,0.98296595,0.98776555,0.99,0.99,0.974751,0.99,0.99,0.96992344,0.98315716,0.98091877,0.99,0.9787575,0.97720075,0.9843835,0.96177226,0.98416615,0.97854906,0.9718413,0.98051745,0.99,0.9877406,0.97137856,0.98235506,0.97516847,0.99,0.9847485,0.99,0.9879456,0.9416305,0.89565456,0.9345304,0.96829593,0.99,0.93394583,0.9556237,0.97914535,0.99,0.9445056,0.97715116,0.921899,0.85435796,0.93159103,0.98170406,0.9582938,0.97211915,0.99,0.9866947,0.99,0.98862964,0.9732583,0.9860976,0.99,0.9096548,0.99,0.99,0.93149394,0.95047134,0.91649544,0.94643444,0.864459,0.9215648,0.8815135,0.8755479,0.97647595,0.963362,0.99,0.9177063,0.9275539,0.8454936,0.96463704,0.9833995,0.97810435,0.9442848"
