type,key,value
latent_values,values,"0.99,0.99,0.99,0.99,0.99,0.99,0.99,0.99,0.99,0.99,0.99,0.99,0.99,0.99,0.99,0.99,0.99,0.99,0.99,0.99,0.99,0.99,0.99,0.99,0.99,0.99,0.99,0.99,0.99,0.99,0.99,0.99,0.99,0.99,0.99,0.99,0.99,0.99,0.99,0.99,0.99,0.99,0.99,0.99,0.99,0.99,0.99,0.99,0.99,0.982439,0.9825651,0.99,0.9887895,0.97259074,0.9690658,0.98322487,0.99,0.99,0.9841148,0.97700757,0.99,0.99,0.9740286,0.9808087,0.985483,0.9521985,0.96122414,0.92745775,0.9506762,0.96956444,0.97984254,0.9825572,0.99,0.9586011,0.9805797,0.99,0.97694874,0.9412424,0.9851428,0.9678876,0.980903,0.99,0.97776127,0.9709102,0.99,0.99,0.99,0.99,0.91402614,0.9726617,0.99,0.99,0.9606495,0.8928316,0.97771394,0.9325305,0.9548583,0.9858218,0.9558783,0.97076225,0.99,0.9706395,0.93177927,0.92744756,0.99,0.9676641,0.84580463,0.9789369,0.94662875,0.8276832,0.983743,0.85681856,0.99,0.9711603,0.8728711,0.9323771,0.8968213,0.89235026,0.91333675,0.95255375,0.98723125,0.77618766,0.93861026,0.94116837,0.8139398,0.99,0.9211488,0.9203417"
