type,key,value
latent_values,values,"0.99,0.99,0.99,0.99,0.99,0.99,0.99,0.99,0.99,0.99,0.99,0.99,0.99,0.99,0.99,0.99,0.99,0.99,0.99,0.99,0.99,0.99,0.99,0.99,0.99,0.99,0.99,0.99,0.99,0.99,0.99,0.99,0.99,0.99,0.99,0.99,0.99,0.99,0.99,0.99,0.99,0.99,0.99,0.99,0.99,0.99,0.99,0.99,0.99,0.9868779,0.98374426,0.99,0.99,0.99,0.98282754,0.9781644,0.99,0.99,0.96985424,0.97809786,0.99,0.9897151,0.9808691,0.98722994,0.98526114,0.9894957,0.99,0.98598367,0.97600776,0.98594385,0.9790605,0.9871365,0.937471,0.9297181,0.9735487,0.9523913,0.9554956,0.9572849,0.95549804,0.9145054,0.99,0.99,0.948304,0.9546432,0.98255473,0.9623295,0.9828274,0.99,0.96514565,0.99,0.99,0.89133424,0.9756772,0.9688953,0.9074698,0.9813942,0.93782127,0.9767809,0.9830685,0.99,0.99,0.9619537,0.8773557,0.99,0.98077965,0.99,0.8308882,0.89265114,0.8989906,0.9471685,0.978185,0.9425545,0.97455263,0.99,0.9045704,0.99,0.9377416,0.97285527,0.99,0.982985,0.9862962,0.9847238,0.9435214,0.8566336,0.79450285,0.7614526,0.81227094,0.84732795"
