type,key,value
latent_values,values,"0.99,0.99,0.99,0.99,0.99,0.99,0.99,0.99,0.99,0.99,0.99,0.99,0.99,0.99,0.99,0.99,0.99,0.99,0.99,0.99,0.99,0.99,0.99,0.99,0.99,0.99,0.99,0.99,0.99,0.99,0.99,0.99,0.99,0.99,0.99,0.99,0.99,0.99,0.99,0.99,0.99,0.99,0.99,0.99,0.99,0.99,0.99,0.99,0.99,0.98614925,0.98824674,0.99,0.9840792,0.9746274,0.975993,0.98982495,0.99,0.99,0.98912674,0.97775424,0.98427814,0.99,0.9816691,0.9842702,0.95914364,0.99,0.9859685,0.9851227,0.99,0.96261203,0.9675164,0.99,0.9877086,0.9813641,0.99,0.9848997,0.98356956,0.9641242,0.98004764,0.98534364,0.98564947,0.988752,0.9853027,0.95874727,0.9548677,0.9382199,0.99,0.99,0.91232044,0.9279897,0.9856153,0.98048884,0.9407877,0.9388591,0.90918374,0.8817705,0.91958994,0.9747971,0.9752688,0.9599917,0.99,0.9889476,0.99,0.98675317,0.9855808,0.99,0.972202,0.96636796,0.99,0.99,0.9529067,0.93605745,0.98977345,0.95733875,0.8596927,0.87507343,0.8568394,0.8899658,0.88797784,0.9598277,0.98786855,0.9249863,0.9772034,0.83537865,0.8890604,0.9862473,0.97526497,0.97963995"
