type,key,value
latent_values,values,"0.99,0.99,0.99,0.99,0.99,0.99,0.99,0.99,0.99,0.99,0.99,0.99,0.99,0.99,0.99,0.99,0.99,0.99,0.99,0.99,0.99,0.99,0.99,0.99,0.99,0.99,0.99,0.99,0.99,0.99,0.99,0.99,0.99,0.99,0.99,0.99,0.99,0.99,0.99,0.99,0.99,0.99,0.99,0.99,0.99,0.99,0.99,0.99,0.99,0.9818716,0.99,0.99,0.99,0.98131555,0.99,0.99,0.99,0.9832652,0.97835153,0.98154294,0.9893047,0.99,0.9708183,0.9852621,0.9676898,0.97804666,0.9743339,0.94381917,0.9268797,0.9606177,0.9863536,0.9791252,0.97813463,0.94792664,0.98299754,0.98315346,0.94046205,0.9377377,0.97911626,0.9639878,0.95287055,0.99,0.9753038,0.99,0.9759863,0.9802905,0.99,0.99,0.8804793,0.9847952,0.99,0.99,0.99,0.89035434,0.94645333,0.95529354,0.8869718,0.94172764,0.9665137,0.91759706,0.99,0.8987303,0.99,0.98712915,0.95493126,0.95549613,0.7934212,0.9266137,0.9276974,0.9328172,0.95109713,0.8456012,0.99,0.9149262,0.8255162,0.9506517,0.94390225,0.84979844,0.94858384,0.9644221,0.9870446,0.9417445,0.9378379,0.97199464,0.7950873,0.94963133,0.86786854,0.82090443"
