type,key,value
latent_values,values,"0.99,0.99,0.99,0.99,0.99,0.99,0.99,0.99,0.99,0.99,0.99,0.99,0.99,0.99,0.99,0.99,0.99,0.99,0.99,0.99,0.99,0.99,0.99,0.99,0.99,0.99,0.99,0.99,0.99,0.99,0.99,0.99,0.99,0.99,0.99,0.99,0.99,0.99,0.99,0.99,0.99,0.99,0.99,0.99,0.99,0.99,0.99,0.99,0.99,0.988481,0.98329264,0.99,0.99,0.9763408,0.9793504,0.9894107,0.99,0.99,0.98131126,0.97526145,0.99,0.99,0.98027813,0.98765385,0.96676874,0.98366886,0.98727334,0.9520326,0.9787956,0.98352206,0.97701925,0.99,0.99,0.9845497,0.99,0.98402965,0.9837984,0.96516067,0.98157185,0.99,0.98165643,0.9885018,0.9864866,0.983263,0.99,0.99,0.9896336,0.99,0.9142002,0.96661186,0.99,0.99,0.94594234,0.9193638,0.9081424,0.8758862,0.9410294,0.97957116,0.9651944,0.9880293,0.9724461,0.9844064,0.9871097,0.97849387,0.9826848,0.9884581,0.89257276,0.97352463,0.92680115,0.9239376,0.9649054,0.9333642,0.98974085,0.98267645,0.9126807,0.94475716,0.875581,0.8739404,0.86546826,0.9298621,0.96360403,0.7800757,0.9666333,0.87518793,0.81806886,0.99,0.87714803,0.97181046"
