type,key,value
latent_values,values,"0.99,0.99,0.99,0.99,0.99,0.99,0.99,0.99,0.99,0.99,0.99,0.99,0.99,0.99,0.99,0.99,0.99,0.99,0.99,0.99,0.99,0.99,0.99,0.99,0.99,0.99,0.99,0.99,0.99,0.99,0.99,0.99,0.99,0.99,0.99,0.99,0.99,0.99,0.99,0.99,0.99,0.99,0.99,0.99,0.99,0.99,0.99,0.99,0.99,0.98864144,0.98470753,0.99,0.99,0.98167586,0.9878765,0.9863602,0.99,0.99,0.97698927,0.9802383,0.99,0.99,0.98812664,0.98553425,0.97349757,0.99,0.97908545,0.9556094,0.9580017,0.976648,0.9651071,0.98896,0.99,0.95835716,0.99,0.97889364,0.99,0.9780626,0.9735489,0.9790895,0.98381114,0.99,0.97861624,0.9651667,0.99,0.9840185,0.99,0.99,0.92158735,0.9602921,0.9878123,0.99,0.95782226,0.93471044,0.9211825,0.8986525,0.9134693,0.98405516,0.9737816,0.98339975,0.9883081,0.99,0.9867037,0.99,0.96138024,0.99,0.8829694,0.97311276,0.9457819,0.9719772,0.9843936,0.8959066,0.9896209,0.98097765,0.8497163,0.9600005,0.89275277,0.8996214,0.87932223,0.9294224,0.97639406,0.80517906,0.9382785,0.91347384,0.80118537,0.98688984,0.866311,0.9396481"
