type,key,value
latent_values,values,"0.99,0.99,0.99,0.99,0.99,0.99,0.99,0.99,0.99,0.99,0.99,0.99,0.99,0.99,0.99,0.99,0.99,0.99,0.99,0.99,0.99,0.99,0.99,0.99,0.99,0.99,0.99,0.99,0.99,0.99,0.99,0.99,0.99,0.99,0.99,0.99,0.99,0.99,0.99,0.99,0.99,0.99,0.99,0.99,0.99,0.99,0.99,0.99,0.99,0.98715186,0.99,0.99,0.986985,0.9831781,0.9841038,0.99,0.99,0.99,0.98923856,0.9779996,0.99,0.99,0.9843807,0.98171777,0.95831645,0.98508734,0.976141,0.97317916,0.9826681,0.96018034,0.9756589,0.99,0.99,0.9648938,0.99,0.99,0.9713423,0.953609,0.98494625,0.99,0.97515845,0.98756105,0.98429364,0.99,0.99,0.9880101,0.99,0.99,0.9210316,0.987259,0.9826289,0.99,0.9529678,0.90601647,0.9265784,0.8939097,0.9117879,0.95846516,0.95980555,0.96045667,0.99,0.98252696,0.98667777,0.97690624,0.98702806,0.98894083,0.8517086,0.9650131,0.93021524,0.94941115,0.9634831,0.890171,0.98802894,0.9710908,0.8729131,0.9468438,0.9349774,0.89125615,0.8929554,0.93025655,0.98855263,0.804472,0.9747278,0.87004995,0.8053491,0.99,0.9158142,0.95831996"
