type,key,value
latent_values,values,"0.99,0.99,0.99,0.99,0.99,0.99,0.99,0.99,0.99,0.99,0.99,0.99,0.99,0.99,0.99,0.99,0.99,0.99,0.99,0.99,0.99,0.99,0.99,0.99,0.99,0.99,0.99,0.99,0.99,0.99,0.99,0.99,0.99,0.99,0.99,0.99,0.99,0.99,0.99,0.99,0.99,0.99,0.99,0.99,0.99,0.99,0.99,0.99,0.99,0.98560786,0.99,0.99,0.9883923,0.9867191,0.97188014,0.99,0.99,0.99,0.9813398,0.9780189,0.98430985,0.99,0.98455316,0.9852002,0.9583787,0.99,0.9868428,0.9852254,0.99,0.96453094,0.97884893,0.99,0.98371893,0.9455741,0.99,0.98541397,0.98197323,0.937911,0.99,0.9654581,0.9890817,0.98955876,0.984165,0.9762267,0.9859084,0.97840494,0.99,0.99,0.91062,0.98457754,0.99,0.9418703,0.9584847,0.9447409,0.90760416,0.88171136,0.9363409,0.93574625,0.9799448,0.96858305,0.9899255,0.97315925,0.99,0.99,0.98702526,0.99,0.81754684,0.94142085,0.8996787,0.99,0.949711,0.94701254,0.9784344,0.96623063,0.84735584,0.9336671,0.9279657,0.8703536,0.8862852,0.98863435,0.9758684,0.8171999,0.9844378,0.8162969,0.8000077,0.96562356,0.8559172,0.9404359"
