type,key,value
latent_values,values,"0.99,0.99,0.99,0.99,0.99,0.99,0.99,0.99,0.99,0.99,0.99,0.99,0.99,0.99,0.99,0.99,0.99,0.99,0.99,0.99,0.99,0.99,0.99,0.99,0.99,0.99,0.99,0.99,0.99,0.99,0.99,0.99,0.99,0.99,0.99,0.99,0.99,0.99,0.99,0.99,0.99,0.99,0.99,0.99,0.99,0.99,0.99,0.99,0.99,0.99,0.98377436,0.99,0.98747516,0.9841102,0.97192514,0.9894804,0.99,0.99,0.99,0.9728108,0.99,0.99,0.9783426,0.98449415,0.9791479,0.97159195,0.989805,0.9884785,0.98654246,0.99,0.98134416,0.989435,0.9639807,0.9851618,0.98541933,0.97913367,0.9639358,0.99,0.97733593,0.9861061,0.9654152,0.99,0.98718643,0.99,0.9525198,0.9212925,0.97214615,0.959792,0.9480094,0.94177425,0.98999065,0.95024323,0.9320913,0.97741663,0.88791084,0.95046055,0.9291292,0.9811059,0.97369957,0.9593344,0.99,0.9700157,0.98047245,0.97449046,0.960165,0.98510545,0.99,0.89480394,0.99,0.99,0.95836574,0.9795319,0.9553594,0.93136674,0.99,0.9653707,0.8820603,0.9453812,0.9716468,0.9735164,0.97681785,0.98755693,0.95000964,0.8068095,0.92922056,0.9886199,0.99,0.97764945"
