type,key,value
latent_values,values,"0.99,0.99,0.99,0.99,0.99,0.99,0.99,0.99,0.99,0.99,0.99,0.99,0.99,0.99,0.99,0.99,0.99,0.99,0.99,0.99,0.99,0.99,0.99,0.99,0.99,0.99,0.99,0.99,0.99,0.99,0.99,0.99,0.99,0.99,0.99,0.99,0.99,0.99,0.99,0.99,0.99,0.99,0.99,0.99,0.99,0.99,0.99,0.99,0.99,0.9842439,0.99,0.99,0.974135,0.9706242,0.971919,0.99,0.99,0.99,0.9832197,0.97791874,0.99,0.99,0.9582894,0.9778081,0.9613078,0.9778648,0.95543444,0.9521911,0.9887128,0.9439209,0.97523725,0.99,0.99,0.99,0.9899439,0.99,0.97768617,0.92562056,0.9806891,0.99,0.9731715,0.99,0.97096753,0.95836693,0.99,0.9741785,0.99,0.99,0.8941142,0.96697336,0.9750874,0.99,0.9460198,0.907396,0.90242517,0.87357527,0.97779995,0.970391,0.9496066,0.9418847,0.99,0.96685165,0.9848325,0.9347461,0.98756915,0.97466826,0.9199283,0.98583,0.99,0.96420515,0.9665395,0.96164304,0.99,0.96884924,0.8680904,0.90291464,0.85797936,0.865309,0.8417201,0.98627687,0.98600996,0.766373,0.96156377,0.83545965,0.849319,0.98365116,0.9578241,0.8765143"
