type,key,value
latent_values,values,"0.99,0.99,0.99,0.99,0.99,0.99,0.99,0.99,0.99,0.99,0.99,0.99,0.99,0.99,0.99,0.99,0.99,0.99,0.99,0.99,0.99,0.99,0.99,0.99,0.99,0.99,0.99,0.99,0.99,0.99,0.99,0.99,0.99,0.99,0.99,0.99,0.99,0.99,0.99,0.99,0.99,0.99,0.99,0.99,0.99,0.99,0.99,0.99,0.99,0.98346555,0.9857748,0.99,0.99,0.98904073,0.98991627,0.99,0.99,0.98870057,0.99,0.97013515,0.98724604,0.99,0.9666802,0.98627704,0.9644033,0.9874568,0.98478967,0.9838196,0.98285276,0.97931784,0.9837385,0.99,0.98162025,0.95784193,0.99,0.982097,0.94873244,0.95122355,0.98407644,0.99,0.97905463,0.99,0.9706519,0.99,0.9790908,0.99,0.99,0.98807204,0.9265882,0.99,0.98580647,0.99,0.95068365,0.8835038,0.91661763,0.9103293,0.92322296,0.9535269,0.97931206,0.98060656,0.9795997,0.98419464,0.98693335,0.9821594,0.9887053,0.9653652,0.82633126,0.9660832,0.8756867,0.93728197,0.94026786,0.92781746,0.98262256,0.9816177,0.87116724,0.94909245,0.9502304,0.8706141,0.95534194,0.85295033,0.96474665,0.82213,0.97913986,0.86970776,0.8278704,0.99,0.8445179,0.9530656"
