type,key,value
latent_values,values,"0.99,0.99,0.99,0.99,0.99,0.99,0.99,0.99,0.99,0.99,0.99,0.99,0.99,0.99,0.99,0.99,0.99,0.99,0.99,0.99,0.99,0.99,0.99,0.99,0.99,0.99,0.99,0.99,0.99,0.99,0.99,0.99,0.99,0.99,0.99,0.99,0.99,0.99,0.99,0.99,0.99,0.99,0.99,0.99,0.99,0.99,0.99,0.99,0.99,0.99,0.99,0.99,0.98655534,0.99,0.98352855,0.9875833,0.980046,0.99,0.99,0.99,0.99,0.99,0.96375436,0.97885454,0.9832821,0.99,0.97020197,0.98760945,0.9880355,0.9626092,0.9760435,0.97683716,0.9793059,0.9552179,0.9711341,0.99,0.9670253,0.99,0.9825631,0.9579301,0.96080965,0.9820771,0.958924,0.9373746,0.93227524,0.9539646,0.9498036,0.99,0.9667992,0.99,0.9603335,0.9768719,0.9742077,0.9734261,0.8906379,0.8918433,0.9585033,0.9166372,0.9632423,0.9740439,0.9879572,0.98597753,0.99,0.97724265,0.9306802,0.93557334,0.97440356,0.84262335,0.9339966,0.99,0.9470333,0.9738048,0.84083277,0.9729998,0.82759565,0.9214994,0.99,0.8771827,0.9837253,0.9676135,0.9534462,0.9152868,0.96556056,0.8132621,0.98320705,0.9796343,0.9709714,0.95524776"
