type,key,value
latent_values,values,"0.99,0.99,0.99,0.99,0.99,0.99,0.99,0.99,0.99,0.99,0.99,0.99,0.99,0.99,0.99,0.99,0.99,0.99,0.99,0.99,0.99,0.99,0.99,0.99,0.99,0.99,0.99,0.99,0.99,0.99,0.99,0.99,0.99,0.99,0.99,0.99,0.99,0.99,0.99,0.99,0.99,0.99,0.99,0.99,0.99,0.99,0.99,0.99,0.99,0.9860986,0.98714703,0.99,0.98900855,0.99,0.99,0.99,0.99,0.98968905,0.99,0.96481574,0.9881889,0.99,0.97710806,0.99,0.96505857,0.9688557,0.9636666,0.95104975,0.9691471,0.98030597,0.9874311,0.99,0.9681689,0.96847,0.9849934,0.97705287,0.93339664,0.92526436,0.9869396,0.99,0.96846044,0.99,0.97336084,0.99,0.9805064,0.99,0.99,0.99,0.9075131,0.99,0.986524,0.99,0.9481269,0.88927275,0.93997604,0.9024812,0.91739124,0.96249646,0.9687224,0.98528224,0.9810675,0.97543365,0.98273385,0.9345743,0.98336726,0.97003126,0.81198907,0.9526892,0.86889315,0.9115654,0.9543284,0.9149804,0.981381,0.99,0.86848265,0.95435876,0.9635169,0.88155967,0.9581576,0.9489017,0.9587993,0.84425855,0.974699,0.90393996,0.8190575,0.9861908,0.80992115,0.92090243"
