type,key,value
latent_values,values,"0.99,0.99,0.99,0.99,0.99,0.99,0.99,0.99,0.99,0.99,0.99,0.99,0.99,0.99,0.99,0.99,0.99,0.99,0.99,0.99,0.99,0.99,0.99,0.99,0.99,0.99,0.99,0.99,0.99,0.99,0.99,0.99,0.99,0.99,0.99,0.99,0.99,0.99,0.99,0.99,0.99,0.99,0.99,0.99,0.99,0.99,0.99,0.99,0.99,0.98197037,0.99,0.99,0.9761709,0.96935105,0.96126443,0.98380786,0.99,0.9882087,0.99,0.96923274,0.99,0.99,0.9565667,0.9774154,0.98347944,0.97583807,0.95833695,0.9527023,0.98057735,0.9411068,0.9858961,0.97738594,0.98516804,0.99,0.9605643,0.99,0.9450114,0.930725,0.9766888,0.99,0.9818733,0.99,0.96778166,0.9450117,0.9173379,0.96230394,0.9709085,0.99,0.92713684,0.9712777,0.9508014,0.99,0.9632974,0.91702354,0.9259046,0.9123227,0.99,0.99,0.96599597,0.96793735,0.9882816,0.95261425,0.99,0.9049588,0.9877519,0.96221054,0.99,0.9781351,0.9833948,0.91895443,0.9570147,0.9896393,0.9005723,0.98455703,0.8582861,0.93054134,0.84792405,0.8484475,0.9836229,0.99,0.99,0.7772218,0.8830856,0.8740507,0.96638685,0.97377944,0.9425207,0.85363215"
