type,key,value
latent_values,values,"0.99,0.99,0.99,0.99,0.99,0.99,0.99,0.99,0.99,0.99,0.99,0.99,0.99,0.99,0.99,0.99,0.99,0.99,0.99,0.99,0.99,0.99,0.99,0.99,0.99,0.99,0.99,0.99,0.99,0.99,0.99,0.99,0.99,0.99,0.99,0.99,0.99,0.99,0.99,0.99,0.99,0.99,0.99,0.99,0.99,0.99,0.99,0.99,0.99,0.98067683,0.9883641,0.99,0.97058094,0.9728246,0.95472074,0.98030347,0.98051023,0.9862512,0.99,0.9885272,0.99,0.99,0.9616833,0.97312677,0.98837435,0.95290893,0.9630638,0.93109936,0.9669773,0.94757587,0.9816894,0.97245413,0.9780678,0.9888924,0.95539606,0.9869897,0.9833147,0.91508466,0.9809306,0.9850962,0.9795172,0.9822182,0.98316246,0.9347339,0.93870026,0.9056813,0.99,0.99,0.9119342,0.91060567,0.99,0.99,0.984442,0.9359764,0.9788028,0.9308757,0.9780297,0.99,0.97242707,0.92783475,0.97962815,0.9220322,0.94933254,0.8529941,0.97319615,0.96190524,0.97779465,0.99,0.99,0.8417509,0.99,0.8799018,0.9344293,0.962981,0.85004985,0.87096006,0.88145465,0.9013496,0.92023706,0.99,0.99,0.8663569,0.9282157,0.9284925,0.9736142,0.9802536,0.99,0.84528285"
