type,key,value
latent_values,values,"0.99,0.99,0.99,0.99,0.99,0.99,0.99,0.99,0.99,0.99,0.99,0.99,0.99,0.99,0.99,0.99,0.99,0.99,0.99,0.99,0.99,0.99,0.99,0.99,0.99,0.99,0.99,0.99,0.99,0.99,0.99,0.99,0.99,0.99,0.99,0.99,0.99,0.99,0.99,0.99,0.99,0.99,0.99,0.99,0.99,0.99,0.99,0.99,0.99,0.9885227,0.99,0.99,0.9799669,0.99,0.99,0.99,0.99,0.99,0.98684996,0.98159564,0.98770905,0.99,0.96922356,0.9792866,0.9549026,0.9812793,0.99,0.9691986,0.9849883,0.94994265,0.98679113,0.99,0.96670854,0.9650726,0.99,0.98494524,0.91914463,0.91980314,0.98798645,0.99,0.95249116,0.99,0.9819779,0.9798085,0.96777534,0.97941613,0.9891715,0.99,0.91741616,0.99,0.98564464,0.99,0.9804944,0.91550744,0.92545277,0.8642498,0.9291425,0.9160309,0.9670395,0.88542855,0.98617226,0.8860282,0.98669845,0.97061974,0.9757745,0.97547835,0.80118203,0.95361555,0.9008205,0.97799253,0.93996483,0.90003914,0.99,0.9834335,0.8624981,0.8837765,0.99,0.88364923,0.9859102,0.96632963,0.99,0.9235704,0.96671975,0.89169085,0.7929093,0.98604757,0.86489487,0.85104066"
