type,key,value
latent_values,values,"0.99,0.99,0.99,0.99,0.99,0.99,0.99,0.99,0.99,0.99,0.99,0.99,0.99,0.99,0.99,0.99,0.99,0.99,0.99,0.99,0.99,0.99,0.99,0.99,0.99,0.99,0.99,0.99,0.99,0.99,0.99,0.99,0.99,0.99,0.99,0.99,0.99,0.99,0.99,0.99,0.99,0.99,0.99,0.99,0.99,0.99,0.99,0.99,0.99,0.99,0.9789097,0.99,0.99,0.99,0.9853778,0.9822706,0.99,0.9831388,0.99,0.96336764,0.98507756,0.99,0.9803932,0.9879651,0.99,0.98552567,0.9864629,0.99,0.9675791,0.99,0.99,0.99,0.94073117,0.9420261,0.972708,0.9680534,0.9147897,0.96530825,0.9826479,0.98971534,0.99,0.9865361,0.9763396,0.9733849,0.9467691,0.9351657,0.98295677,0.99,0.9454244,0.99,0.9870538,0.99,0.95203596,0.9251828,0.9729985,0.97542894,0.9777156,0.9480553,0.9831546,0.9879472,0.970686,0.98449236,0.95172256,0.95886236,0.9857329,0.99,0.83694935,0.96374077,0.84146863,0.8932174,0.93102515,0.9107663,0.948766,0.99,0.8589114,0.9884687,0.99,0.90147835,0.98556846,0.92228186,0.89473,0.96810746,0.94865835,0.9806238,0.8686124,0.98374593,0.77067345,0.9515473"
