type,key,value
latent_values,values,"0.99,0.99,0.99,0.99,0.99,0.99,0.99,0.99,0.99,0.99,0.99,0.99,0.99,0.99,0.99,0.99,0.99,0.99,0.99,0.99,0.99,0.99,0.99,0.99,0.99,0.99,0.99,0.99,0.99,0.99,0.99,0.99,0.99,0.99,0.99,0.99,0.99,0.99,0.99,0.99,0.99,0.99,0.99,0.99,0.99,0.99,0.99,0.99,0.99,0.99,0.99,0.9802051,0.99,0.9896098,0.99,0.99,0.99,0.99,0.9828447,0.977183,0.9863563,0.9771359,0.99,0.97407764,0.99,0.95351493,0.9742309,0.93568224,0.9254648,0.9770532,0.99,0.9283536,0.98636967,0.9568155,0.99,0.9755247,0.9737381,0.9092669,0.99,0.99,0.99,0.99,0.99,0.98545384,0.99,0.96992046,0.9568372,0.98165154,0.9653205,0.98422617,0.98672056,0.9002421,0.9839174,0.94943345,0.9698275,0.99,0.9427085,0.8943331,0.98869133,0.9666581,0.9833305,0.9068391,0.9364473,0.93601704,0.90449613,0.8606044,0.8212318,0.90989965,0.9203838,0.9440145,0.87984383,0.8708681,0.99,0.83013755,0.9857667,0.8487618,0.94615877,0.81388706,0.9026452,0.9790057,0.99,0.9711709,0.9567233,0.9716874,0.7743963,0.99,0.9367787,0.8175587"
