type,key,value
latent_values,values,"0.99,0.99,0.99,0.99,0.99,0.99,0.99,0.99,0.99,0.99,0.99,0.99,0.99,0.99,0.99,0.99,0.99,0.99,0.99,0.99,0.99,0.99,0.99,0.99,0.99,0.99,0.99,0.99,0.99,0.99,0.99,0.99,0.99,0.99,0.99,0.99,0.99,0.99,0.99,0.99,0.99,0.99,0.99,0.99,0.99,0.99,0.99,0.99,0.99,0.9823163,0.99,0.99,0.9737838,0.981293,0.9623378,0.9867764,0.9812702,0.98419863,0.99,0.99,0.99,0.99,0.95465493,0.9738025,0.9774113,0.96622455,0.95932126,0.9335959,0.97705966,0.9473076,0.9815394,0.9696841,0.9715357,0.99,0.9564557,0.99,0.9631254,0.91548836,0.97757566,0.99,0.9793806,0.98589534,0.98414236,0.9223205,0.90985596,0.9406144,0.98132306,0.99,0.9145494,0.9427992,0.99,0.99,0.9832164,0.95521474,0.9404741,0.8908917,0.97771615,0.99,0.96793175,0.873905,0.9470002,0.9041243,0.98133194,0.89584124,0.96256626,0.9592056,0.99,0.98722595,0.99,0.9141972,0.9710383,0.93047243,0.9229393,0.97328365,0.87971926,0.873173,0.9224989,0.8939799,0.9879107,0.99,0.9744617,0.8926095,0.9442017,0.8623492,0.97162515,0.99,0.9891473,0.8681302"
