type,key,value
latent_values,values,"0.99,0.99,0.99,0.99,0.99,0.99,0.99,0.99,0.99,0.99,0.99,0.99,0.99,0.99,0.99,0.99,0.99,0.99,0.99,0.99,0.99,0.99,0.99,0.99,0.99,0.99,0.99,0.99,0.99,0.99,0.99,0.99,0.99,0.99,0.99,0.99,0.99,0.99,0.99,0.99,0.99,0.99,0.99,0.99,0.99,0.99,0.99,0.99,0.99,0.9819718,0.99,0.99,0.9883787,0.98787075,0.9778687,0.99,0.99,0.989819,0.9812355,0.9696046,0.99,0.99,0.96545804,0.98717695,0.98690814,0.99,0.96795684,0.95671713,0.977809,0.9667354,0.9893374,0.99,0.9696167,0.9546644,0.99,0.97187525,0.94806606,0.93127906,0.9783757,0.99,0.97872734,0.99,0.96331316,0.9707137,0.9899523,0.9764451,0.99,0.99,0.9004116,0.99,0.99,0.99,0.96207565,0.8932928,0.9447787,0.8598519,0.94679755,0.94298375,0.94801784,0.97292924,0.9842295,0.956391,0.99,0.9665426,0.99,0.977643,0.7997473,0.9328153,0.88072705,0.95194167,0.94688255,0.9183048,0.9841947,0.9879131,0.88808507,0.978944,0.9521978,0.88777053,0.90317154,0.9502777,0.9613679,0.79477406,0.9332868,0.8841681,0.804737,0.97320443,0.7919853,0.8639973"
