type,key,value
latent_values,values,"0.99,0.99,0.99,0.99,0.99,0.99,0.99,0.99,0.99,0.99,0.99,0.99,0.99,0.99,0.99,0.99,0.99,0.99,0.99,0.99,0.99,0.99,0.99,0.99,0.99,0.99,0.99,0.99,0.99,0.99,0.99,0.99,0.99,0.99,0.99,0.99,0.99,0.99,0.99,0.99,0.99,0.99,0.99,0.99,0.99,0.99,0.99,0.99,0.99,0.99,0.9787719,0.99,0.99,0.9836668,0.97558725,0.99,0.99,0.99,0.9833244,0.9769532,0.99,0.99,0.9876424,0.99,0.9748528,0.9882196,0.98888284,0.987089,0.9885807,0.9865956,0.9749001,0.99,0.99,0.9783507,0.99,0.98700833,0.98888785,0.9849093,0.98229873,0.99,0.98293644,0.9867087,0.98766726,0.98266566,0.97823805,0.97875667,0.9894679,0.98946244,0.93236274,0.95288795,0.98961496,0.954516,0.9449771,0.94068813,0.89990985,0.88882625,0.9305303,0.96780515,0.96829736,0.97480184,0.97188187,0.98670274,0.9899749,0.98878205,0.94941825,0.99,0.932016,0.9601464,0.9450063,0.97103983,0.9521487,0.95127666,0.9858854,0.96995324,0.8666702,0.9387702,0.8770963,0.87943953,0.8568886,0.92791396,0.9625487,0.8280889,0.97789526,0.86121553,0.8136556,0.99,0.9190949,0.9878411"
