type,key,value
latent_values,values,"0.99,0.99,0.99,0.99,0.99,0.99,0.99,0.99,0.99,0.99,0.99,0.99,0.99,0.99,0.99,0.99,0.99,0.99,0.99,0.99,0.99,0.99,0.99,0.99,0.99,0.99,0.99,0.99,0.99,0.99,0.99,0.99,0.99,0.99,0.99,0.99,0.99,0.99,0.99,0.99,0.99,0.99,0.99,0.99,0.99,0.99,0.99,0.99,0.99,0.9826602,0.99,0.99,0.98224324,0.97903895,0.96969515,0.9859974,0.99,0.99,0.9872533,0.9765201,0.99,0.99,0.9658094,0.97944,0.9856815,0.96417,0.95960224,0.9371055,0.96464676,0.95646024,0.9778225,0.9682287,0.99,0.97012824,0.99,0.99,0.96587336,0.92134273,0.98697555,0.9765626,0.9679628,0.99,0.98151934,0.9747823,0.99,0.9805551,0.99,0.99,0.9209272,0.97615945,0.99,0.985361,0.96828127,0.89618087,0.99,0.9271061,0.96423256,0.98409915,0.9409102,0.91411465,0.98545253,0.9234442,0.90918875,0.8903499,0.98831505,0.96555656,0.84578836,0.98608595,0.94128686,0.8683319,0.98805803,0.8511645,0.99,0.97807205,0.86584514,0.90894073,0.92921585,0.9084723,0.91295815,0.97530234,0.99,0.74707794,0.9603229,0.9479631,0.80544865,0.9708849,0.9643457,0.8936655"
