type,key,value
latent_values,values,"0.99,0.99,0.99,0.99,0.99,0.99,0.99,0.99,0.99,0.99,0.99,0.99,0.99,0.99,0.99,0.99,0.99,0.99,0.99,0.99,0.99,0.99,0.99,0.99,0.99,0.99,0.99,0.99,0.99,0.99,0.99,0.99,0.99,0.99,0.99,0.99,0.99,0.99,0.99,0.99,0.99,0.99,0.99,0.99,0.99,0.99,0.99,0.99,0.99,0.9858858,0.99,0.99,0.99,0.972638,0.9701111,0.98534954,0.9836669,0.99,0.99,0.97935534,0.99,0.99,0.96116537,0.9814805,0.98486286,0.99,0.9731243,0.9662674,0.98450375,0.9593391,0.9846382,0.9644284,0.97446597,0.98132765,0.99,0.99,0.9784631,0.97325796,0.9744651,0.9853811,0.98783547,0.9882888,0.9804284,0.92775494,0.9041881,0.93338925,0.97693956,0.99,0.9333353,0.9440707,0.9744823,0.99,0.9545883,0.9826022,0.92315704,0.8452748,0.9459588,0.9765119,0.9529851,0.96608335,0.99,0.9832146,0.99,0.9891582,0.97327495,0.94672585,0.98914546,0.9034389,0.99,0.99,0.931258,0.9629993,0.92261726,0.9443576,0.8709003,0.93382764,0.8742826,0.863053,0.9626607,0.9833152,0.9871705,0.8649065,0.92024046,0.83122545,0.98161674,0.97888756,0.9705309,0.93807834"
