type,key,value
latent_values,values,"0.99,0.99,0.99,0.99,0.99,0.99,0.99,0.99,0.99,0.99,0.99,0.99,0.99,0.99,0.99,0.99,0.99,0.99,0.99,0.99,0.99,0.99,0.99,0.99,0.99,0.99,0.99,0.99,0.99,0.99,0.99,0.99,0.99,0.99,0.99,0.99,0.99,0.99,0.99,0.99,0.99,0.99,0.99,0.99,0.99,0.99,0.99,0.99,0.99,0.98179233,0.99,0.99,0.9879835,0.986344,0.9630626,0.99,0.99,0.9883809,0.9785783,0.9744747,0.99,0.99,0.9806762,0.98926824,0.9688907,0.99,0.9774703,0.9581523,0.9868483,0.9818923,0.99,0.99,0.97753656,0.9743785,0.9872084,0.9700626,0.99,0.92444944,0.9853174,0.99,0.97117984,0.98625124,0.9786916,0.96761924,0.96622396,0.9831236,0.99,0.9851278,0.8942418,0.9789928,0.99,0.9864487,0.9527327,0.8825077,0.91011286,0.8568611,0.95854837,0.9716873,0.95890313,0.9801638,0.9368033,0.97792053,0.99,0.9483731,0.98442334,0.9548767,0.8752911,0.95376086,0.905988,0.9664753,0.9439995,0.9676676,0.97115993,0.9748752,0.90233225,0.9583613,0.90767044,0.88218963,0.8000825,0.9708556,0.9344774,0.7846786,0.98604643,0.83991,0.81150997,0.9786084,0.79095036,0.960192"
