type,key,value
latent_values,values,"0.99,0.99,0.99,0.99,0.99,0.99,0.99,0.99,0.99,0.99,0.99,0.99,0.99,0.99,0.99,0.99,0.99,0.99,0.99,0.99,0.99,0.99,0.99,0.99,0.99,0.99,0.99,0.99,0.99,0.99,0.99,0.99,0.99,0.99,0.99,0.99,0.99,0.99,0.99,0.99,0.99,0.99,0.99,0.99,0.99,0.99,0.99,0.99,0.99,0.99,0.9898991,0.99,0.97818655,0.99,0.9689067,0.9835253,0.9834478,0.99,0.99,0.97304034,0.99,0.98349065,0.9582228,0.9737882,0.99,0.94658726,0.96227247,0.9244242,0.9465282,0.9553422,0.980515,0.93868846,0.9775636,0.99,0.9470492,0.99,0.9555938,0.90866715,0.9886184,0.94155025,0.99,0.99,0.9479589,0.9464835,0.9852221,0.92953473,0.94579893,0.98905617,0.98713213,0.9740403,0.9623841,0.9322288,0.97323364,0.9412929,0.99,0.9698768,0.99,0.9893206,0.978047,0.9828036,0.9874907,0.92670006,0.8840837,0.86445624,0.96451336,0.8803913,0.9692617,0.99,0.9366487,0.85790366,0.99,0.95066565,0.88414717,0.9771217,0.839453,0.91514385,0.9822614,0.8629356,0.98969793,0.99,0.99,0.88535565,0.9146857,0.98365337,0.98341215,0.9406025,0.99,0.8748335"
