type,key,value
latent_values,values,"0.99,0.99,0.99,0.99,0.99,0.99,0.99,0.99,0.99,0.99,0.99,0.99,0.99,0.99,0.99,0.99,0.99,0.99,0.99,0.99,0.99,0.99,0.99,0.99,0.99,0.99,0.99,0.99,0.99,0.99,0.99,0.99,0.99,0.99,0.99,0.99,0.99,0.99,0.99,0.99,0.99,0.99,0.99,0.99,0.99,0.99,0.99,0.99,0.99,0.9826936,0.99,0.99,0.98938113,0.97076005,0.968792,0.98557955,0.99,0.98652875,0.9801199,0.9738831,0.98971486,0.99,0.9641715,0.9879101,0.96837837,0.99,0.97044855,0.9764594,0.9894989,0.9496689,0.97966534,0.9829694,0.98815936,0.98631054,0.99,0.9877371,0.98362654,0.9324773,0.9803207,0.99,0.9822129,0.99,0.9786844,0.93927246,0.9509521,0.961184,0.99,0.99,0.8868792,0.9383717,0.99,0.99,0.9411392,0.93709844,0.91578245,0.8628073,0.9631545,0.9692732,0.93574953,0.9501981,0.99,0.95648915,0.99,0.9693411,0.9802192,0.98496175,0.9572696,0.95058745,0.9874738,0.99,0.9445858,0.9397721,0.9868969,0.9612324,0.8744774,0.92659485,0.81027514,0.87188625,0.8558329,0.99,0.9735676,0.80026215,0.9506455,0.8397585,0.84834117,0.97187465,0.95697886,0.9164934"
