type,key,value
latent_values,values,"0.99,0.99,0.99,0.99,0.99,0.99,0.99,0.99,0.99,0.99,0.99,0.99,0.99,0.99,0.99,0.99,0.99,0.99,0.99,0.99,0.99,0.99,0.99,0.99,0.99,0.99,0.99,0.99,0.99,0.99,0.99,0.99,0.99,0.99,0.99,0.99,0.99,0.99,0.99,0.99,0.99,0.99,0.99,0.99,0.99,0.99,0.99,0.99,0.99,0.99,0.99,0.99,0.99,0.9829914,0.98269045,0.98598415,0.99,0.9886862,0.98073655,0.97443,0.9854593,0.99,0.98824996,0.98163193,0.9594928,0.9853445,0.98818505,0.99,0.9658338,0.9578763,0.9765303,0.99,0.99,0.963929,0.9747543,0.99,0.98462355,0.9542401,0.984883,0.97852683,0.982605,0.9860669,0.98581976,0.982207,0.99,0.99,0.9840636,0.99,0.92337584,0.9826982,0.9886534,0.99,0.94569176,0.9397065,0.9758028,0.9715615,0.9692068,0.946374,0.9837668,0.9693513,0.9881084,0.98323977,0.9662168,0.97123194,0.98160654,0.984347,0.86622274,0.99,0.9107453,0.95264226,0.98449355,0.8639255,0.9895132,0.977851,0.84026355,0.93962294,0.9149377,0.8770144,0.88640505,0.9320602,0.99,0.80165035,0.98018277,0.98632455,0.80174696,0.97916347,0.90500194,0.96076304"
