type,key,value
latent_values,values,"0.99,0.99,0.99,0.99,0.99,0.99,0.99,0.99,0.99,0.99,0.99,0.99,0.99,0.99,0.99,0.99,0.99,0.99,0.99,0.99,0.99,0.99,0.99,0.99,0.99,0.99,0.99,0.99,0.99,0.99,0.99,0.99,0.99,0.99,0.99,0.99,0.99,0.99,0.99,0.99,0.99,0.99,0.99,0.99,0.99,0.99,0.99,0.99,0.99,0.99,0.99,0.99,0.96731114,0.99,0.97085667,0.99,0.99,0.99,0.99,0.9896487,0.98614883,0.9869057,0.9678794,0.98091173,0.99,0.9481287,0.9729384,0.92731255,0.972489,0.98439926,0.98831713,0.97487473,0.96164274,0.97030276,0.961134,0.99,0.97043645,0.97096837,0.99,0.94811565,0.98623574,0.99,0.96746755,0.9187324,0.99,0.9394773,0.9330113,0.9640275,0.99,0.9673287,0.947847,0.8787659,0.98211133,0.9770183,0.99,0.8645107,0.97740453,0.98096985,0.96004295,0.97327894,0.9792072,0.8995474,0.8632227,0.95768887,0.99,0.87406075,0.9591904,0.9793453,0.971455,0.86205864,0.975226,0.9828253,0.8999694,0.99,0.9145915,0.982913,0.99,0.9413192,0.93838596,0.96308106,0.87687624,0.9729376,0.97095793,0.968985,0.97827446,0.9574219,0.9886956,0.9892221"
