type,key,value
latent_values,values,"0.99,0.99,0.99,0.99,0.99,0.99,0.99,0.99,0.99,0.99,0.99,0.99,0.99,0.99,0.99,0.99,0.99,0.99,0.99,0.99,0.99,0.99,0.99,0.99,0.99,0.99,0.99,0.99,0.99,0.99,0.99,0.99,0.99,0.99,0.99,0.99,0.99,0.99,0.99,0.99,0.99,0.99,0.99,0.99,0.99,0.99,0.99,0.99,0.99,0.9871,0.9819934,0.99,0.99,0.97301626,0.9790406,0.98600197,0.99,0.99,0.9855133,0.97607213,0.99,0.99,0.98627454,0.9893964,0.9730909,0.9746628,0.9876254,0.93706673,0.963764,0.9836056,0.97455716,0.99,0.99,0.97724843,0.99,0.99,0.9859391,0.97827077,0.97900206,0.99,0.983401,0.98990804,0.9892837,0.97683626,0.98981106,0.986091,0.99,0.99,0.9133104,0.95807874,0.98601365,0.99,0.94423944,0.9303302,0.9236486,0.90939707,0.9278994,0.98809063,0.975261,0.97911066,0.9840493,0.9898489,0.98783314,0.97451043,0.97739655,0.99,0.8932748,0.9815726,0.95153606,0.9061453,0.9768679,0.90369415,0.99,0.9769949,0.89335984,0.95151263,0.8834664,0.9015133,0.8785859,0.9086754,0.97953254,0.79264796,0.9542848,0.88729525,0.8265969,0.99,0.9311851,0.9800587"
