type,key,value
latent_values,values,"0.99,0.99,0.99,0.99,0.99,0.99,0.99,0.99,0.99,0.99,0.99,0.99,0.99,0.99,0.99,0.99,0.99,0.99,0.99,0.99,0.99,0.99,0.99,0.99,0.99,0.99,0.99,0.99,0.99,0.99,0.99,0.99,0.99,0.99,0.99,0.99,0.99,0.99,0.99,0.99,0.99,0.99,0.99,0.99,0.99,0.99,0.99,0.99,0.9686749,0.9837696,0.99,0.983153,0.99,0.99,0.99,0.99,0.99,0.98657143,0.99,0.99,0.98100346,0.99,0.9681171,0.988666,0.96018016,0.99,0.99,0.9899259,0.982049,0.9561413,0.94773203,0.97060716,0.9516556,0.9886615,0.99,0.9765923,0.93227744,0.9158764,0.9371285,0.92472374,0.97659945,0.9623142,0.9539085,0.97161824,0.99,0.9111487,0.898574,0.9097197,0.98906237,0.9120667,0.9229642,0.87716395,0.99,0.8848243,0.9349597,0.9744705,0.9741664,0.99,0.8566385,0.9860295,0.9855988,0.9258037,0.8571916,0.8517152,0.972467,0.94158256,0.96327794,0.98790294,0.83400834,0.9014828,0.9446494,0.9101358,0.91225976,0.9575648,0.87792045,0.98101664,0.9726165,0.99,0.84674865,0.94484353,0.9855334,0.90234786,0.99,0.91684824,0.96773654,0.77294403,0.8473774,0.9365499"
