type,key,value
latent_values,values,"0.99,0.99,0.99,0.99,0.99,0.99,0.99,0.99,0.99,0.99,0.99,0.99,0.99,0.99,0.99,0.99,0.99,0.99,0.99,0.99,0.99,0.99,0.99,0.99,0.99,0.99,0.99,0.99,0.99,0.99,0.99,0.99,0.99,0.99,0.99,0.99,0.99,0.99,0.99,0.99,0.99,0.99,0.99,0.99,0.99,0.99,0.99,0.99,0.99,0.99,0.9768551,0.9649797,0.98851436,0.99,0.99,0.99,0.97093064,0.9831114,0.9706116,0.95161146,0.99,0.9777303,0.9791354,0.949796,0.98811454,0.97576356,0.9686606,0.980772,0.99,0.9858289,0.9238789,0.99,0.99,0.9724464,0.9738178,0.92733717,0.9571591,0.99,0.95893466,0.9701304,0.95857954,0.93581295,0.93548757,0.99,0.961699,0.9210101,0.9750171,0.9559876,0.99,0.9030494,0.99,0.92345035,0.8733355,0.9530757,0.9448606,0.86456823,0.8728374,0.9020783,0.9891986,0.862308,0.862009,0.99,0.95080835,0.94407177,0.8920689,0.99,0.9280427,0.99,0.99,0.99,0.8826164,0.9448637,0.907234,0.9158378,0.95677805,0.8971908,0.981173,0.973313,0.9091326,0.99,0.9891051,0.8334582,0.8745064,0.8235356,0.911298,0.8427383,0.71823615,0.9537422"
