type,key,value
latent_values,values,"0.99,0.99,0.99,0.99,0.99,0.99,0.99,0.99,0.99,0.99,0.99,0.99,0.99,0.99,0.99,0.99,0.99,0.99,0.99,0.99,0.99,0.99,0.99,0.99,0.99,0.99,0.99,0.99,0.99,0.99,0.99,0.99,0.99,0.99,0.99,0.99,0.99,0.99,0.99,0.99,0.99,0.99,0.99,0.99,0.99,0.99,0.99,0.99,0.9839636,0.98572534,0.98642343,0.98990726,0.9848157,0.99,0.97869176,0.99,0.99,0.9804765,0.9808764,0.9878732,0.9869579,0.99,0.99,0.9781515,0.95145476,0.9866052,0.99,0.99,0.99,0.95051765,0.943005,0.9830046,0.92430604,0.9866686,0.99,0.9802839,0.9764266,0.9629975,0.9200233,0.9209484,0.98961896,0.90383106,0.9535808,0.9674547,0.974811,0.88835293,0.9672496,0.9365673,0.91889906,0.9491951,0.97618276,0.8851247,0.98601204,0.9692691,0.9126295,0.926941,0.9227508,0.9884692,0.85033065,0.9605773,0.96629936,0.97805685,0.8575222,0.96221423,0.95531607,0.99,0.97866464,0.9648877,0.8611751,0.89029735,0.91676795,0.8518985,0.9874297,0.92795277,0.8562737,0.9886164,0.97069675,0.99,0.9407478,0.9886796,0.99,0.8261282,0.9877198,0.836456,0.8075061,0.73773366,0.8764456,0.89207166"
