type,key,value
latent_values,values,"0.99,0.99,0.99,0.99,0.99,0.99,0.99,0.99,0.99,0.99,0.99,0.99,0.99,0.99,0.99,0.99,0.99,0.99,0.99,0.99,0.99,0.99,0.99,0.99,0.99,0.99,0.99,0.99,0.99,0.99,0.99,0.99,0.99,0.99,0.99,0.99,0.99,0.99,0.99,0.99,0.99,0.99,0.99,0.99,0.99,0.99,0.99,0.99,0.9784589,0.99,0.99,0.9874182,0.99,0.99,0.99,0.99,0.99,0.99,0.98016447,0.9856979,0.97466326,0.979344,0.9574624,0.952956,0.9496075,0.9633909,0.99,0.99,0.99,0.98224145,0.96814084,0.96901125,0.9286657,0.98936164,0.9799058,0.9627708,0.9233038,0.91164976,0.9425463,0.96090096,0.9564293,0.98536235,0.9730511,0.98189765,0.9062286,0.9726881,0.9289628,0.88761973,0.9406919,0.91845155,0.9285655,0.96100074,0.91738486,0.9038279,0.9101101,0.98844385,0.9870504,0.9268133,0.98114777,0.97562534,0.98026794,0.9226237,0.9850348,0.9637713,0.9749324,0.82217544,0.8974059,0.9045511,0.9247613,0.99,0.8491832,0.99,0.94218385,0.8711649,0.99,0.9610846,0.9554519,0.92690825,0.99,0.9033485,0.85570234,0.923988,0.9283301,0.77425843,0.8093316,0.9749355,0.76561385,0.99"
