type,key,value
latent_values,values,"0.99,0.99,0.99,0.99,0.99,0.99,0.99,0.99,0.99,0.99,0.99,0.99,0.99,0.99,0.99,0.99,0.99,0.99,0.99,0.99,0.99,0.99,0.99,0.99,0.99,0.99,0.99,0.99,0.99,0.99,0.99,0.99,0.99,0.99,0.99,0.99,0.99,0.99,0.99,0.99,0.99,0.99,0.99,0.99,0.99,0.99,0.99,0.99,0.99,0.99,0.99,0.9846441,0.987652,0.99,0.99,0.9816599,0.9795713,0.9887812,0.98568505,0.9841517,0.99,0.9892353,0.9666317,0.97249293,0.9775932,0.99,0.97238094,0.9401641,0.98618615,0.99,0.9264707,0.98905146,0.99,0.95536107,0.9612395,0.9223681,0.9464187,0.986169,0.9339437,0.93355674,0.9387946,0.9580765,0.9392006,0.9771148,0.92342854,0.98484814,0.95696443,0.99,0.99,0.9416581,0.99,0.9652633,0.87876207,0.98295027,0.9400509,0.8673142,0.85601026,0.9755996,0.99,0.87736195,0.9074116,0.99,0.91547394,0.937833,0.94129115,0.8899422,0.95001763,0.96123326,0.99,0.99,0.99,0.9782488,0.9586979,0.9756631,0.9879259,0.8394994,0.9672055,0.99,0.8919617,0.99,0.9859718,0.90146434,0.9360396,0.80056185,0.87694603,0.78786963,0.7579685,0.9803602"
