type,key,value
latent_values,values,"0.99,0.99,0.99,0.99,0.99,0.99,0.99,0.99,0.99,0.99,0.99,0.99,0.99,0.99,0.99,0.99,0.99,0.99,0.99,0.99,0.99,0.99,0.99,0.99,0.99,0.99,0.99,0.99,0.99,0.99,0.99,0.99,0.99,0.99,0.99,0.99,0.99,0.99,0.99,0.99,0.99,0.99,0.99,0.99,0.99,0.99,0.99,0.99,0.99,0.99,0.98765093,0.9625787,0.99,0.99,0.99,0.99,0.99,0.99,0.9715842,0.9738172,0.96935636,0.9772238,0.9896099,0.94898504,0.94054145,0.99,0.954649,0.99,0.9709006,0.95948946,0.99,0.9497943,0.94733065,0.95452446,0.9694272,0.99,0.94909817,0.9285377,0.96320033,0.9781084,0.9822293,0.95869476,0.97862494,0.9842347,0.981035,0.9660712,0.9446531,0.92126447,0.9774935,0.98622614,0.9678183,0.90440226,0.89777416,0.9282433,0.8922581,0.987104,0.9416645,0.9819967,0.8445392,0.8784455,0.92208457,0.90650934,0.8992539,0.99,0.9228264,0.98602676,0.9692304,0.99,0.99,0.9182502,0.8598513,0.86990654,0.96145993,0.8545582,0.99,0.93785185,0.98700386,0.810998,0.97678137,0.99,0.93447834,0.9686914,0.99,0.86843866,0.88645196,0.7865292,0.95306706,0.9383494"
