type,key,value
latent_values,values,"0.99,0.99,0.99,0.99,0.99,0.99,0.99,0.99,0.99,0.99,0.99,0.99,0.99,0.99,0.99,0.99,0.99,0.99,0.99,0.99,0.99,0.99,0.99,0.99,0.99,0.99,0.99,0.99,0.99,0.99,0.99,0.99,0.99,0.99,0.99,0.99,0.99,0.99,0.99,0.99,0.99,0.99,0.99,0.99,0.99,0.99,0.99,0.99,0.9813822,0.99,0.9716315,0.977793,0.99,0.99,0.99,0.99,0.98601246,0.99,0.95936286,0.9530076,0.99,0.9745415,0.99,0.9412962,0.98017627,0.98478764,0.99,0.9880599,0.98440945,0.9815308,0.95000654,0.99,0.928525,0.9725131,0.95759356,0.952546,0.9561458,0.9878813,0.9211857,0.9449708,0.99,0.97255343,0.99,0.98717,0.9621136,0.90213406,0.9136148,0.93522847,0.96346664,0.89469343,0.9595691,0.94162345,0.8915056,0.9828749,0.85619175,0.97598135,0.96931905,0.9817919,0.8704503,0.9733261,0.9501374,0.9255036,0.8146125,0.94118905,0.94688976,0.99,0.9775664,0.9011483,0.96253884,0.83882374,0.9260022,0.89554566,0.8415074,0.91704303,0.99,0.99,0.97595793,0.99,0.98735493,0.8335177,0.84277606,0.9276251,0.9249408,0.7925943,0.8613583,0.8526725,0.7638223,0.97415906"
