type,key,value
latent_values,values,"0.99,0.99,0.99,0.99,0.99,0.99,0.99,0.99,0.99,0.99,0.99,0.99,0.99,0.99,0.99,0.99,0.99,0.99,0.99,0.99,0.99,0.99,0.99,0.99,0.99,0.99,0.99,0.99,0.99,0.99,0.99,0.99,0.99,0.99,0.99,0.99,0.99,0.99,0.99,0.99,0.99,0.99,0.99,0.99,0.99,0.99,0.99,0.99,0.98991436,0.99,0.98663163,0.97246784,0.9871971,0.99,0.9892204,0.99,0.9877996,0.984858,0.96951914,0.9523973,0.99,0.9800645,0.96446276,0.93231267,0.99,0.99,0.9741343,0.99,0.9859744,0.99,0.94883984,0.99,0.97835624,0.96828234,0.93206614,0.9559807,0.9602843,0.99,0.9354614,0.93508744,0.95796895,0.9723726,0.99,0.99,0.9774073,0.9250463,0.9361888,0.9894728,0.99,0.9576298,0.99,0.9477058,0.8929442,0.9696422,0.87679744,0.94110256,0.9125054,0.946106,0.973883,0.9410705,0.9547382,0.98848194,0.8924308,0.940282,0.9277148,0.92271113,0.9647638,0.9228793,0.97625595,0.9460309,0.8777993,0.93626803,0.8394155,0.942094,0.99,0.9846141,0.9512822,0.9520539,0.95862204,0.99,0.8048363,0.96356696,0.94891185,0.8113496,0.8596486,0.7780528,0.76080173,0.9521607"
