type,key,value
latent_values,values,"0.99,0.99,0.99,0.99,0.99,0.99,0.99,0.99,0.99,0.99,0.99,0.99,0.99,0.99,0.99,0.99,0.99,0.99,0.99,0.99,0.99,0.99,0.99,0.99,0.99,0.99,0.99,0.99,0.99,0.99,0.99,0.99,0.99,0.99,0.99,0.99,0.99,0.99,0.99,0.99,0.99,0.99,0.99,0.99,0.99,0.99,0.99,0.99,0.9876846,0.99,0.99,0.98928446,0.98343587,0.99,0.99,0.99,0.99,0.99,0.97018033,0.96974504,0.9873732,0.97951835,0.99,0.9493272,0.96830237,0.99,0.9869454,0.9785301,0.99,0.9764132,0.9418012,0.9767749,0.9707867,0.9568434,0.9636064,0.9687377,0.9722385,0.9489018,0.93089783,0.94269097,0.99,0.9845086,0.99,0.98529285,0.98774964,0.97055125,0.8982043,0.91146755,0.9688404,0.9435715,0.97460407,0.88351595,0.8759519,0.9145527,0.9002327,0.98064315,0.95393026,0.9787711,0.90865964,0.9830564,0.9560317,0.94105303,0.905649,0.92870677,0.99,0.99,0.9869303,0.97619754,0.9542018,0.9358853,0.91993636,0.9880802,0.8819002,0.9642862,0.99,0.99,0.9571666,0.99,0.9248911,0.95221126,0.82310003,0.91713005,0.9356818,0.7974388,0.84314483,0.77939004,0.76027495,0.99"
