type,key,value
latent_values,values,"0.99,0.99,0.99,0.99,0.99,0.99,0.99,0.99,0.99,0.99,0.99,0.99,0.99,0.99,0.99,0.99,0.99,0.99,0.99,0.99,0.99,0.99,0.99,0.99,0.99,0.99,0.99,0.99,0.99,0.99,0.99,0.99,0.99,0.99,0.99,0.99,0.99,0.99,0.99,0.99,0.99,0.99,0.99,0.99,0.99,0.99,0.99,0.99,0.99,0.99,0.99,0.99,0.99,0.99,0.99,0.99,0.9818387,0.99,0.9880631,0.97891307,0.99,0.99,0.94905865,0.9748778,0.99,0.99,0.9824402,0.9810889,0.98070604,0.99,0.9824312,0.99,0.9857762,0.95965147,0.9750151,0.97871816,0.94443834,0.99,0.97917336,0.9224474,0.9550424,0.9849422,0.9824656,0.98897177,0.94439566,0.97119164,0.97010535,0.99,0.97642887,0.9691072,0.9443603,0.9570677,0.86821836,0.9590803,0.8878684,0.92251325,0.9180007,0.99,0.9450819,0.9579251,0.977149,0.98902625,0.8746538,0.9756849,0.90285283,0.8842895,0.9818219,0.938032,0.99,0.9149696,0.98787147,0.9509826,0.9477486,0.98752254,0.831173,0.98044145,0.9185441,0.9884532,0.9728092,0.9208444,0.90653735,0.99,0.97671545,0.87196285,0.9541366,0.7929576,0.9103278,0.88100463"
