type,key,value
latent_values,values,"0.99,0.99,0.99,0.99,0.99,0.99,0.99,0.99,0.99,0.99,0.99,0.99,0.99,0.99,0.99,0.99,0.99,0.99,0.99,0.99,0.99,0.99,0.99,0.99,0.99,0.99,0.99,0.99,0.99,0.99,0.99,0.99,0.99,0.99,0.99,0.99,0.99,0.99,0.99,0.99,0.99,0.99,0.99,0.99,0.99,0.99,0.99,0.99,0.99,0.9889193,0.99,0.99,0.99,0.99,0.99,0.9858646,0.99,0.99,0.96853137,0.99,0.9888073,0.9874524,0.9859079,0.9661393,0.9528103,0.99,0.99,0.968554,0.99,0.9466034,0.9602933,0.99,0.9439273,0.93850243,0.974061,0.96671826,0.985851,0.94213635,0.95442027,0.90264463,0.99,0.95687646,0.97501165,0.94136506,0.9620248,0.99,0.9689109,0.9893058,0.9315328,0.99,0.98978186,0.8721101,0.8962494,0.98157746,0.899891,0.9254692,0.9613452,0.9354971,0.9305868,0.94202465,0.9655828,0.96198356,0.84480995,0.98480326,0.97454417,0.99,0.85540515,0.8979223,0.9685121,0.9236051,0.99,0.96019226,0.9594718,0.99,0.8293618,0.99,0.9530809,0.99,0.99,0.8971776,0.9767299,0.99,0.98141223,0.86943835,0.78838307,0.76454574,0.89355165,0.89123124"
