type,key,value
latent_values,values,"0.99,0.99,0.99,0.99,0.99,0.99,0.99,0.99,0.99,0.99,0.99,0.99,0.99,0.99,0.99,0.99,0.99,0.99,0.99,0.99,0.99,0.99,0.99,0.99,0.99,0.99,0.99,0.99,0.99,0.99,0.99,0.99,0.99,0.99,0.99,0.99,0.99,0.99,0.99,0.99,0.99,0.99,0.99,0.99,0.99,0.99,0.99,0.99,0.98819566,0.99,0.97618705,0.99,0.99,0.98379827,0.99,0.9856384,0.99,0.99,0.9834735,0.9772754,0.99,0.97639567,0.98165894,0.9847452,0.9888962,0.9894555,0.9627967,0.9687552,0.9854768,0.99,0.9581273,0.96173483,0.9553156,0.96828955,0.99,0.94333225,0.9732995,0.985226,0.9567495,0.9566731,0.99,0.9630306,0.96669036,0.9568889,0.99,0.9386619,0.99,0.93487185,0.9630614,0.9870134,0.99,0.91483504,0.9376834,0.92855376,0.9072788,0.97619194,0.95068383,0.99,0.86934483,0.98098373,0.8817179,0.98158175,0.85659194,0.9414378,0.9315884,0.99,0.8817903,0.9759758,0.9333413,0.8344853,0.9774332,0.97204995,0.9333712,0.99,0.9845918,0.921615,0.8722256,0.99,0.93787354,0.9304925,0.86959773,0.9814367,0.9798455,0.8587653,0.99,0.79609394,0.9839944,0.89943516"
