type,key,value
latent_values,values,"0.99,0.99,0.99,0.99,0.99,0.99,0.99,0.99,0.99,0.99,0.99,0.99,0.99,0.99,0.99,0.99,0.99,0.99,0.99,0.99,0.99,0.99,0.99,0.99,0.99,0.99,0.99,0.99,0.99,0.99,0.99,0.99,0.99,0.99,0.99,0.99,0.99,0.99,0.99,0.99,0.99,0.99,0.99,0.99,0.99,0.99,0.99,0.99,0.99,0.99,0.98493594,0.98090243,0.9831489,0.99,0.99,0.99,0.99,0.99,0.99,0.97504544,0.98614854,0.9677369,0.98145163,0.96255386,0.98312956,0.98151064,0.9759241,0.9801667,0.96935576,0.99,0.9438384,0.9761271,0.99,0.9170183,0.9448131,0.96869946,0.97806,0.98809236,0.9736564,0.96145123,0.9860142,0.99,0.98679173,0.99,0.98593986,0.95647436,0.93086934,0.99,0.98319465,0.9760599,0.9498711,0.9578997,0.8880723,0.98474866,0.92272574,0.9841912,0.934807,0.9473855,0.99,0.96351904,0.978922,0.9864517,0.9599889,0.9812131,0.9703125,0.9687355,0.9549045,0.9050572,0.9659323,0.9897174,0.8538705,0.9816477,0.9170144,0.96119267,0.99,0.93429047,0.96029025,0.96834534,0.94226134,0.9763074,0.7530831,0.9820273,0.9168889,0.82513255,0.8619864,0.96118855,0.92166924,0.99"
