type,key,value
latent_values,values,"0.99,0.99,0.99,0.99,0.99,0.99,0.99,0.99,0.99,0.99,0.99,0.99,0.99,0.99,0.99,0.99,0.99,0.99,0.99,0.99,0.99,0.99,0.99,0.99,0.99,0.99,0.99,0.99,0.99,0.99,0.99,0.99,0.99,0.99,0.99,0.99,0.99,0.99,0.99,0.99,0.99,0.99,0.99,0.99,0.99,0.99,0.99,0.99,0.99,0.99,0.99,0.99,0.98348844,0.99,0.99,0.99,0.99,0.99,0.9604387,0.9531835,0.9867528,0.97553337,0.9869914,0.94074017,0.9651353,0.9829998,0.9882098,0.9849199,0.99,0.96072596,0.9529434,0.98985344,0.92582875,0.99,0.9226437,0.9572159,0.9562252,0.95818883,0.9080139,0.9740818,0.99,0.9629127,0.96762365,0.95523363,0.95644903,0.99,0.9492758,0.92398137,0.98022044,0.98746014,0.99,0.99,0.87327546,0.92629397,0.92751545,0.9642403,0.98854464,0.88106287,0.99,0.96645784,0.9680794,0.99,0.97302777,0.9708244,0.96297646,0.9743928,0.94979364,0.99,0.9618859,0.9711775,0.9280683,0.95233375,0.8684046,0.93742937,0.99,0.99,0.9570098,0.98514396,0.9845997,0.9211151,0.92461467,0.8812058,0.89761937,0.80500233,0.84421825,0.9863483,0.75814396,0.98455733"
