type,key,value
latent_values,values,"0.99,0.99,0.99,0.99,0.99,0.99,0.99,0.99,0.99,0.99,0.99,0.99,0.99,0.99,0.99,0.99,0.99,0.99,0.99,0.99,0.99,0.99,0.99,0.99,0.99,0.99,0.99,0.99,0.99,0.99,0.99,0.99,0.99,0.99,0.99,0.99,0.99,0.99,0.99,0.99,0.99,0.99,0.99,0.99,0.99,0.99,0.99,0.99,0.97661734,0.9821714,0.99,0.99,0.98991907,0.9887638,0.99,0.97174275,0.9581681,0.99,0.9801518,0.9869223,0.98996276,0.99,0.9781285,0.99,0.96891963,0.99,0.99,0.98962384,0.98410153,0.92266685,0.9347186,0.99,0.93284845,0.9642095,0.97303456,0.9701732,0.96970433,0.9629607,0.9084022,0.9898841,0.99,0.8901462,0.9595257,0.99,0.9444522,0.9518887,0.95534956,0.99,0.9459626,0.97643703,0.86991316,0.99,0.8843164,0.99,0.88763714,0.9432069,0.8910302,0.99,0.9533926,0.9318987,0.8679071,0.8254669,0.9584331,0.981026,0.93803626,0.9893561,0.9180012,0.89065504,0.917623,0.88950294,0.96494615,0.8808566,0.9194532,0.985021,0.8363261,0.9867608,0.8703654,0.99,0.98829293,0.91058606,0.99,0.85896206,0.8982892,0.92321366,0.9134392,0.76113623,0.9679501,0.9078332"
