type,key,value
latent_values,values,"0.99,0.99,0.99,0.99,0.99,0.99,0.99,0.99,0.99,0.99,0.99,0.99,0.99,0.99,0.99,0.99,0.99,0.99,0.99,0.99,0.99,0.99,0.99,0.99,0.99,0.99,0.99,0.99,0.99,0.99,0.99,0.99,0.99,0.99,0.99,0.99,0.99,0.99,0.99,0.99,0.99,0.99,0.99,0.99,0.99,0.99,0.99,0.99,0.99,0.99,0.9781883,0.99,0.99,0.96249944,0.99,0.97864467,0.99,0.99,0.95479536,0.9484771,0.99,0.9882287,0.9647735,0.9805984,0.99,0.99,0.98146504,0.9600799,0.9787463,0.99,0.99,0.99,0.99,0.9749549,0.9766272,0.9635526,0.9394712,0.99,0.9713185,0.9781286,0.95577705,0.9538824,0.92571276,0.97672963,0.99,0.9869068,0.99,0.95367956,0.9848414,0.9616517,0.9755387,0.9791973,0.88131106,0.97794366,0.9195853,0.87667,0.91712457,0.9776944,0.9543843,0.95122904,0.91293204,0.97311854,0.96487236,0.9700282,0.94462293,0.985726,0.8744551,0.9388603,0.9356277,0.99,0.9326631,0.9333002,0.9265082,0.98704785,0.94131917,0.97102886,0.7689326,0.8980823,0.9012118,0.98716635,0.9625475,0.851785,0.86473083,0.7938822,0.99,0.8305996,0.7644572,0.8678425"
