type,key,value
latent_values,values,"0.99,0.99,0.99,0.99,0.99,0.99,0.99,0.99,0.99,0.99,0.99,0.99,0.99,0.99,0.99,0.99,0.99,0.99,0.99,0.99,0.99,0.99,0.99,0.99,0.99,0.99,0.99,0.99,0.99,0.99,0.99,0.99,0.99,0.99,0.99,0.99,0.99,0.99,0.99,0.99,0.99,0.99,0.99,0.99,0.99,0.99,0.99,0.99,0.99,0.98476434,0.9781118,0.99,0.99,0.98683685,0.99,0.97741777,0.99,0.98279804,0.9720681,0.9673621,0.99,0.98071986,0.9754712,0.9794971,0.99,0.99,0.99,0.9868716,0.99,0.99,0.9874833,0.95791906,0.99,0.9745597,0.99,0.94984055,0.96735054,0.9807524,0.99,0.9577606,0.98347706,0.9772179,0.9492172,0.9259869,0.9822185,0.90807766,0.9840862,0.91786224,0.9812179,0.94146234,0.93982816,0.88204604,0.9834054,0.89247674,0.9245427,0.8839797,0.91761476,0.96862966,0.9313916,0.9387483,0.8582433,0.9761391,0.91508543,0.99,0.9105182,0.99,0.97946686,0.9542234,0.8308946,0.9713356,0.95574516,0.95793444,0.8468875,0.99,0.97319645,0.87921584,0.776209,0.99,0.9451165,0.86844504,0.9092522,0.97102785,0.9613124,0.82609713,0.8759542,0.7876136,0.89317405,0.9021206"
