type,key,value
latent_values,values,"0.99,0.99,0.99,0.99,0.99,0.99,0.99,0.99,0.99,0.99,0.99,0.99,0.99,0.99,0.99,0.99,0.99,0.99,0.99,0.99,0.99,0.99,0.99,0.99,0.99,0.99,0.99,0.99,0.99,0.99,0.99,0.99,0.99,0.99,0.99,0.99,0.99,0.99,0.99,0.99,0.99,0.99,0.99,0.99,0.99,0.99,0.99,0.99,0.98654425,0.9879777,0.9836648,0.97124904,0.99,0.99,0.99,0.99,0.99,0.99,0.9865998,0.99,0.9813794,0.98543775,0.9899506,0.9615965,0.9575303,0.99,0.99,0.98650336,0.98455447,0.97016215,0.97229695,0.9735152,0.92815614,0.98848027,0.99,0.97702014,0.9881975,0.964978,0.928535,0.955032,0.99,0.88072586,0.9872559,0.98306304,0.97181475,0.9500079,0.9671724,0.926211,0.9637,0.96597713,0.99,0.9178527,0.95554054,0.9534578,0.8681064,0.96093374,0.98346144,0.9480347,0.8557802,0.98400486,0.9886917,0.99,0.8291413,0.9097357,0.9285152,0.99,0.97384614,0.9823753,0.86685,0.8014714,0.8547437,0.93358535,0.9589454,0.86420876,0.99,0.9568373,0.95106864,0.8872241,0.89254695,0.8789496,0.9810627,0.90183,0.9711068,0.80747664,0.862711,0.88528156,0.8309278,0.9552046"
