type,key,value
latent_values,values,"0.99,0.99,0.99,0.99,0.99,0.99,0.99,0.99,0.99,0.99,0.99,0.99,0.99,0.99,0.99,0.99,0.99,0.99,0.99,0.99,0.99,0.99,0.99,0.99,0.99,0.99,0.99,0.99,0.99,0.99,0.99,0.99,0.99,0.99,0.99,0.99,0.99,0.99,0.99,0.99,0.99,0.99,0.99,0.99,0.99,0.99,0.99,0.99,0.99,0.99,0.99,0.99,0.99,0.99,0.99,0.98651826,0.98453456,0.99,0.98663175,0.98701316,0.99,0.99,0.9582517,0.9727421,0.99,0.9847219,0.99,0.9578205,0.9756743,0.99,0.966611,0.9820898,0.9553291,0.99,0.99,0.96195203,0.9874656,0.9863677,0.96010864,0.92066514,0.95035213,0.96975356,0.96876365,0.9709845,0.96133065,0.95401645,0.9710431,0.99,0.9812561,0.99,0.9569381,0.97269636,0.8908466,0.97747445,0.9133455,0.99,0.9815563,0.99,0.99,0.96401685,0.9584188,0.9873659,0.92441916,0.9861566,0.8863928,0.8500809,0.9365625,0.9641943,0.99,0.86652875,0.98781353,0.97901195,0.9602283,0.99,0.8138115,0.99,0.96496564,0.9471036,0.9623445,0.8707103,0.95830953,0.99,0.95715326,0.85661405,0.8481699,0.809636,0.96119756,0.8804704"
