type,key,value
latent_values,values,"0.99,0.99,0.99,0.99,0.99,0.99,0.99,0.99,0.99,0.99,0.99,0.99,0.99,0.99,0.99,0.99,0.99,0.99,0.99,0.99,0.99,0.99,0.99,0.99,0.99,0.99,0.99,0.99,0.99,0.99,0.99,0.99,0.99,0.99,0.99,0.99,0.99,0.99,0.99,0.99,0.99,0.99,0.99,0.99,0.99,0.99,0.99,0.99,0.98909456,0.99,0.98026514,0.99,0.99,0.98654675,0.98996454,0.9667625,0.99,0.9831704,0.9824454,0.9678367,0.99,0.99,0.97960687,0.99,0.99,0.99,0.99,0.9882517,0.9792882,0.99,0.978699,0.99,0.978491,0.9834132,0.9882641,0.9469828,0.95288205,0.99,0.9553736,0.97859025,0.97254795,0.96614367,0.92177397,0.99,0.9784415,0.86677945,0.9653249,0.9803848,0.92401356,0.9814453,0.8741776,0.96588135,0.99,0.99,0.8959843,0.92351943,0.8954663,0.99,0.9053717,0.99,0.9059799,0.98448396,0.9603099,0.99,0.9515568,0.95396453,0.99,0.89056116,0.818386,0.8766603,0.9371477,0.92588663,0.9895762,0.9800691,0.91477436,0.985968,0.89178824,0.9433047,0.9561311,0.91525465,0.9746363,0.929494,0.9327375,0.8754809,0.8930526,0.7675982,0.8368381,0.84158504"
