type,key,value
latent_values,values,"0.99,0.99,0.99,0.99,0.99,0.99,0.99,0.99,0.99,0.99,0.99,0.99,0.99,0.99,0.99,0.99,0.99,0.99,0.99,0.99,0.99,0.99,0.99,0.99,0.99,0.99,0.99,0.99,0.99,0.99,0.99,0.99,0.99,0.99,0.99,0.99,0.99,0.99,0.99,0.99,0.99,0.99,0.99,0.99,0.99,0.99,0.99,0.99,0.9686788,0.9749282,0.99,0.9805866,0.99,0.99,0.9869708,0.99,0.99,0.98908114,0.9886237,0.99,0.98249406,0.99,0.9609759,0.97898704,0.9472273,0.99,0.99,0.9890391,0.9875726,0.9540093,0.9845455,0.95437586,0.92843276,0.986964,0.99,0.9886944,0.9385323,0.91998124,0.942046,0.92435396,0.97677666,0.88821787,0.9425158,0.9647157,0.9485525,0.9351295,0.9706696,0.8876916,0.95884097,0.9506219,0.93543106,0.90661705,0.9811342,0.87210715,0.8853251,0.9843153,0.9759612,0.98418295,0.84363776,0.9533725,0.97540885,0.9232251,0.90138733,0.92812663,0.93489414,0.95281404,0.9670286,0.979655,0.8323088,0.9078977,0.85715073,0.8900678,0.97749186,0.88364804,0.9897933,0.98845035,0.9595639,0.99,0.8825537,0.96357983,0.99,0.92055917,0.97842294,0.78743815,0.84687495,0.75672877,0.85673004,0.90324754"
