type,key,value
latent_values,values,"0.99,0.99,0.99,0.99,0.99,0.99,0.99,0.99,0.99,0.99,0.99,0.99,0.99,0.99,0.99,0.99,0.99,0.99,0.99,0.99,0.99,0.99,0.99,0.99,0.99,0.99,0.99,0.99,0.99,0.99,0.99,0.99,0.99,0.99,0.99,0.99,0.99,0.99,0.99,0.99,0.99,0.99,0.99,0.99,0.99,0.99,0.99,0.99,0.989542,0.9897217,0.9770618,0.99,0.99,0.9708227,0.99,0.98134786,0.99,0.99,0.9597285,0.9621189,0.99,0.9846581,0.97422904,0.98733914,0.99,0.99,0.9775415,0.97799826,0.9829928,0.99,0.9848952,0.9882573,0.9351318,0.9450937,0.99,0.95238024,0.9467065,0.99,0.9434719,0.93756634,0.98803693,0.94041526,0.929179,0.93496996,0.99,0.9340707,0.99,0.9533872,0.9423549,0.9815948,0.99,0.9042519,0.91754925,0.962295,0.8879533,0.8752351,0.9351573,0.94783735,0.8567929,0.99,0.9414664,0.9790755,0.8868871,0.98511636,0.9557996,0.99,0.84626245,0.8848516,0.8997413,0.89609474,0.94805056,0.93568957,0.97994924,0.99,0.91834843,0.99,0.8397089,0.9402157,0.9699041,0.9255713,0.9726548,0.9710478,0.92268866,0.8425125,0.9823799,0.76173586,0.8215121,0.8223599"
