type,key,value
latent_values,values,"0.99,0.99,0.99,0.99,0.99,0.99,0.99,0.99,0.99,0.99,0.99,0.99,0.99,0.99,0.99,0.99,0.99,0.99,0.99,0.99,0.99,0.99,0.99,0.99,0.99,0.99,0.99,0.99,0.99,0.99,0.99,0.99,0.99,0.99,0.99,0.99,0.99,0.99,0.99,0.99,0.99,0.99,0.99,0.99,0.99,0.99,0.99,0.99,0.9691687,0.9816409,0.99,0.97805136,0.9861441,0.99,0.98305535,0.99,0.98903006,0.9875162,0.98876655,0.99,0.99,0.99,0.96849716,0.9808265,0.9574559,0.99,0.99,0.99,0.9862328,0.95619595,0.96566856,0.9526896,0.9434603,0.9638503,0.99,0.9830463,0.9682582,0.92879516,0.93333143,0.91598296,0.9452607,0.90765005,0.94351816,0.98171335,0.99,0.85639817,0.9374519,0.88967204,0.9590286,0.92730737,0.91560584,0.889013,0.9894231,0.877451,0.8942121,0.97644573,0.9659767,0.99,0.8506039,0.931603,0.9636008,0.8883326,0.87826544,0.9060486,0.94149095,0.89218,0.9893245,0.97863424,0.84468675,0.9131252,0.86984295,0.8743629,0.98437804,0.87856054,0.90815884,0.9687144,0.97973806,0.99,0.8278742,0.88134843,0.99,0.92830575,0.99,0.77663124,0.87080085,0.7782106,0.870786,0.8489958"
