type,key,value
latent_values,values,"0.99,0.99,0.99,0.99,0.99,0.99,0.99,0.99,0.99,0.99,0.99,0.99,0.99,0.99,0.99,0.99,0.99,0.99,0.99,0.99,0.99,0.99,0.99,0.99,0.99,0.99,0.99,0.99,0.99,0.99,0.99,0.99,0.99,0.99,0.99,0.99,0.99,0.99,0.99,0.99,0.99,0.99,0.99,0.99,0.99,0.99,0.99,0.99,0.99,0.99,0.98938197,0.99,0.99,0.99,0.99,0.99,0.988681,0.98623383,0.9800564,0.97073364,0.9831954,0.98982185,0.9814781,0.97733134,0.9641737,0.96824884,0.94905543,0.9709758,0.98450184,0.97618645,0.95181584,0.9689406,0.93467087,0.9795832,0.99,0.97818613,0.9797562,0.9886804,0.9298903,0.9590011,0.99,0.93408597,0.9671976,0.98154086,0.9623558,0.98737246,0.99,0.9411636,0.9527045,0.99,0.99,0.903611,0.8784748,0.98224723,0.8965202,0.9878337,0.93577856,0.9898766,0.8597572,0.9727174,0.98028743,0.99,0.8865437,0.9004142,0.95454633,0.99,0.95780843,0.9758264,0.95789397,0.8536877,0.99,0.91672266,0.9798296,0.96034324,0.8383911,0.99,0.96405923,0.99,0.98033035,0.99,0.98715097,0.9308949,0.98493195,0.85344964,0.8854191,0.8050163,0.9357508,0.8789645"
