type,key,value
latent_values,values,"0.99,0.99,0.99,0.99,0.99,0.99,0.99,0.99,0.99,0.99,0.99,0.99,0.99,0.99,0.99,0.99,0.99,0.99,0.99,0.99,0.99,0.99,0.99,0.99,0.99,0.99,0.99,0.99,0.99,0.99,0.99,0.99,0.99,0.99,0.99,0.99,0.99,0.99,0.99,0.99,0.99,0.99,0.99,0.99,0.99,0.99,0.99,0.99,0.97931385,0.99,0.98218405,0.9731378,0.99,0.99,0.99,0.99,0.99,0.99,0.9710664,0.9720139,0.9744248,0.9788581,0.99,0.9486867,0.9541468,0.99,0.96926045,0.99,0.99,0.9733332,0.9748472,0.97564036,0.9354784,0.9514225,0.96927536,0.9616489,0.94285077,0.9529158,0.9479326,0.9616893,0.99,0.94589794,0.98386955,0.97857165,0.9261995,0.9555558,0.9287985,0.9312577,0.97466236,0.93105024,0.9848316,0.90946573,0.85090125,0.9466819,0.8814816,0.9868185,0.9469095,0.9684195,0.8654257,0.9857157,0.9794316,0.98807377,0.90796435,0.9560535,0.94405884,0.99,0.957824,0.9890408,0.9847115,0.91000354,0.88850534,0.9366178,0.87009,0.9040043,0.99,0.96698153,0.97028184,0.95979714,0.88656276,0.99,0.839714,0.9622341,0.95530605,0.78510803,0.8839865,0.7666677,0.7602067,0.95798695"
