type,key,value
latent_values,values,"0.99,0.99,0.99,0.99,0.99,0.99,0.99,0.99,0.99,0.99,0.99,0.99,0.99,0.99,0.99,0.99,0.99,0.99,0.99,0.99,0.99,0.99,0.99,0.99,0.99,0.99,0.99,0.99,0.99,0.99,0.99,0.99,0.99,0.99,0.99,0.99,0.99,0.99,0.99,0.99,0.99,0.99,0.99,0.99,0.99,0.99,0.99,0.99,0.99,0.99,0.99,0.99,0.9813856,0.99,0.99,0.99,0.99,0.99,0.95966697,0.987042,0.99,0.98952526,0.98317564,0.96408725,0.95289636,0.98690474,0.9623265,0.9455149,0.99,0.95307916,0.97585684,0.97658664,0.9657533,0.9621323,0.9862753,0.9669059,0.96677047,0.9318274,0.95914054,0.9549685,0.96995777,0.9828526,0.953606,0.9510479,0.975616,0.99,0.98340285,0.9216428,0.97807795,0.99,0.99,0.8671202,0.9316554,0.93908405,0.91980016,0.86476535,0.91589516,0.9487321,0.90064377,0.8509792,0.9097185,0.8793604,0.94077635,0.9731749,0.97739273,0.978192,0.8930258,0.99,0.99,0.9359811,0.9852722,0.9893416,0.957676,0.9652756,0.7965909,0.9050339,0.959922,0.9027082,0.9831848,0.99,0.99,0.99,0.97781146,0.8406464,0.80881166,0.80545086,0.82385856,0.8248328"
