type,key,value
latent_values,values,"0.99,0.99,0.99,0.99,0.99,0.99,0.99,0.99,0.99,0.99,0.99,0.99,0.99,0.99,0.99,0.99,0.99,0.99,0.99,0.99,0.99,0.99,0.99,0.99,0.99,0.99,0.99,0.99,0.99,0.99,0.99,0.99,0.99,0.99,0.99,0.99,0.99,0.99,0.99,0.99,0.99,0.99,0.99,0.99,0.99,0.99,0.99,0.99,0.99,0.98248327,0.981287,0.98856723,0.99,0.99,0.99,0.99,0.98944217,0.98963034,0.95531416,0.9537349,0.985635,0.9794864,0.98765665,0.9451905,0.96688575,0.99,0.957531,0.98715484,0.9865504,0.95604265,0.9645114,0.97659224,0.939204,0.95584714,0.947082,0.9713326,0.9498021,0.9739215,0.91957814,0.93726546,0.99,0.982796,0.99,0.94344825,0.9406644,0.99,0.95873773,0.92882866,0.965511,0.971625,0.98169726,0.90675104,0.8911221,0.93999463,0.85178405,0.9175143,0.9499008,0.9542782,0.8459865,0.959007,0.94825405,0.962487,0.82865816,0.93693393,0.94807273,0.99,0.9666976,0.9457268,0.9814257,0.8953102,0.9130607,0.8968958,0.8909474,0.93619365,0.9800107,0.99,0.96759343,0.99,0.99,0.89257276,0.9571315,0.8518756,0.9316262,0.8072479,0.8329852,0.7726015,0.75789195,0.9679144"
