type,key,value
latent_values,values,"0.99,0.99,0.99,0.99,0.99,0.99,0.99,0.99,0.99,0.99,0.99,0.99,0.99,0.99,0.99,0.99,0.99,0.99,0.99,0.99,0.99,0.99,0.99,0.99,0.99,0.99,0.99,0.99,0.99,0.99,0.99,0.99,0.99,0.99,0.99,0.99,0.99,0.99,0.99,0.99,0.99,0.99,0.99,0.99,0.99,0.99,0.99,0.99,0.99,0.99,0.99,0.99,0.9852286,0.99,0.99,0.99,0.9803853,0.99,0.9758007,0.95598453,0.99,0.99,0.9845527,0.9530648,0.99,0.9787651,0.94414926,0.9885252,0.9872719,0.9614985,0.9749189,0.9389056,0.9775063,0.98098296,0.9819508,0.97312784,0.9866174,0.99,0.981521,0.9567628,0.93544674,0.9469581,0.92981887,0.8723937,0.9821693,0.90286714,0.99,0.989824,0.95057106,0.9355753,0.9831312,0.9796672,0.90505177,0.9608519,0.9588581,0.91736865,0.9694482,0.8775173,0.9804393,0.9767325,0.9609926,0.99,0.9507386,0.99,0.88415956,0.8765284,0.99,0.92866707,0.98638093,0.982788,0.9759605,0.86240435,0.95731485,0.9701387,0.76645947,0.9595381,0.9881293,0.9488915,0.946302,0.9053279,0.9429124,0.80126333,0.96170956,0.8013922,0.8896202,0.8689821,0.80520624,0.8149435"
