type,key,value
latent_values,values,"0.99,0.99,0.99,0.99,0.99,0.99,0.99,0.99,0.99,0.99,0.99,0.99,0.99,0.99,0.99,0.99,0.99,0.99,0.99,0.99,0.99,0.99,0.99,0.99,0.99,0.99,0.99,0.99,0.99,0.99,0.99,0.99,0.99,0.99,0.99,0.99,0.99,0.99,0.99,0.99,0.99,0.99,0.99,0.99,0.99,0.99,0.99,0.99,0.99,0.99,0.98158646,0.99,0.9854814,0.99,0.99,0.99,0.98172814,0.99,0.9575416,0.94970787,0.99,0.97422934,0.98414654,0.9530429,0.9657771,0.9556392,0.9732011,0.9532241,0.99,0.97378707,0.9509821,0.99,0.94680303,0.96743774,0.9599179,0.9686352,0.980913,0.99,0.9461022,0.93480134,0.98734397,0.99,0.9851209,0.9409479,0.9778887,0.97803247,0.96405125,0.9668165,0.96964425,0.99,0.9826924,0.9006425,0.9031011,0.98641574,0.8707461,0.8832919,0.95277524,0.9603334,0.8809167,0.96768534,0.96331596,0.92577887,0.8358839,0.99,0.98939484,0.99,0.86177576,0.8755272,0.97742283,0.8725474,0.99,0.95802647,0.9390479,0.99,0.98451215,0.9603733,0.9782333,0.99,0.99,0.9248312,0.9695649,0.8878635,0.9381591,0.85988075,0.8010166,0.7534483,0.93949634,0.9489877"
