type,key,value
latent_values,values,"0.99,0.99,0.99,0.99,0.99,0.99,0.99,0.99,0.99,0.99,0.99,0.99,0.99,0.99,0.99,0.99,0.99,0.99,0.99,0.99,0.99,0.99,0.99,0.99,0.99,0.99,0.99,0.99,0.99,0.99,0.99,0.99,0.99,0.99,0.99,0.99,0.99,0.99,0.99,0.99,0.99,0.99,0.99,0.99,0.99,0.99,0.99,0.99,0.98109317,0.98325056,0.99,0.98834,0.9834359,0.99,0.98371726,0.99,0.99,0.97889644,0.97680676,0.9807378,0.9779593,0.9889099,0.96854985,0.96733356,0.94832,0.97875994,0.98313296,0.98594,0.9865074,0.96269125,0.967427,0.9262475,0.91741395,0.97790366,0.99,0.9852752,0.96525425,0.9341322,0.92797065,0.940173,0.9701385,0.9011828,0.9637169,0.9274125,0.9497514,0.9078474,0.99,0.9098932,0.95592624,0.9448995,0.99,0.90826845,0.95639896,0.87072116,0.89602953,0.9799024,0.9760812,0.9887648,0.8561582,0.9633299,0.9709378,0.94703615,0.895756,0.9254862,0.9345423,0.9543541,0.94632906,0.99,0.8819885,0.8804863,0.8791143,0.87497324,0.96919334,0.9130436,0.9539121,0.99,0.9731855,0.99,0.95341,0.99,0.9808413,0.8405896,0.98056334,0.79953057,0.8661363,0.7834512,0.8211292,0.86840534"
