type,key,value
latent_values,values,"0.99,0.99,0.99,0.99,0.99,0.99,0.99,0.99,0.99,0.99,0.99,0.99,0.99,0.99,0.99,0.99,0.99,0.99,0.99,0.99,0.99,0.99,0.99,0.99,0.99,0.99,0.99,0.99,0.99,0.99,0.99,0.99,0.99,0.99,0.99,0.99,0.99,0.99,0.99,0.99,0.99,0.99,0.99,0.99,0.99,0.99,0.99,0.99,0.99,0.99,0.9689811,0.96300334,0.99,0.99,0.99,0.98391724,0.97256714,0.96598285,0.9668459,0.9439233,0.99,0.9774168,0.97702,0.9553769,0.97797036,0.98692894,0.99,0.9895723,0.9696464,0.9630527,0.9395049,0.99,0.98709357,0.97941405,0.9165628,0.94665307,0.9836437,0.99,0.93536556,0.903,0.99,0.924404,0.9567694,0.9769846,0.99,0.8931653,0.98993593,0.9742029,0.96220076,0.9313903,0.99,0.91188514,0.9810004,0.98381376,0.84742826,0.8904484,0.9290016,0.8594565,0.91383034,0.9510053,0.9537894,0.99,0.8303726,0.94246,0.9326269,0.99,0.9866339,0.86217237,0.9024089,0.8722772,0.8530397,0.8265925,0.9129821,0.8680577,0.99,0.99,0.973382,0.97231764,0.91760564,0.8561259,0.99,0.8623274,0.95344967,0.791459,0.95206225,0.76643676,0.7359023,0.96030563"
