type,key,value
latent_values,values,"0.99,0.99,0.99,0.99,0.99,0.99,0.99,0.99,0.99,0.99,0.99,0.99,0.99,0.99,0.99,0.99,0.99,0.99,0.99,0.99,0.99,0.99,0.99,0.99,0.99,0.99,0.99,0.99,0.99,0.99,0.99,0.99,0.99,0.99,0.99,0.99,0.99,0.99,0.99,0.99,0.99,0.99,0.99,0.99,0.99,0.99,0.99,0.99,0.9710687,0.97461724,0.99,0.98640037,0.9851949,0.99,0.99,0.99,0.99,0.98597944,0.99,0.99,0.9870456,0.99,0.97071266,0.99,0.9639406,0.99,0.99,0.99,0.98812664,0.95726347,0.9732502,0.9626763,0.92777437,0.99,0.99,0.97798985,0.9421648,0.91783255,0.9456912,0.92672104,0.98216385,0.9182827,0.9353573,0.9680416,0.9766672,0.8997124,0.96250397,0.9033241,0.9688988,0.93568593,0.9082443,0.8937456,0.97910476,0.8755409,0.90634996,0.9782245,0.964734,0.99,0.84120405,0.98088026,0.9736457,0.94249123,0.8752774,0.91384745,0.9622105,0.93324304,0.9690163,0.9602964,0.8258639,0.8965844,0.89966714,0.8811573,0.97500324,0.902784,0.87513894,0.97926533,0.97059965,0.99,0.8326703,0.92891866,0.99,0.91709816,0.99,0.79668844,0.8870831,0.7647478,0.86081266,0.9171582"
