type,key,value
latent_values,values,"0.99,0.99,0.99,0.99,0.99,0.99,0.99,0.99,0.99,0.99,0.99,0.99,0.99,0.99,0.99,0.99,0.99,0.99,0.99,0.99,0.99,0.99,0.99,0.99,0.99,0.99,0.99,0.99,0.99,0.99,0.99,0.99,0.99,0.99,0.99,0.99,0.99,0.99,0.99,0.99,0.99,0.99,0.99,0.99,0.99,0.99,0.99,0.99,0.99,0.99,0.99,0.98847055,0.9884432,0.99,0.9852575,0.99,0.9879769,0.98504734,0.98078376,0.96881473,0.97686696,0.99,0.9798771,0.99,0.95068604,0.9768532,0.96455574,0.98973656,0.94974273,0.9747141,0.9352959,0.96474296,0.9862284,0.9459625,0.9611091,0.9755215,0.9740035,0.99,0.94074446,0.9355348,0.9393252,0.9193186,0.98095256,0.97193205,0.99,0.9760346,0.99,0.9052744,0.95237154,0.98156327,0.99,0.99,0.8946583,0.9849715,0.9546755,0.95547646,0.97712374,0.9213005,0.94341993,0.9456629,0.9859782,0.8562077,0.92826355,0.91004956,0.97305626,0.9105194,0.99,0.9515308,0.9406102,0.9883091,0.8237672,0.9763498,0.99,0.96928406,0.8317179,0.956723,0.9402626,0.86030453,0.95125157,0.99,0.99,0.98151433,0.94870394,0.9662698,0.99,0.99,0.82504743,0.9735245"
