type,key,value
latent_values,values,"0.99,0.99,0.99,0.99,0.99,0.99,0.99,0.99,0.99,0.99,0.99,0.99,0.99,0.99,0.99,0.99,0.99,0.99,0.99,0.99,0.99,0.99,0.99,0.99,0.99,0.99,0.99,0.99,0.99,0.99,0.99,0.99,0.99,0.99,0.99,0.99,0.99,0.99,0.99,0.99,0.99,0.99,0.99,0.99,0.99,0.99,0.99,0.99,0.98981696,0.99,0.99,0.99,0.99,0.99,0.97878444,0.99,0.9864907,0.981954,0.98808306,0.99,0.97637695,0.99,0.99,0.99,0.95258033,0.98720485,0.96229315,0.99,0.95320475,0.9841315,0.9378258,0.96321094,0.9819577,0.9247098,0.9697995,0.95545495,0.9761257,0.98940074,0.9239786,0.9331669,0.98422664,0.93188757,0.9861509,0.97915834,0.9720754,0.9635132,0.9180029,0.90536976,0.943974,0.96021014,0.99,0.98325604,0.9085054,0.99,0.9408133,0.9487257,0.97820866,0.87437135,0.91096735,0.99,0.9143963,0.89728457,0.9786611,0.9702522,0.8886766,0.86714095,0.98741394,0.9657483,0.98668426,0.96907216,0.80696803,0.99,0.9803772,0.9677783,0.9488312,0.9858344,0.97257775,0.9030144,0.87442446,0.99,0.96095026,0.9675822,0.95053774,0.98644733,0.9025756,0.99,0.78863084,0.9574328"
