type,key,value
latent_values,values,"0.99,0.99,0.99,0.99,0.99,0.99,0.99,0.99,0.99,0.99,0.99,0.99,0.99,0.99,0.99,0.99,0.99,0.99,0.99,0.99,0.99,0.99,0.99,0.99,0.99,0.99,0.99,0.99,0.99,0.99,0.99,0.99,0.99,0.99,0.99,0.99,0.99,0.99,0.99,0.99,0.99,0.99,0.99,0.99,0.99,0.99,0.99,0.99,0.99,0.99,0.99,0.99,0.98932195,0.99,0.97203374,0.99,0.99,0.99,0.98414636,0.99,0.98101085,0.9834317,0.9486906,0.9651571,0.9529503,0.96327627,0.99,0.9887661,0.989754,0.9809548,0.9595143,0.9760436,0.9497575,0.9885996,0.9870521,0.97432333,0.99,0.99,0.9281299,0.9386107,0.9330789,0.9674848,0.98318034,0.96765333,0.95273346,0.9875304,0.9749191,0.94375336,0.9744706,0.9899488,0.99,0.96659076,0.9881724,0.99,0.98479944,0.9205774,0.99,0.9835748,0.99,0.9716819,0.9652561,0.92003316,0.8662579,0.89315546,0.99,0.90988916,0.98243016,0.99,0.9327652,0.99,0.9347065,0.97775024,0.98122096,0.88178253,0.9413727,0.97075385,0.9706028,0.90773386,0.99,0.9103052,0.989133,0.7845125,0.94146276,0.8971594,0.839571,0.9434225,0.87859523,0.9611832"
