type,key,value
latent_values,values,"0.99,0.99,0.99,0.99,0.99,0.99,0.99,0.99,0.99,0.99,0.99,0.99,0.99,0.99,0.99,0.99,0.99,0.99,0.99,0.99,0.99,0.99,0.99,0.99,0.99,0.99,0.99,0.99,0.99,0.99,0.99,0.99,0.99,0.99,0.99,0.99,0.99,0.99,0.99,0.99,0.99,0.99,0.99,0.99,0.99,0.99,0.99,0.99,0.99,0.99,0.99,0.99,0.99,0.98877865,0.97821707,0.99,0.99,0.99,0.98179233,0.9751814,0.97047406,0.99,0.9858229,0.9799709,0.95465064,0.99,0.9883724,0.98343897,0.98889947,0.99,0.9850181,0.95527107,0.9853357,0.9541464,0.99,0.97821736,0.955044,0.9841612,0.98631287,0.97489965,0.9453136,0.9520398,0.9820816,0.974203,0.99,0.9674818,0.9460838,0.99,0.965774,0.9342026,0.9297937,0.924741,0.9060044,0.95238435,0.96805954,0.9544875,0.99,0.91433585,0.8993795,0.98986685,0.88537204,0.90922785,0.98124665,0.96973914,0.99,0.9479468,0.9668219,0.9599449,0.92481685,0.8053962,0.99,0.981499,0.99,0.978749,0.98712534,0.9626191,0.9664212,0.9890255,0.94843644,0.98514336,0.86196643,0.9661565,0.99,0.93318486,0.99,0.9567492,0.8191226,0.9269858"
