type,key,value
latent_values,values,"0.99,0.99,0.99,0.99,0.99,0.99,0.99,0.99,0.99,0.99,0.99,0.99,0.99,0.99,0.99,0.99,0.99,0.99,0.99,0.99,0.99,0.99,0.99,0.99,0.99,0.99,0.99,0.99,0.99,0.99,0.99,0.99,0.99,0.99,0.99,0.99,0.99,0.99,0.99,0.99,0.99,0.99,0.99,0.99,0.99,0.99,0.99,0.99,0.98118746,0.99,0.99,0.98682916,0.97731155,0.9825077,0.9820198,0.99,0.9805608,0.99,0.9816361,0.99,0.9850769,0.96102655,0.96847343,0.94848156,0.9609298,0.9580999,0.99,0.98093265,0.9889426,0.99,0.9598491,0.96051115,0.9828029,0.9838206,0.97273296,0.92760414,0.99,0.98785615,0.96511215,0.94735265,0.93995434,0.9617057,0.97825277,0.91487455,0.99,0.9794911,0.99,0.8913561,0.9732972,0.99,0.9664651,0.99,0.9836903,0.97565764,0.9842625,0.9390726,0.99,0.93249434,0.96300066,0.9828043,0.93659323,0.9612701,0.9289,0.9579071,0.9849542,0.88289624,0.9846341,0.97809356,0.9798246,0.99,0.99,0.9644128,0.9865443,0.9547684,0.9716731,0.8084768,0.9729822,0.98751813,0.9794793,0.94078815,0.9262144,0.99,0.9426054,0.92143863,0.982314,0.97699004,0.90756184,0.8797691"
