type,key,value
latent_values,values,"0.99,0.99,0.99,0.99,0.99,0.99,0.99,0.99,0.99,0.99,0.99,0.99,0.99,0.99,0.99,0.99,0.99,0.99,0.99,0.99,0.99,0.99,0.99,0.99,0.99,0.99,0.99,0.99,0.99,0.99,0.99,0.99,0.99,0.99,0.99,0.99,0.99,0.99,0.99,0.99,0.99,0.99,0.99,0.99,0.99,0.99,0.99,0.99,0.99,0.99,0.99,0.9833642,0.98409986,0.99,0.97870433,0.99,0.98165965,0.99,0.9845427,0.99,0.98191,0.99,0.99,0.9564519,0.9524693,0.9740837,0.98804873,0.99,0.9854022,0.96234167,0.9488538,0.9418267,0.99,0.97253317,0.98682165,0.96887666,0.98769206,0.98525345,0.9775052,0.9702496,0.9449598,0.9645605,0.9850438,0.9638466,0.9705627,0.9742265,0.9878671,0.95933706,0.9444532,0.9687467,0.9299352,0.9552142,0.9450041,0.96816707,0.96567285,0.9517319,0.98261636,0.8746332,0.8593681,0.893364,0.99,0.9542383,0.99,0.98789614,0.9483586,0.92511266,0.9860354,0.9503343,0.98912156,0.8620483,0.99,0.99,0.99,0.9289594,0.8527692,0.8881719,0.99,0.95969915,0.9828565,0.99,0.9719169,0.99,0.94256276,0.96815705,0.934254,0.99,0.84975326,0.9184605"
