type,key,value
latent_values,values,"0.99,0.99,0.99,0.99,0.99,0.99,0.99,0.99,0.99,0.99,0.99,0.99,0.99,0.99,0.99,0.99,0.99,0.99,0.99,0.99,0.99,0.99,0.99,0.99,0.99,0.99,0.99,0.99,0.99,0.99,0.99,0.99,0.99,0.99,0.99,0.99,0.99,0.99,0.99,0.99,0.99,0.99,0.99,0.99,0.99,0.99,0.99,0.99,0.989123,0.99,0.99,0.99,0.99,0.99,0.9718673,0.99,0.99,0.99,0.9850503,0.982639,0.9817732,0.9862922,0.9659229,0.9617622,0.9563408,0.973085,0.99,0.99,0.97452337,0.9802813,0.95087475,0.96446055,0.9874174,0.96264917,0.97699106,0.9724352,0.9840179,0.99,0.9640448,0.94813704,0.924882,0.91480845,0.9886513,0.95943683,0.99,0.9597151,0.99,0.90146095,0.9311942,0.9655371,0.92939633,0.99,0.9048872,0.984792,0.97286594,0.9339388,0.99,0.96730894,0.99,0.93946594,0.9638601,0.91430026,0.916848,0.8496349,0.99,0.90876997,0.98066026,0.97053236,0.9267072,0.99,0.93865687,0.99,0.99,0.95358074,0.87539184,0.99,0.9733812,0.95496005,0.99,0.9441387,0.9168077,0.94774,0.9330981,0.9543464,0.99,0.9784441,0.772965,0.9511029"
