type,key,value
latent_values,values,"0.99,0.99,0.99,0.99,0.99,0.99,0.99,0.99,0.99,0.99,0.99,0.99,0.99,0.99,0.99,0.99,0.99,0.99,0.99,0.99,0.99,0.99,0.99,0.99,0.99,0.99,0.99,0.99,0.99,0.99,0.99,0.99,0.99,0.99,0.99,0.99,0.99,0.99,0.99,0.99,0.99,0.99,0.99,0.99,0.99,0.99,0.99,0.99,0.99,0.99,0.99,0.99,0.99,0.99,0.9892517,0.99,0.99,0.99,0.97872585,0.96832156,0.99,0.985341,0.9697431,0.9818682,0.9471238,0.96190023,0.99,0.97195387,0.99,0.99,0.9718417,0.9429669,0.9673755,0.97003627,0.98044765,0.95187515,0.99,0.98145646,0.9711743,0.94501275,0.9358615,0.99,0.9776634,0.93393004,0.9877648,0.9833836,0.99,0.9119109,0.9845434,0.99,0.9745361,0.99,0.9247109,0.9756397,0.9752343,0.93137336,0.9758833,0.9759711,0.9443737,0.9554196,0.9856724,0.99,0.89707136,0.9612648,0.9299977,0.88999337,0.9803983,0.9817495,0.92303747,0.982003,0.99,0.9751642,0.98661315,0.97959167,0.93189436,0.83098626,0.95069754,0.96717423,0.9768915,0.9656498,0.97247976,0.98877853,0.99,0.84911,0.8623952,0.9866914,0.92712766,0.9556565"
