type,key,value
latent_values,values,"0.99,0.99,0.99,0.99,0.99,0.99,0.99,0.99,0.99,0.99,0.99,0.99,0.99,0.99,0.99,0.99,0.99,0.99,0.99,0.99,0.99,0.99,0.99,0.99,0.99,0.99,0.99,0.99,0.99,0.99,0.99,0.99,0.99,0.99,0.99,0.99,0.99,0.99,0.99,0.99,0.99,0.99,0.99,0.99,0.99,0.99,0.99,0.99,0.99,0.99,0.9778719,0.99,0.99,0.9897977,0.99,0.99,0.987025,0.988933,0.9884607,0.99,0.9860546,0.98681563,0.99,0.99,0.9765339,0.99,0.9866837,0.93775547,0.9401051,0.98478633,0.9516512,0.96613777,0.9682991,0.98219484,0.99,0.9654403,0.9898033,0.93863994,0.9355995,0.98684245,0.99,0.9560429,0.9868939,0.98081076,0.9799834,0.9821634,0.9348305,0.9826141,0.9185676,0.99,0.95293957,0.9144931,0.96065384,0.9781836,0.87279767,0.86583084,0.8813743,0.99,0.99,0.99,0.91208196,0.89519066,0.8608306,0.9273759,0.840584,0.8650517,0.9895618,0.9218153,0.99,0.89751244,0.7777144,0.99,0.99,0.982919,0.94888854,0.99,0.9633078,0.86443746,0.9588792,0.8125996,0.96882576,0.9475742,0.96679395,0.92920715,0.96498275,0.83791643,0.83605856,0.8957163"
