type,key,value
latent_values,values,"0.99,0.99,0.99,0.99,0.99,0.99,0.99,0.99,0.99,0.99,0.99,0.99,0.99,0.99,0.99,0.99,0.99,0.99,0.99,0.99,0.99,0.99,0.99,0.99,0.99,0.99,0.99,0.99,0.99,0.99,0.99,0.99,0.99,0.99,0.99,0.99,0.99,0.99,0.99,0.99,0.99,0.99,0.99,0.99,0.99,0.99,0.99,0.99,0.98919094,0.99,0.99,0.99,0.99,0.98898494,0.9646647,0.99,0.99,0.99,0.9810073,0.99,0.99,0.9895354,0.99,0.95947,0.95783156,0.9844,0.99,0.975199,0.99,0.99,0.99,0.9619914,0.97993755,0.9591565,0.9593413,0.98412776,0.95650303,0.97811276,0.98220354,0.94114095,0.9394049,0.9227662,0.9839441,0.9784856,0.99,0.9825838,0.9539592,0.9410663,0.9542285,0.9428762,0.9435686,0.9823921,0.9478153,0.9628628,0.99,0.9262418,0.9801491,0.90628207,0.92168826,0.93989444,0.9371103,0.93697166,0.9650071,0.9779366,0.98496675,0.90877116,0.99,0.93992716,0.9678909,0.89553154,0.99,0.9613431,0.99,0.97483754,0.99,0.98910713,0.95438784,0.9816846,0.981416,0.9800789,0.8376511,0.99,0.96896267,0.8632272,0.99,0.99,0.80251676,0.9296817"
