type,key,value
latent_values,values,"0.99,0.99,0.99,0.99,0.99,0.99,0.99,0.99,0.99,0.99,0.99,0.99,0.99,0.99,0.99,0.99,0.99,0.99,0.99,0.99,0.99,0.99,0.99,0.99,0.99,0.99,0.99,0.99,0.99,0.99,0.99,0.99,0.99,0.99,0.99,0.99,0.99,0.99,0.99,0.99,0.99,0.99,0.99,0.99,0.99,0.99,0.99,0.99,0.9842701,0.99,0.99,0.99,0.99,0.99,0.99,0.99,0.9650944,0.99,0.98516977,0.99,0.98447543,0.980235,0.9899392,0.98662776,0.98090035,0.97653157,0.97872674,0.9210398,0.93119305,0.9742327,0.94095397,0.9811204,0.99,0.99,0.99,0.9523697,0.9726001,0.9667209,0.9731419,0.9854663,0.97897315,0.9397877,0.97923714,0.95816326,0.96682763,0.96292037,0.9796853,0.9786834,0.9245346,0.97276413,0.96495014,0.8983249,0.94305503,0.99,0.8745873,0.89299655,0.880987,0.99,0.99,0.99,0.98965186,0.82847446,0.875936,0.97446537,0.9458236,0.84243715,0.98588485,0.9683507,0.984286,0.84356964,0.82359195,0.98392695,0.99,0.9386352,0.91807485,0.9569963,0.9883977,0.90012944,0.9797275,0.8197313,0.9380751,0.9154014,0.9210471,0.9216712,0.9659061,0.7899851,0.82026696,0.8419815"
