type,key,value
latent_values,values,"0.99,0.99,0.99,0.99,0.99,0.99,0.99,0.99,0.99,0.99,0.99,0.99,0.99,0.99,0.99,0.99,0.99,0.99,0.99,0.99,0.99,0.99,0.99,0.99,0.99,0.99,0.99,0.99,0.99,0.99,0.99,0.99,0.99,0.99,0.99,0.99,0.99,0.99,0.99,0.99,0.99,0.99,0.99,0.99,0.99,0.99,0.99,0.99,0.99,0.99,0.99,0.99,0.99,0.99,0.99,0.99,0.99,0.9846508,0.99,0.99,0.98973113,0.99,0.99,0.99,0.9814569,0.9834396,0.9860684,0.96140206,0.95276845,0.99,0.9541195,0.9445373,0.97497934,0.9429339,0.99,0.98759574,0.9842663,0.96481806,0.9535507,0.9886741,0.99,0.99,0.98712724,0.95524395,0.984941,0.89769435,0.890332,0.9650388,0.99,0.93957675,0.9771191,0.9158754,0.9730615,0.988196,0.89763045,0.9899404,0.9588666,0.95119447,0.99,0.9806735,0.95022845,0.9180747,0.9397427,0.9570911,0.84105134,0.86718786,0.9700571,0.9636549,0.9227119,0.9174655,0.8458193,0.97302705,0.9279527,0.99,0.944861,0.98342264,0.9543065,0.8910374,0.9316477,0.8873357,0.8939046,0.99,0.9826504,0.9454361,0.77882105,0.99,0.8810341,0.90883106"
