type,key,value
latent_values,values,"0.99,0.99,0.99,0.99,0.99,0.99,0.99,0.99,0.99,0.99,0.99,0.99,0.99,0.99,0.99,0.99,0.99,0.99,0.99,0.99,0.99,0.99,0.99,0.99,0.99,0.99,0.99,0.99,0.99,0.99,0.99,0.99,0.99,0.99,0.99,0.99,0.99,0.99,0.99,0.99,0.99,0.99,0.99,0.99,0.99,0.99,0.99,0.99,0.9869553,0.99,0.99,0.99,0.99,0.9872758,0.97229713,0.99,0.9814204,0.99,0.9717804,0.99,0.99,0.9809006,0.99,0.95724046,0.96114784,0.97433317,0.99,0.97311646,0.9853224,0.98232156,0.97381216,0.9813854,0.9829473,0.96785307,0.97758496,0.94412464,0.97185767,0.9803933,0.95567566,0.9230156,0.93131465,0.9557056,0.9628178,0.988122,0.99,0.9683609,0.9772426,0.90588766,0.9699214,0.9658074,0.9789029,0.99,0.9857495,0.987126,0.99,0.9471481,0.9827263,0.92844725,0.89214045,0.97237414,0.99,0.89024854,0.90905446,0.98103,0.9834622,0.9275265,0.9899741,0.97105557,0.98768,0.9619839,0.99,0.9400606,0.9805338,0.92379224,0.98627627,0.99,0.9516664,0.98116094,0.99,0.9799191,0.984445,0.99,0.85338074,0.84781957,0.95321006,0.99,0.83181894,0.7863127"
