type,key,value
latent_values,values,"0.99,0.99,0.99,0.99,0.99,0.99,0.99,0.99,0.99,0.99,0.99,0.99,0.99,0.99,0.99,0.99,0.99,0.99,0.99,0.99,0.99,0.99,0.99,0.99,0.99,0.99,0.99,0.99,0.99,0.99,0.99,0.99,0.99,0.99,0.99,0.99,0.99,0.99,0.99,0.99,0.99,0.99,0.99,0.99,0.99,0.99,0.99,0.99,0.9761205,0.99,0.99,0.99,0.99,0.99,0.99,0.99,0.98627824,0.9761275,0.9651468,0.99,0.97534484,0.98842204,0.99,0.99,0.9448544,0.99,0.95883757,0.9551972,0.9306821,0.9883495,0.96228653,0.9572305,0.951216,0.9239483,0.9613912,0.9675199,0.95383155,0.99,0.90530825,0.97719604,0.95795405,0.96959263,0.9719332,0.94829226,0.9880769,0.97903764,0.88602686,0.9746168,0.9748936,0.98089486,0.98315644,0.9398183,0.9470819,0.9893412,0.91661084,0.9852372,0.955588,0.93872267,0.8415588,0.98671377,0.93790686,0.8698824,0.99,0.99,0.94076616,0.92581534,0.9789369,0.94058186,0.99,0.86123836,0.8234794,0.93182963,0.9775517,0.95421785,0.9571702,0.9865766,0.9436871,0.9144919,0.85994524,0.99,0.8929948,0.9806088,0.97236866,0.9840519,0.95645535,0.9816989,0.82953423,0.89107156"
