type,key,value
latent_values,values,"0.99,0.99,0.99,0.99,0.99,0.99,0.99,0.99,0.99,0.99,0.99,0.99,0.99,0.99,0.99,0.99,0.99,0.99,0.99,0.99,0.99,0.99,0.99,0.99,0.99,0.99,0.99,0.99,0.99,0.99,0.99,0.99,0.99,0.99,0.99,0.99,0.99,0.99,0.99,0.99,0.99,0.99,0.99,0.99,0.99,0.99,0.99,0.99,0.99,0.99,0.9812843,0.99,0.99,0.99,0.99,0.99,0.98016614,0.99,0.99,0.99,0.99,0.98410666,0.99,0.99,0.99,0.9894636,0.99,0.93394303,0.93694144,0.9873635,0.9478963,0.9648921,0.99,0.99,0.99,0.944661,0.9540185,0.933109,0.98606575,0.97061294,0.99,0.9571519,0.984581,0.9714209,0.96597433,0.9591567,0.99,0.9885701,0.91188127,0.96485555,0.9173871,0.9226543,0.95857376,0.9747175,0.8725158,0.8552912,0.8932457,0.99,0.99,0.96134245,0.93851256,0.8808812,0.82915545,0.9734153,0.84359145,0.8721804,0.9777279,0.94156903,0.99,0.9031936,0.8903743,0.99,0.99,0.9817208,0.88631517,0.9652366,0.9899694,0.93872267,0.99,0.8044557,0.9402453,0.9254441,0.91617835,0.93970317,0.9752646,0.8726871,0.79202336,0.8927998"
