type,key,value
latent_values,values,"0.99,0.99,0.99,0.99,0.99,0.99,0.99,0.99,0.99,0.99,0.99,0.99,0.99,0.99,0.99,0.99,0.99,0.99,0.99,0.99,0.99,0.99,0.99,0.99,0.99,0.99,0.99,0.99,0.99,0.99,0.99,0.99,0.99,0.99,0.99,0.99,0.99,0.99,0.99,0.99,0.99,0.99,0.99,0.99,0.99,0.99,0.99,0.99,0.99,0.99,0.99,0.99,0.99,0.99,0.96635646,0.99,0.99,0.99,0.9855356,0.99,0.97718716,0.98870754,0.9894735,0.99,0.9465206,0.96209645,0.9645081,0.9856916,0.99,0.9872404,0.9403466,0.9683846,0.9732838,0.9662532,0.975538,0.9567458,0.99,0.9871875,0.9368214,0.92227924,0.9427016,0.9287011,0.9883591,0.99,0.99,0.99,0.98159355,0.90411985,0.94067156,0.9798567,0.9830805,0.9887173,0.9438966,0.9878464,0.9828347,0.8970846,0.97283274,0.9565155,0.96262264,0.9846469,0.9386567,0.85114944,0.8902054,0.8984064,0.9767522,0.92125463,0.99,0.9703539,0.9748087,0.9884785,0.9711664,0.99,0.9898678,0.9515002,0.8946442,0.9673769,0.9623645,0.92380375,0.99,0.99,0.9647169,0.93728715,0.9561075,0.8662189,0.97898155,0.99,0.83376104,0.94774926"
