type,key,value
latent_values,values,"0.99,0.99,0.99,0.99,0.99,0.99,0.99,0.99,0.99,0.99,0.99,0.99,0.99,0.99,0.99,0.99,0.99,0.99,0.99,0.99,0.99,0.99,0.99,0.99,0.99,0.99,0.99,0.99,0.99,0.99,0.99,0.99,0.99,0.99,0.99,0.99,0.99,0.99,0.99,0.99,0.99,0.99,0.99,0.99,0.99,0.99,0.99,0.99,0.9894221,0.99,0.99,0.99,0.99,0.9881662,0.963803,0.99,0.99,0.99,0.9793794,0.9839575,0.98600954,0.9785447,0.9838881,0.98126715,0.9526193,0.9677923,0.9792547,0.98281795,0.99,0.99,0.9468569,0.95871174,0.97846687,0.9519571,0.9671544,0.9497445,0.99,0.9862676,0.9460618,0.9265963,0.9260478,0.9304545,0.99,0.98648703,0.99,0.9889883,0.99,0.90249825,0.9479594,0.98962605,0.9660978,0.99,0.91681683,0.98123634,0.99,0.91471106,0.978241,0.98163414,0.9682466,0.96113545,0.9320965,0.8664877,0.8946305,0.89153665,0.99,0.9029717,0.99,0.97462857,0.968938,0.99,0.9719546,0.99,0.99,0.9619727,0.92025924,0.9696844,0.9602764,0.9636029,0.99,0.99,0.9212427,0.9611017,0.93475384,0.8515531,0.99,0.98258126,0.8250073,0.9582323"
