type,key,value
latent_values,values,"0.99,0.99,0.99,0.99,0.99,0.99,0.99,0.99,0.99,0.99,0.99,0.99,0.99,0.99,0.99,0.99,0.99,0.99,0.99,0.99,0.99,0.99,0.99,0.99,0.99,0.99,0.99,0.99,0.99,0.99,0.99,0.99,0.99,0.99,0.99,0.99,0.99,0.99,0.99,0.99,0.99,0.99,0.99,0.99,0.99,0.99,0.99,0.99,0.99,0.99,0.99,0.9866613,0.99,0.99,0.9811225,0.99,0.98350346,0.99,0.9862166,0.99,0.97991216,0.9862535,0.99,0.94920456,0.9708739,0.9873837,0.99,0.97412294,0.99,0.98494637,0.98958707,0.959773,0.98087543,0.9735744,0.99,0.98229057,0.9611644,0.97716004,0.99,0.99,0.92999417,0.9349419,0.9788162,0.9649141,0.97936296,0.9508222,0.9264891,0.99,0.97323287,0.9454677,0.91873366,0.91447574,0.92181194,0.9675737,0.98612493,0.9839189,0.99,0.9399148,0.96545476,0.98861367,0.9329285,0.9569185,0.9779873,0.91916096,0.99,0.91365224,0.95170873,0.99,0.9615091,0.80732465,0.99,0.9556075,0.99,0.9589203,0.9762912,0.8710049,0.99,0.95963395,0.9074743,0.9478192,0.8607687,0.9135926,0.9711419,0.9138009,0.99,0.86549586,0.8218334,0.8476076"
