type,key,value
latent_values,values,"0.99,0.99,0.99,0.99,0.99,0.99,0.99,0.99,0.99,0.99,0.99,0.99,0.99,0.99,0.99,0.99,0.99,0.99,0.99,0.99,0.99,0.99,0.99,0.99,0.99,0.99,0.99,0.99,0.99,0.99,0.99,0.99,0.99,0.99,0.99,0.99,0.99,0.99,0.99,0.99,0.99,0.99,0.99,0.99,0.99,0.99,0.99,0.99,0.99,0.99,0.99,0.9847911,0.98914313,0.99,0.96298295,0.99,0.99,0.99,0.99,0.99,0.9840706,0.99,0.9774024,0.9659911,0.9567882,0.9715078,0.967704,0.99,0.98770005,0.9797695,0.9442932,0.9598317,0.9727279,0.94452995,0.99,0.9772472,0.99,0.99,0.9303119,0.92584145,0.93185997,0.9258195,0.99,0.9833438,0.9861814,0.94518006,0.9606404,0.8990394,0.96422416,0.9661114,0.9843569,0.99,0.9767816,0.98806095,0.973871,0.91943324,0.9859439,0.97690886,0.98875976,0.9441448,0.96120983,0.8773997,0.87575173,0.8531167,0.985673,0.9215518,0.99,0.9884592,0.9746439,0.99,0.86706555,0.988219,0.97496164,0.8903121,0.9358325,0.96427864,0.9880703,0.86129844,0.99,0.98296964,0.9694223,0.886969,0.92845213,0.87831753,0.8819181,0.9640403,0.8117157,0.9706868"
