type,key,value
latent_values,values,"0.99,0.99,0.99,0.99,0.99,0.99,0.99,0.99,0.99,0.99,0.99,0.99,0.99,0.99,0.99,0.99,0.99,0.99,0.99,0.99,0.99,0.99,0.99,0.99,0.99,0.99,0.99,0.99,0.99,0.99,0.99,0.99,0.99,0.99,0.99,0.99,0.99,0.99,0.99,0.99,0.99,0.99,0.99,0.99,0.99,0.99,0.99,0.99,0.99,0.99,0.99,0.99,0.99,0.99,0.98798543,0.99,0.99,0.98900574,0.99,0.99,0.9800652,0.99,0.988305,0.99,0.97659373,0.99,0.9631136,0.99,0.9689158,0.99,0.9734012,0.9732086,0.98992366,0.96574545,0.99,0.9462429,0.936065,0.96685076,0.98491645,0.99,0.98731005,0.9784624,0.97944707,0.99,0.93280923,0.95251983,0.9670771,0.9897018,0.9594715,0.9462178,0.93606573,0.9036773,0.9520508,0.9843765,0.87440634,0.9853398,0.96993667,0.9804688,0.9279459,0.99,0.85098314,0.88516223,0.933518,0.96750546,0.93187875,0.8744371,0.9585844,0.99,0.98650837,0.83988917,0.97635573,0.99,0.99,0.9663704,0.98632884,0.97737116,0.99,0.99,0.91961855,0.975479,0.89581645,0.8553317,0.99,0.9776456,0.89608765,0.81888026,0.81032825,0.87354493"
