type,key,value
latent_values,values,"0.99,0.99,0.99,0.99,0.99,0.99,0.99,0.99,0.99,0.99,0.99,0.99,0.99,0.99,0.99,0.99,0.99,0.99,0.99,0.99,0.99,0.99,0.99,0.99,0.99,0.99,0.99,0.99,0.99,0.99,0.99,0.99,0.99,0.99,0.99,0.99,0.99,0.99,0.99,0.99,0.99,0.99,0.99,0.99,0.99,0.99,0.99,0.99,0.9865364,0.99,0.99,0.99,0.99,0.99,0.96978456,0.99,0.99,0.99,0.9718651,0.99,0.99,0.9691668,0.9601387,0.97392046,0.96151507,0.97389543,0.99,0.97382754,0.99,0.98917925,0.94421315,0.9608642,0.94925404,0.9379644,0.98516166,0.96563387,0.99,0.99,0.909774,0.9363448,0.92186654,0.92912513,0.97565055,0.99,0.9780118,0.9891642,0.973544,0.93897796,0.97597927,0.9851674,0.9437616,0.96091855,0.91937125,0.99,0.9839872,0.93431616,0.98445773,0.99,0.99,0.9065401,0.949853,0.87040097,0.86133945,0.86037326,0.99,0.92630875,0.9793794,0.9815266,0.97373205,0.99,0.96155286,0.99,0.99,0.92767376,0.94057167,0.96477634,0.9552473,0.9588775,0.99,0.9043008,0.92569125,0.7909523,0.8762314,0.80652076,0.97425157,0.9818038,0.80819887,0.9571406"
