type,key,value
latent_values,values,"0.99,0.99,0.99,0.99,0.99,0.99,0.99,0.99,0.99,0.99,0.99,0.99,0.99,0.99,0.99,0.99,0.99,0.99,0.99,0.99,0.99,0.99,0.99,0.99,0.99,0.99,0.99,0.99,0.99,0.99,0.99,0.99,0.99,0.99,0.99,0.99,0.99,0.99,0.99,0.99,0.99,0.99,0.99,0.99,0.99,0.99,0.99,0.99,0.99,0.99,0.99,0.99,0.9899292,0.9899801,0.97117466,0.99,0.98957294,0.99,0.98103553,0.9869525,0.9789592,0.99,0.99,0.9869791,0.9479696,0.97975355,0.97426766,0.99,0.9803582,0.974058,0.9334315,0.97628653,0.9855179,0.9681124,0.9745047,0.962213,0.99,0.99,0.9395034,0.9526879,0.93798935,0.9369631,0.98730457,0.9898734,0.9857017,0.99,0.98349065,0.9386903,0.92595816,0.98851585,0.9834703,0.9839186,0.9249486,0.9662144,0.9587385,0.93943936,0.98713475,0.8906254,0.85524,0.97905004,0.95912254,0.8504332,0.9823441,0.9829363,0.98635453,0.9161384,0.99,0.9367687,0.98110145,0.87597096,0.9116732,0.99,0.9842789,0.9536181,0.88430345,0.96920717,0.9703339,0.89883065,0.97534,0.99,0.9712429,0.9507886,0.9289826,0.9582299,0.9680861,0.99,0.8307637,0.9791661"
