type,key,value
latent_values,values,"0.99,0.99,0.99,0.99,0.99,0.99,0.99,0.99,0.99,0.99,0.99,0.99,0.99,0.99,0.99,0.99,0.99,0.99,0.99,0.99,0.99,0.99,0.99,0.99,0.99,0.99,0.99,0.99,0.99,0.99,0.99,0.99,0.99,0.99,0.99,0.99,0.99,0.99,0.99,0.99,0.99,0.99,0.99,0.99,0.99,0.99,0.99,0.99,0.9873839,0.99,0.99,0.99,0.989605,0.99,0.9734149,0.99,0.9833653,0.99,0.97954994,0.99,0.9770228,0.987004,0.9893228,0.9632793,0.9572325,0.98354757,0.99,0.9889188,0.9870264,0.97396374,0.9735859,0.9680794,0.99,0.96221596,0.9837878,0.96214914,0.9614907,0.9829374,0.98076403,0.96061456,0.9507485,0.961794,0.9855521,0.97833234,0.97592777,0.9648492,0.9563579,0.98422766,0.9423527,0.9484284,0.95753187,0.9811343,0.96262443,0.96313936,0.97842,0.95348465,0.99,0.8771722,0.850454,0.99,0.97710764,0.88338304,0.99,0.99,0.9859845,0.90670407,0.9834225,0.97326106,0.9863974,0.8109579,0.99,0.94350034,0.99,0.94516945,0.9569958,0.9139269,0.9898746,0.98008156,0.9491868,0.99,0.8974457,0.9892232,0.941208,0.95224947,0.9523638,0.9767253,0.830705,0.8362417"
