type,key,value
latent_values,values,"0.99,0.99,0.99,0.99,0.99,0.99,0.99,0.99,0.99,0.99,0.99,0.99,0.99,0.99,0.99,0.99,0.99,0.99,0.99,0.99,0.99,0.99,0.99,0.99,0.99,0.99,0.99,0.99,0.99,0.99,0.99,0.99,0.99,0.99,0.99,0.99,0.99,0.99,0.99,0.99,0.99,0.99,0.99,0.99,0.99,0.99,0.99,0.99,0.9894987,0.99,0.99,0.99,0.99,0.99,0.96359885,0.99,0.99,0.99,0.9885301,0.99,0.99,0.98615,0.99,0.95426357,0.95092696,0.9654925,0.96601486,0.9810703,0.99,0.99,0.939993,0.96679235,0.97604316,0.9677163,0.98191255,0.9407934,0.9892538,0.98888755,0.93904686,0.93217564,0.9258761,0.9552226,0.98779136,0.94312704,0.99,0.94424707,0.95838326,0.91604793,0.98016185,0.95602417,0.99,0.99,0.988742,0.9807815,0.97979575,0.9086949,0.9695985,0.966509,0.97184795,0.97947913,0.9420108,0.9691853,0.8706945,0.901448,0.99,0.9090262,0.99,0.97512704,0.962723,0.99,0.9676852,0.97059464,0.9794298,0.9407975,0.99,0.91699165,0.9867834,0.99,0.99,0.99,0.9741535,0.9421913,0.95452034,0.8537087,0.8641822,0.9700709,0.8188832,0.92001265"
