type,key,value
latent_values,values,"0.99,0.99,0.99,0.99,0.99,0.99,0.99,0.99,0.99,0.99,0.99,0.99,0.99,0.99,0.99,0.99,0.99,0.99,0.99,0.99,0.99,0.99,0.99,0.99,0.99,0.99,0.99,0.99,0.99,0.99,0.99,0.99,0.99,0.99,0.99,0.99,0.99,0.99,0.99,0.99,0.99,0.99,0.99,0.99,0.99,0.99,0.99,0.99,0.99,0.99,0.99,0.99,0.99,0.99,0.9705741,0.99,0.99,0.9889691,0.97808266,0.99,0.984548,0.9749078,0.9441572,0.96617013,0.96081173,0.9748547,0.99,0.97845596,0.98907316,0.9886586,0.9533252,0.9610114,0.96201813,0.97151434,0.99,0.94870734,0.99,0.99,0.9277358,0.9352589,0.932779,0.9766286,0.97232795,0.9691677,0.9601715,0.9780469,0.9840225,0.9571261,0.98118424,0.98559874,0.99,0.958852,0.99,0.99,0.98348254,0.93820184,0.9863114,0.99,0.99,0.9650621,0.97023493,0.9161628,0.85523325,0.90640444,0.99,0.9397278,0.981357,0.99,0.93939847,0.99,0.9774677,0.9754861,0.9830044,0.8898069,0.9696495,0.97145575,0.9680809,0.96818435,0.99,0.9060229,0.9733993,0.79994327,0.91507447,0.85003585,0.84437066,0.94512784,0.84836537,0.8673749"
