type,key,value
latent_values,values,"0.99,0.99,0.99,0.99,0.99,0.99,0.99,0.99,0.99,0.99,0.99,0.99,0.99,0.99,0.99,0.99,0.99,0.99,0.99,0.99,0.99,0.99,0.99,0.99,0.99,0.99,0.99,0.99,0.99,0.99,0.99,0.99,0.99,0.99,0.99,0.99,0.99,0.99,0.99,0.99,0.99,0.99,0.99,0.99,0.99,0.99,0.99,0.99,0.9846896,0.99,0.99,0.9809335,0.99,0.99,0.97376555,0.99,0.98610485,0.9886607,0.9858411,0.99,0.9855694,0.99,0.98283,0.9575033,0.95597446,0.98821527,0.99,0.986936,0.9899953,0.9758411,0.9891455,0.9437268,0.9843307,0.9578293,0.9731889,0.99,0.9518971,0.9737847,0.9803984,0.976009,0.94709176,0.92053145,0.9684174,0.96663564,0.99,0.9623399,0.95426726,0.96428174,0.9543563,0.9333369,0.9253635,0.95744115,0.95743155,0.97533506,0.99,0.9456161,0.9856038,0.8656413,0.87908375,0.8905072,0.9682629,0.9833089,0.99,0.9557819,0.93936807,0.9199142,0.9818353,0.9538846,0.9255565,0.8256321,0.98661906,0.938036,0.99,0.9705064,0.99,0.96934026,0.94808143,0.98022133,0.95661026,0.9886372,0.88296145,0.99,0.96004874,0.9563874,0.99,0.97997415,0.8129023,0.8934172"
