type,key,value
latent_values,values,"0.99,0.99,0.99,0.99,0.99,0.99,0.99,0.99,0.99,0.99,0.99,0.99,0.99,0.99,0.99,0.99,0.99,0.99,0.99,0.99,0.99,0.99,0.99,0.99,0.99,0.99,0.99,0.99,0.99,0.99,0.99,0.99,0.99,0.99,0.99,0.99,0.99,0.99,0.99,0.99,0.99,0.99,0.99,0.99,0.99,0.99,0.99,0.99,0.98699695,0.99,0.99,0.99,0.99,0.99,0.97022915,0.99,0.99,0.9849335,0.9793986,0.98832035,0.97931284,0.98902076,0.97899735,0.9806839,0.95380056,0.9865195,0.97413254,0.99,0.95769113,0.9865114,0.945599,0.9649744,0.98014534,0.9404046,0.96951294,0.9790614,0.99,0.99,0.9348924,0.9409524,0.9344782,0.9122407,0.99,0.9557725,0.99,0.9591262,0.9779539,0.88768137,0.94175726,0.98054314,0.9693364,0.99,0.9494787,0.9866657,0.96702445,0.9465623,0.99,0.97070014,0.9690256,0.9518264,0.9333274,0.8521142,0.9179153,0.8834233,0.99,0.9090824,0.99,0.96194947,0.9305307,0.99,0.80649805,0.9790899,0.99,0.9619142,0.8984841,0.99,0.9459916,0.8838201,0.99,0.9780519,0.9108929,0.96978223,0.9518268,0.9710073,0.98939,0.98586947,0.8026918,0.9706009"
