type,key,value
latent_values,values,"0.99,0.99,0.99,0.99,0.99,0.99,0.99,0.99,0.99,0.99,0.99,0.99,0.99,0.99,0.99,0.99,0.99,0.99,0.99,0.99,0.99,0.99,0.99,0.99,0.99,0.99,0.99,0.99,0.99,0.99,0.99,0.99,0.99,0.99,0.99,0.99,0.99,0.99,0.99,0.99,0.99,0.99,0.99,0.99,0.99,0.99,0.99,0.99,0.99,0.99,0.99,0.99,0.99,0.9863099,0.9749801,0.99,0.99,0.99,0.97112304,0.99,0.99,0.975542,0.96251714,0.9560121,0.96038705,0.9747579,0.99,0.96908635,0.9859436,0.98644245,0.9774893,0.9605274,0.9731752,0.95549124,0.99,0.9465011,0.9845116,0.98950726,0.95229006,0.93607044,0.92351913,0.9718,0.9563569,0.9606858,0.99,0.97318894,0.9899602,0.9118022,0.98727006,0.99,0.9650244,0.9880816,0.9754623,0.9826363,0.99,0.9451668,0.98317254,0.9859805,0.98279494,0.93852717,0.99,0.97181,0.85744673,0.9203788,0.9797366,0.95954114,0.97978175,0.99,0.9797229,0.99,0.99,0.95296323,0.99,0.92503244,0.9684958,0.99,0.94469476,0.9884789,0.99,0.9028146,0.99,0.9656804,0.8714394,0.8419954,0.912351,0.9731799,0.8381644,0.78009814"
