type,key,value
latent_values,values,"0.99,0.99,0.99,0.99,0.99,0.99,0.99,0.99,0.99,0.99,0.99,0.99,0.99,0.99,0.99,0.99,0.99,0.99,0.99,0.99,0.99,0.99,0.99,0.99,0.99,0.99,0.99,0.99,0.99,0.99,0.99,0.99,0.99,0.99,0.99,0.99,0.99,0.99,0.99,0.99,0.99,0.99,0.99,0.99,0.99,0.99,0.99,0.99,0.99,0.99,0.99,0.9810551,0.9891372,0.9851492,0.99,0.99,0.98966265,0.99,0.96999973,0.94745207,0.97922647,0.99,0.98327786,0.9806694,0.95707625,0.99,0.99,0.99,0.9618213,0.9623799,0.9658332,0.95688343,0.9895033,0.9816804,0.98913956,0.9700374,0.95417553,0.98853165,0.9811555,0.99,0.92915034,0.9620936,0.9728773,0.99,0.9820295,0.90619487,0.98426956,0.98458785,0.96011245,0.9291198,0.8790639,0.9235156,0.88605493,0.970934,0.9344708,0.94931453,0.91953224,0.9660642,0.90876013,0.92428803,0.99,0.8603683,0.9860813,0.977544,0.99,0.91497284,0.9758096,0.95917404,0.8549888,0.82721984,0.99,0.9893605,0.99,0.93781304,0.96671134,0.99,0.9302466,0.98914295,0.9492942,0.9773432,0.97859985,0.93580455,0.9214797,0.99,0.972459,0.8053088,0.7917436,0.93722177"
