type,key,value
latent_values,values,"0.99,0.99,0.99,0.99,0.99,0.99,0.99,0.99,0.99,0.99,0.99,0.99,0.99,0.99,0.99,0.99,0.99,0.99,0.99,0.99,0.99,0.99,0.99,0.99,0.99,0.99,0.99,0.99,0.99,0.99,0.99,0.99,0.99,0.99,0.99,0.99,0.99,0.99,0.99,0.99,0.99,0.99,0.99,0.99,0.99,0.99,0.99,0.99,0.99,0.99,0.99,0.99,0.99,0.99,0.9650211,0.99,0.99,0.99,0.9767627,0.99,0.98776114,0.9837838,0.9861014,0.96223515,0.9539459,0.96293944,0.97481984,0.987304,0.987881,0.9789749,0.95499307,0.9705324,0.9448928,0.9828097,0.977142,0.9552158,0.99,0.9860565,0.9243263,0.92774427,0.9349173,0.95831096,0.9862023,0.9550018,0.987806,0.97740304,0.9798223,0.8991037,0.9722592,0.9858484,0.98598963,0.99,0.9862665,0.99,0.9849237,0.9118489,0.9851321,0.9670712,0.97233397,0.97492594,0.9788457,0.90858114,0.86844164,0.9188738,0.99,0.9137635,0.9841331,0.98620945,0.959093,0.99,0.97185487,0.9766769,0.9771696,0.8984758,0.94299513,0.9857582,0.9618023,0.961989,0.99,0.99,0.99,0.9330654,0.91713774,0.8932079,0.8486613,0.96513414,0.8521865,0.92071354"
