type,key,value
latent_values,values,"0.99,0.99,0.99,0.99,0.99,0.99,0.99,0.99,0.99,0.99,0.99,0.99,0.99,0.99,0.99,0.99,0.99,0.99,0.99,0.99,0.99,0.99,0.99,0.99,0.99,0.99,0.99,0.99,0.99,0.99,0.99,0.99,0.99,0.99,0.99,0.99,0.99,0.99,0.99,0.99,0.99,0.99,0.99,0.99,0.99,0.99,0.99,0.99,0.9888216,0.99,0.99,0.9814701,0.9895186,0.99,0.99,0.99,0.9851679,0.9846699,0.98455864,0.99,0.9661352,0.99,0.9837076,0.99,0.9550063,0.99,0.96530735,0.9868877,0.9572473,0.9648846,0.9318849,0.97492766,0.97478426,0.9683978,0.99,0.96485084,0.98246604,0.9835185,0.9239457,0.9846276,0.9798343,0.95487887,0.98840183,0.99,0.93211144,0.9592461,0.9041224,0.99,0.9386075,0.9684617,0.9605534,0.92735356,0.91867715,0.99,0.91458267,0.9853934,0.9625801,0.9259077,0.95522815,0.99,0.96460325,0.8816454,0.9823137,0.9438453,0.9167768,0.89594316,0.9879999,0.99,0.98933345,0.8274115,0.8313748,0.99,0.9690029,0.9163374,0.8976149,0.9688095,0.97740406,0.8549738,0.8104503,0.94274426,0.9332717,0.86050177,0.9735939,0.9868253,0.8873807,0.7898247,0.7875336,0.8876827"
