type,key,value
latent_values,values,"0.99,0.99,0.99,0.99,0.99,0.99,0.99,0.99,0.99,0.99,0.99,0.99,0.99,0.99,0.99,0.99,0.99,0.99,0.99,0.99,0.99,0.99,0.99,0.99,0.99,0.99,0.99,0.99,0.99,0.99,0.99,0.99,0.99,0.99,0.99,0.99,0.99,0.99,0.99,0.99,0.99,0.99,0.99,0.99,0.99,0.99,0.99,0.99,0.99,0.99,0.98150706,0.99,0.98889416,0.99,0.98600715,0.99,0.98568726,0.99,0.99,0.99,0.9824661,0.99,0.99,0.9732947,0.99,0.98604125,0.99,0.99,0.9735576,0.9674832,0.98661757,0.96403664,0.9797025,0.9604649,0.98565805,0.9708092,0.9664991,0.9627895,0.99,0.9861628,0.99,0.9284905,0.9845497,0.98878366,0.98963916,0.91304165,0.9720437,0.9817964,0.99,0.9245899,0.9513586,0.90092397,0.99,0.9892521,0.8775088,0.91106266,0.8998446,0.98353636,0.99,0.9735482,0.9370437,0.905062,0.84278005,0.9884417,0.9203532,0.88672847,0.95050895,0.9312891,0.9544343,0.92608815,0.99,0.9321049,0.9700698,0.9504289,0.9375111,0.99,0.99,0.9412517,0.98654985,0.8238425,0.97999007,0.897925,0.9836602,0.9589945,0.9160367,0.9604079,0.8692884,0.962656"
