type,key,value
latent_values,values,"0.99,0.99,0.99,0.99,0.99,0.99,0.99,0.99,0.99,0.99,0.99,0.99,0.99,0.99,0.99,0.99,0.99,0.99,0.99,0.99,0.99,0.99,0.99,0.99,0.99,0.99,0.99,0.99,0.99,0.99,0.99,0.99,0.99,0.99,0.99,0.99,0.99,0.99,0.99,0.99,0.99,0.99,0.99,0.99,0.99,0.99,0.99,0.99,0.99,0.98494583,0.98034334,0.97561187,0.973386,0.99,0.9733223,0.99,0.9865848,0.9828018,0.99,0.98609686,0.9642308,0.98271525,0.98928833,0.9866097,0.9534792,0.99,0.96678585,0.98446405,0.9447484,0.96759367,0.9863407,0.9427409,0.97646815,0.95014054,0.9744262,0.9713385,0.9723643,0.9428916,0.99,0.99,0.98045725,0.98134613,0.98460555,0.9512117,0.9060751,0.90324205,0.9685326,0.9816533,0.95236814,0.9768417,0.9874459,0.94563425,0.99,0.87599593,0.9054471,0.96016103,0.8932069,0.99,0.9790553,0.97016823,0.980428,0.88548356,0.9541044,0.99,0.9777997,0.92858994,0.99,0.96226114,0.98681074,0.93546134,0.80715066,0.97410953,0.8810513,0.8861548,0.99,0.9398951,0.9615752,0.9743246,0.95587987,0.9542542,0.96416384,0.9463702,0.97074056,0.91936094,0.99,0.8572348,0.99,0.9613888"
