type,key,value
latent_values,values,"0.99,0.99,0.99,0.99,0.99,0.99,0.99,0.99,0.99,0.99,0.99,0.99,0.99,0.99,0.99,0.99,0.99,0.99,0.99,0.99,0.99,0.99,0.99,0.99,0.99,0.99,0.99,0.99,0.99,0.99,0.99,0.99,0.99,0.99,0.99,0.99,0.99,0.99,0.99,0.99,0.99,0.99,0.99,0.99,0.99,0.99,0.99,0.99,0.99,0.9878314,0.9855651,0.99,0.9744696,0.99,0.9894267,0.99,0.99,0.99,0.99,0.97561437,0.9722538,0.99,0.98537546,0.9794637,0.9789825,0.99,0.97539824,0.99,0.95863205,0.96921754,0.9780151,0.95695484,0.9793273,0.97291356,0.9869075,0.9839097,0.9514351,0.98835766,0.99,0.9809403,0.9838821,0.99,0.99,0.9543416,0.99,0.93526274,0.97489226,0.9545416,0.99,0.99,0.9363329,0.91034806,0.99,0.9332267,0.8924766,0.9153671,0.92301106,0.9809986,0.9721379,0.95846736,0.98083365,0.9277156,0.8714514,0.9757119,0.9722114,0.99,0.9703363,0.95960766,0.9011376,0.98304534,0.9590409,0.9885188,0.8764856,0.94714224,0.94691104,0.99,0.99,0.9825165,0.99,0.85228187,0.97675633,0.94458556,0.98512733,0.9632831,0.9627027,0.9308715,0.9858211,0.99"
