type,key,value
latent_values,values,"0.99,0.99,0.99,0.99,0.99,0.99,0.99,0.99,0.99,0.99,0.99,0.99,0.99,0.99,0.99,0.99,0.99,0.99,0.99,0.99,0.99,0.99,0.99,0.99,0.99,0.99,0.99,0.99,0.99,0.99,0.99,0.99,0.99,0.99,0.99,0.99,0.99,0.99,0.99,0.99,0.99,0.99,0.99,0.99,0.99,0.99,0.99,0.99,0.99,0.99,0.9746939,0.99,0.98948723,0.9802994,0.9749347,0.99,0.99,0.99,0.9778659,0.97218543,0.97823364,0.99,0.99,0.98306644,0.97853696,0.96816885,0.9810328,0.99,0.9867413,0.980869,0.9731345,0.95478123,0.99,0.9787182,0.99,0.9844201,0.98840404,0.9678617,0.99,0.99,0.99,0.99,0.97402304,0.9625289,0.98623633,0.967349,0.9751534,0.97740334,0.9673148,0.9480375,0.99,0.8752989,0.9326983,0.9445874,0.9795834,0.9710791,0.9342235,0.9786775,0.9781676,0.99,0.9862906,0.9840783,0.9541349,0.982374,0.95803505,0.9811776,0.9462599,0.99,0.9614767,0.9420382,0.9648968,0.9367182,0.9872977,0.9818301,0.8925437,0.8867076,0.8481656,0.8464053,0.89620286,0.93521655,0.9771374,0.8088866,0.96187776,0.94978225,0.80740327,0.98283017,0.9646653,0.96117574"
