type,key,value
latent_values,values,"0.99,0.99,0.99,0.99,0.99,0.99,0.99,0.99,0.99,0.99,0.99,0.99,0.99,0.99,0.99,0.99,0.99,0.99,0.99,0.99,0.99,0.99,0.99,0.99,0.99,0.99,0.99,0.99,0.99,0.99,0.99,0.99,0.99,0.99,0.99,0.99,0.99,0.99,0.99,0.99,0.99,0.99,0.99,0.99,0.99,0.99,0.99,0.99,0.99,0.99,0.99,0.9896072,0.9856601,0.99,0.9793939,0.99,0.99,0.9809496,0.9787389,0.97031057,0.98157763,0.9844654,0.99,0.9705643,0.97177935,0.98067915,0.9790053,0.99,0.9470056,0.9720085,0.99,0.95561147,0.97434837,0.96271926,0.9559436,0.98990446,0.99,0.93409914,0.99,0.98112947,0.98249,0.98627174,0.98547167,0.9779068,0.98715097,0.99,0.99,0.98364913,0.96665627,0.99,0.94425243,0.9406148,0.9768077,0.8994308,0.944311,0.98737335,0.9806251,0.937187,0.9562737,0.9480964,0.97481537,0.9240392,0.9206918,0.99,0.99,0.87480366,0.89568895,0.84832275,0.88880515,0.869512,0.84280986,0.9685199,0.96931976,0.87996924,0.9740623,0.99,0.931937,0.98465914,0.966785,0.93873817,0.93277574,0.88753015,0.98127216,0.9631421,0.80534613,0.98411167,0.8830243,0.99"
