type,key,value
latent_values,values,"0.99,0.99,0.99,0.99,0.99,0.99,0.99,0.99,0.99,0.99,0.99,0.99,0.99,0.99,0.99,0.99,0.99,0.99,0.99,0.99,0.99,0.99,0.99,0.99,0.99,0.99,0.99,0.99,0.99,0.99,0.99,0.99,0.99,0.99,0.99,0.99,0.99,0.99,0.99,0.99,0.99,0.99,0.99,0.99,0.99,0.99,0.99,0.99,0.99,0.99,0.98958665,0.97944385,0.98776805,0.9879443,0.96672875,0.9858504,0.99,0.989854,0.97692055,0.97366196,0.99,0.9854923,0.9782121,0.9699481,0.9746859,0.97499484,0.99,0.99,0.97525835,0.96814257,0.93118614,0.98778725,0.99,0.99,0.97271323,0.9559522,0.99,0.92430395,0.95350903,0.9353901,0.9762874,0.98283195,0.98467344,0.99,0.99,0.979225,0.95454246,0.98505884,0.92968065,0.92984414,0.99,0.99,0.94000405,0.8823447,0.9822188,0.94983584,0.9701637,0.908749,0.97226363,0.99,0.99,0.9684686,0.9394241,0.9750503,0.9591557,0.876585,0.95128334,0.9141463,0.9610656,0.96288913,0.8977223,0.93198335,0.9732668,0.90900874,0.99,0.95898414,0.8039151,0.99,0.85376817,0.99,0.9634459,0.8189723,0.9064421,0.91705066,0.8033445,0.9733382,0.9329071,0.96870595"
