type,key,value
latent_values,values,"0.99,0.99,0.99,0.99,0.99,0.99,0.99,0.99,0.99,0.99,0.99,0.99,0.99,0.99,0.99,0.99,0.99,0.99,0.99,0.99,0.99,0.99,0.99,0.99,0.99,0.99,0.99,0.99,0.99,0.99,0.99,0.99,0.99,0.99,0.99,0.99,0.99,0.99,0.99,0.99,0.99,0.99,0.99,0.99,0.99,0.99,0.99,0.99,0.99,0.98938465,0.99,0.99,0.99,0.99,0.9889278,0.99,0.99,0.9841395,0.99,0.98668045,0.97251225,0.99,0.98555577,0.9822275,0.9640677,0.9777927,0.96785116,0.9430692,0.9513007,0.98388535,0.9340378,0.9494844,0.9798603,0.94883883,0.99,0.99,0.98174375,0.96833384,0.97780555,0.986532,0.99,0.91708565,0.9866285,0.9722207,0.99,0.89965326,0.9601097,0.92831016,0.9469149,0.92327565,0.9792556,0.89210325,0.90106875,0.97501963,0.9344796,0.9870886,0.8840006,0.99,0.99,0.93947595,0.94844955,0.88039124,0.92136586,0.9211732,0.99,0.99,0.9658192,0.99,0.85213625,0.96057814,0.8193572,0.9022387,0.96711713,0.9781205,0.9161045,0.99,0.94357795,0.9823475,0.99,0.935639,0.82252485,0.9705674,0.9866444,0.9214994,0.7656677,0.8444623,0.9578194,0.9567557"
