type,key,value
latent_values,values,"0.99,0.99,0.99,0.99,0.99,0.99,0.99,0.99,0.99,0.99,0.99,0.99,0.99,0.99,0.99,0.99,0.99,0.99,0.99,0.99,0.99,0.99,0.99,0.99,0.99,0.99,0.99,0.99,0.99,0.99,0.99,0.99,0.99,0.99,0.99,0.99,0.99,0.99,0.99,0.99,0.99,0.99,0.99,0.99,0.99,0.99,0.99,0.99,0.99,0.99,0.9831986,0.98971796,0.9890733,0.99,0.98288256,0.99,0.99,0.98351717,0.9879639,0.96601987,0.97036403,0.9634234,0.99,0.97030884,0.9540705,0.9772567,0.9720723,0.93013203,0.936214,0.96610713,0.9384433,0.9663003,0.9814369,0.9522771,0.99,0.9686042,0.9711754,0.9581376,0.9897268,0.95604074,0.9848207,0.91037285,0.9841638,0.9616065,0.99,0.87765807,0.98049814,0.9737859,0.88547534,0.93704206,0.977173,0.9182318,0.8685012,0.9514481,0.92456293,0.862101,0.8792498,0.96701777,0.98166883,0.9568556,0.92324007,0.89085764,0.85580873,0.99,0.94926786,0.99,0.9812308,0.99,0.86352897,0.966216,0.8023531,0.9027574,0.9647965,0.9239346,0.99,0.99,0.971217,0.99,0.99,0.90473074,0.78471786,0.89816344,0.97336996,0.91015273,0.7697258,0.91090727,0.9559799,0.9036666"
