type,key,value
latent_values,values,"0.99,0.99,0.99,0.99,0.99,0.99,0.99,0.99,0.99,0.99,0.99,0.99,0.99,0.99,0.99,0.99,0.99,0.99,0.99,0.99,0.99,0.99,0.99,0.99,0.99,0.99,0.99,0.99,0.99,0.99,0.99,0.99,0.99,0.99,0.99,0.99,0.99,0.99,0.99,0.99,0.99,0.99,0.99,0.99,0.99,0.99,0.99,0.99,0.99,0.98989654,0.98085904,0.99,0.99,0.9847878,0.98114854,0.99,0.99,0.982401,0.99,0.9679619,0.97494096,0.98562884,0.97410023,0.97833395,0.98383754,0.99,0.97498846,0.98082983,0.94234335,0.9887881,0.9835471,0.9539611,0.9812203,0.99,0.99,0.98545694,0.94941515,0.99,0.9890919,0.9809173,0.98053503,0.99,0.99,0.9492455,0.9888629,0.97398907,0.9891635,0.9772467,0.9640616,0.9497678,0.9848327,0.8916795,0.93374944,0.91126543,0.9169201,0.9742287,0.98158014,0.9685657,0.9771642,0.9774825,0.9751044,0.9748492,0.863518,0.9599457,0.98283774,0.99,0.9820499,0.99,0.953133,0.9436863,0.8862213,0.977947,0.9884963,0.8874165,0.99,0.99,0.86334795,0.97366846,0.97189945,0.872092,0.95147353,0.8912701,0.96271634,0.976658,0.8736467,0.9524218,0.9806831,0.9758816"
