type,key,value
latent_values,values,"0.99,0.99,0.99,0.99,0.99,0.99,0.99,0.99,0.99,0.99,0.99,0.99,0.99,0.99,0.99,0.99,0.99,0.99,0.99,0.99,0.99,0.99,0.99,0.99,0.99,0.99,0.99,0.99,0.99,0.99,0.99,0.99,0.99,0.99,0.99,0.99,0.99,0.99,0.99,0.99,0.99,0.99,0.99,0.99,0.99,0.99,0.99,0.99,0.99,0.99,0.99,0.98586005,0.99,0.99,0.99,0.99,0.98391837,0.99,0.99,0.99,0.99,0.97106004,0.97856975,0.9663692,0.99,0.9714006,0.98643965,0.95315725,0.93590087,0.99,0.9851949,0.9640685,0.97731966,0.95162183,0.9896278,0.98044246,0.9685558,0.99,0.9875348,0.99,0.95327175,0.99,0.9872843,0.956001,0.99,0.9160811,0.9862006,0.91512036,0.9850289,0.98380244,0.9232312,0.93828964,0.9721392,0.98507804,0.8929243,0.96458477,0.958748,0.99,0.9691389,0.95195335,0.97886056,0.9224188,0.8662084,0.90042776,0.9688632,0.94856167,0.96197736,0.9490251,0.9750452,0.99,0.83495176,0.9781402,0.96315783,0.8945154,0.99,0.99,0.99,0.9722369,0.99,0.90676814,0.91320163,0.92567426,0.893917,0.94649976,0.97003335,0.96664304,0.9746708,0.99"
