type,key,value
latent_values,values,"0.99,0.99,0.99,0.99,0.99,0.99,0.99,0.99,0.99,0.99,0.99,0.99,0.99,0.99,0.99,0.99,0.99,0.99,0.99,0.99,0.99,0.99,0.99,0.99,0.99,0.99,0.99,0.99,0.99,0.99,0.99,0.99,0.99,0.99,0.99,0.99,0.99,0.99,0.99,0.99,0.99,0.99,0.99,0.99,0.99,0.99,0.99,0.99,0.9805467,0.9762748,0.9735994,0.99,0.99,0.99,0.97090507,0.98991495,0.98338455,0.99,0.99,0.99,0.99,0.9742157,0.99,0.964993,0.99,0.99,0.98228526,0.9474899,0.9278226,0.9797618,0.9436067,0.99,0.99,0.95647013,0.98361474,0.9749141,0.931932,0.9739971,0.9755439,0.97726643,0.99,0.9586274,0.9735386,0.97051585,0.983915,0.9439249,0.9233689,0.9752345,0.98044086,0.99,0.97850996,0.9483532,0.99,0.93551654,0.90821624,0.9043898,0.8944011,0.99,0.9549229,0.99,0.98239064,0.9827761,0.8777286,0.95102894,0.9571957,0.99,0.9685664,0.9467033,0.8751391,0.99,0.782337,0.91338366,0.83053285,0.94083136,0.95905316,0.9844402,0.98530734,0.99,0.99,0.9891089,0.87717694,0.91660213,0.9045058,0.9448029,0.9594057,0.99,0.96348333,0.90453374"
