type,key,value
latent_values,values,"0.99,0.99,0.99,0.99,0.99,0.99,0.99,0.99,0.99,0.99,0.99,0.99,0.99,0.99,0.99,0.99,0.99,0.99,0.99,0.99,0.99,0.99,0.99,0.99,0.99,0.99,0.99,0.99,0.99,0.99,0.99,0.99,0.99,0.99,0.99,0.99,0.99,0.99,0.99,0.99,0.99,0.99,0.99,0.99,0.99,0.99,0.99,0.99,0.98859614,0.9895024,0.9883124,0.99,0.99,0.99,0.9804599,0.99,0.99,0.99,0.99,0.983905,0.9848655,0.9778357,0.99,0.9692902,0.97916365,0.99,0.9872085,0.93113285,0.94629747,0.9855908,0.9353724,0.9654681,0.97996557,0.9680851,0.99,0.9686215,0.97376794,0.94402254,0.98735094,0.9377474,0.99,0.922657,0.9882413,0.9235226,0.99,0.8955682,0.9886264,0.99,0.8950484,0.93532556,0.99,0.91186106,0.8916627,0.9285833,0.91803354,0.86167467,0.9219932,0.97760093,0.9540669,0.99,0.9071221,0.9296385,0.8710105,0.99,0.9657709,0.98034525,0.964568,0.944247,0.8618125,0.9282637,0.82284087,0.92864037,0.9724561,0.98272246,0.9158216,0.98937505,0.962589,0.99,0.99,0.95302546,0.7759319,0.9649756,0.9833732,0.90140736,0.7789755,0.9693459,0.94166577,0.94376993"
