type,key,value
latent_values,values,"0.99,0.99,0.99,0.99,0.99,0.99,0.99,0.99,0.99,0.99,0.99,0.99,0.99,0.99,0.99,0.99,0.99,0.99,0.99,0.99,0.99,0.99,0.99,0.99,0.99,0.99,0.99,0.99,0.99,0.99,0.99,0.99,0.99,0.99,0.99,0.99,0.99,0.99,0.99,0.99,0.99,0.99,0.99,0.99,0.99,0.99,0.99,0.99,0.99,0.99,0.99,0.9654011,0.98414016,0.99,0.98884076,0.99,0.99,0.9775997,0.99,0.97969675,0.9795392,0.99,0.9640814,0.9671386,0.9540685,0.9810786,0.9585047,0.99,0.9551075,0.9454112,0.94879025,0.9672737,0.9819538,0.99,0.9576359,0.9873204,0.9698726,0.91617334,0.96986204,0.9690803,0.9536559,0.9875469,0.9657777,0.98717225,0.99,0.9548892,0.92034894,0.98672026,0.961901,0.9793271,0.95582163,0.9769169,0.96804786,0.92724776,0.9753418,0.98169476,0.9688503,0.8996679,0.96762294,0.9152833,0.98081636,0.9285501,0.9561258,0.97557133,0.98014873,0.8436576,0.98091155,0.8435557,0.99,0.96118474,0.81892943,0.90113574,0.9799076,0.88811743,0.99,0.99,0.97041774,0.99,0.95595574,0.97973984,0.9691021,0.895205,0.99,0.9722894,0.9074841,0.97307956,0.99,0.9653673"
