type,key,value
latent_values,values,"0.99,0.99,0.99,0.99,0.99,0.99,0.99,0.99,0.99,0.99,0.99,0.99,0.99,0.99,0.99,0.99,0.99,0.99,0.99,0.99,0.99,0.99,0.99,0.99,0.99,0.99,0.99,0.99,0.99,0.99,0.99,0.99,0.99,0.99,0.99,0.99,0.99,0.99,0.99,0.99,0.99,0.99,0.99,0.99,0.99,0.99,0.99,0.99,0.98101217,0.98075116,0.98056686,0.99,0.99,0.99,0.97919273,0.98346287,0.99,0.99,0.99,0.99,0.99,0.97878003,0.9818148,0.97720796,0.99,0.96091574,0.9745983,0.92576486,0.9308231,0.99,0.9613444,0.99,0.9775418,0.98162866,0.97556263,0.9860285,0.950854,0.99,0.99,0.93755907,0.9865462,0.9215704,0.96108913,0.9515411,0.99,0.96412426,0.99,0.954935,0.9639747,0.97434574,0.9620888,0.9367376,0.9877437,0.9853978,0.90652347,0.98918283,0.96055037,0.9821684,0.9828781,0.99,0.9861138,0.99,0.8548242,0.8763293,0.9751287,0.99,0.97030336,0.9374573,0.8331664,0.9388682,0.83238983,0.89205694,0.94703275,0.90252316,0.94099325,0.99,0.988991,0.99,0.97514945,0.9435841,0.8159861,0.9714318,0.9629594,0.8715877,0.8710899,0.959028,0.98151946,0.958036"
