type,key,value
latent_values,values,"0.99,0.99,0.99,0.99,0.99,0.99,0.99,0.99,0.99,0.99,0.99,0.99,0.99,0.99,0.99,0.99,0.99,0.99,0.99,0.99,0.99,0.99,0.99,0.99,0.99,0.99,0.99,0.99,0.99,0.99,0.99,0.99,0.99,0.99,0.99,0.99,0.99,0.99,0.99,0.99,0.99,0.99,0.99,0.99,0.99,0.99,0.99,0.99,0.97997504,0.9861359,0.9828432,0.98661757,0.98251086,0.99,0.97346604,0.99,0.99,0.99,0.99,0.99,0.9753337,0.97040427,0.9806905,0.96625155,0.9857473,0.99,0.97716814,0.9451394,0.94587827,0.98571527,0.95364016,0.9742874,0.9883914,0.99,0.99,0.9657294,0.9370974,0.99,0.99,0.9828481,0.98327017,0.9433522,0.9794739,0.9682577,0.98678017,0.9682712,0.9828087,0.98251516,0.9687681,0.99,0.96703243,0.91621524,0.98510617,0.9634084,0.91403735,0.85764074,0.8964166,0.9704553,0.94411176,0.9767234,0.99,0.99,0.87142694,0.94322425,0.9523121,0.99,0.97295934,0.9780354,0.837756,0.9761044,0.89738894,0.9813635,0.9573358,0.8997188,0.99,0.9128877,0.99,0.92992157,0.9552846,0.960362,0.81191754,0.9128999,0.95653826,0.9803706,0.8400714,0.9641613,0.9787057,0.9845197"
