type,key,value
latent_values,values,"0.99,0.99,0.99,0.99,0.99,0.99,0.99,0.99,0.99,0.99,0.99,0.99,0.99,0.99,0.99,0.99,0.99,0.99,0.99,0.99,0.99,0.99,0.99,0.99,0.99,0.99,0.99,0.99,0.99,0.99,0.99,0.99,0.99,0.99,0.99,0.99,0.99,0.99,0.99,0.99,0.99,0.99,0.99,0.99,0.99,0.99,0.99,0.99,0.98860145,0.99,0.98864174,0.99,0.99,0.99,0.98443985,0.99,0.99,0.99,0.99,0.99,0.9634596,0.9690106,0.98857224,0.9649424,0.9619224,0.9574547,0.9578111,0.9255299,0.966432,0.987794,0.9834869,0.9763233,0.96599793,0.9772709,0.99,0.9870703,0.9847027,0.9824187,0.99,0.957648,0.98407775,0.912307,0.98237115,0.97776705,0.99,0.939004,0.99,0.9493123,0.94837046,0.9481182,0.9749504,0.91735154,0.95238435,0.99,0.90905327,0.86495143,0.940072,0.9529144,0.9741786,0.9579894,0.95901173,0.93620485,0.87365127,0.9157309,0.9887631,0.99,0.9809704,0.98576254,0.86277354,0.89370733,0.9275296,0.96689487,0.96581775,0.83632374,0.99,0.9040249,0.97787523,0.8203027,0.9780408,0.9535759,0.79714864,0.99,0.99,0.8460203,0.8252879,0.98765934,0.9748484,0.9722469"
