type,key,value
latent_values,values,"0.99,0.99,0.99,0.99,0.99,0.99,0.99,0.99,0.99,0.99,0.99,0.99,0.99,0.99,0.99,0.99,0.99,0.99,0.99,0.99,0.99,0.99,0.99,0.99,0.99,0.99,0.99,0.99,0.99,0.99,0.99,0.99,0.99,0.99,0.99,0.99,0.99,0.99,0.99,0.99,0.99,0.99,0.99,0.99,0.99,0.99,0.99,0.99,0.9842857,0.9832842,0.9880173,0.99,0.9836005,0.99,0.99,0.99,0.9886406,0.99,0.99,0.99,0.97326994,0.9788421,0.9785396,0.9725284,0.95999783,0.99,0.97193193,0.93023705,0.9379467,0.98162574,0.9583136,0.9583998,0.9886464,0.986341,0.99,0.9771775,0.9428832,0.97207326,0.99,0.98139626,0.98023146,0.9645662,0.96247977,0.92269117,0.97350454,0.96543145,0.97639906,0.9571213,0.96112984,0.98314065,0.9508259,0.9173925,0.99,0.921404,0.9167603,0.9274392,0.88293946,0.99,0.99,0.99,0.9823098,0.98252875,0.92719525,0.96452403,0.98020476,0.99,0.95672613,0.99,0.8747234,0.9599732,0.83032537,0.9626729,0.89064044,0.9368338,0.99,0.9858964,0.99,0.99,0.99,0.8982973,0.86147094,0.8896015,0.96235,0.9004903,0.97404456,0.792003,0.96161115,0.95081633"
