type,key,value
latent_values,values,"0.99,0.99,0.99,0.99,0.99,0.99,0.99,0.99,0.99,0.99,0.99,0.99,0.99,0.99,0.99,0.99,0.99,0.99,0.99,0.99,0.99,0.99,0.99,0.99,0.99,0.99,0.99,0.99,0.99,0.99,0.99,0.99,0.99,0.99,0.99,0.99,0.99,0.99,0.99,0.99,0.99,0.99,0.99,0.99,0.99,0.99,0.99,0.99,0.9756822,0.98241735,0.9874503,0.98851144,0.9812022,0.99,0.96894264,0.99,0.9895472,0.99,0.99,0.99,0.9709746,0.9642738,0.99,0.96760106,0.97366744,0.99,0.97170883,0.9510058,0.9396194,0.9601638,0.9238574,0.9687658,0.9691381,0.9806335,0.99,0.9644197,0.9796518,0.96135145,0.9629993,0.9775621,0.99,0.89606345,0.9781072,0.97819793,0.99,0.9168115,0.99,0.99,0.89277714,0.98647696,0.97577184,0.9133499,0.9200682,0.94381404,0.90767425,0.9031455,0.8663349,0.99,0.97241694,0.9543816,0.9664062,0.9326701,0.88621235,0.9729552,0.95993006,0.99,0.99,0.95612454,0.85644615,0.96229976,0.875959,0.96101415,0.9856003,0.9255805,0.99,0.99,0.99,0.99,0.98681706,0.9526763,0.7872968,0.89680314,0.9676065,0.97191536,0.8103915,0.9186281,0.99,0.9790866"
