type,key,value
latent_values,values,"0.99,0.99,0.99,0.99,0.99,0.99,0.99,0.99,0.99,0.99,0.99,0.99,0.99,0.99,0.99,0.99,0.99,0.99,0.99,0.99,0.99,0.99,0.99,0.99,0.99,0.99,0.99,0.99,0.99,0.99,0.99,0.99,0.99,0.99,0.99,0.99,0.99,0.99,0.99,0.99,0.99,0.99,0.99,0.99,0.99,0.99,0.99,0.99,0.9877415,0.99,0.99,0.98073053,0.99,0.99,0.99,0.99,0.98580134,0.99,0.99,0.99,0.9632802,0.97277623,0.99,0.9612433,0.95829165,0.98747814,0.96935713,0.96193856,0.9412905,0.9771429,0.9749301,0.9364501,0.9857077,0.9651067,0.9575959,0.97247577,0.95881486,0.94147295,0.99,0.97886664,0.98966783,0.9732705,0.96370286,0.9518657,0.974319,0.93801665,0.9402283,0.98563087,0.9838824,0.9724625,0.97687984,0.8958044,0.99,0.98659194,0.9540905,0.99,0.9071969,0.97621286,0.99,0.99,0.96515965,0.9610204,0.9485815,0.98636085,0.9742241,0.92628175,0.9450126,0.99,0.8957171,0.93090314,0.94229263,0.9314315,0.8837549,0.9124344,0.9747578,0.8244092,0.988947,0.81139636,0.99,0.99,0.8841447,0.968329,0.99,0.9726633,0.96118915,0.859602,0.96648747,0.9328325"
