type,key,value
latent_values,values,"0.99,0.99,0.99,0.99,0.99,0.99,0.99,0.99,0.99,0.99,0.99,0.99,0.99,0.99,0.99,0.99,0.99,0.99,0.99,0.99,0.99,0.99,0.99,0.99,0.99,0.99,0.99,0.99,0.99,0.99,0.99,0.99,0.99,0.99,0.99,0.99,0.99,0.99,0.99,0.99,0.99,0.99,0.99,0.99,0.99,0.99,0.99,0.99,0.99,0.9898119,0.97390425,0.9879554,0.98537755,0.98205215,0.9785588,0.99,0.99,0.9837123,0.99,0.97131324,0.9720673,0.98675525,0.98147714,0.98979694,0.9714166,0.98772156,0.9810476,0.99,0.9468316,0.98339605,0.98216826,0.94531375,0.9882633,0.9663631,0.99,0.98621833,0.962167,0.9660826,0.99,0.99,0.9850994,0.98921126,0.9827656,0.9778548,0.9763498,0.9524325,0.981073,0.98733056,0.97647953,0.9684953,0.9846489,0.9143163,0.96510524,0.86540663,0.9067757,0.97924906,0.92535174,0.9865316,0.97201616,0.98132175,0.9792923,0.8879327,0.9125283,0.99,0.99,0.943622,0.9857899,0.96638286,0.9731561,0.8977407,0.8019491,0.96274227,0.98342013,0.9032457,0.99,0.9794183,0.8484845,0.98148507,0.9733395,0.90310776,0.9703023,0.919844,0.95994455,0.9328755,0.8817186,0.9802521,0.99,0.9770793"
