type,key,value
latent_values,values,"0.99,0.99,0.99,0.99,0.99,0.99,0.99,0.99,0.99,0.99,0.99,0.99,0.99,0.99,0.99,0.99,0.99,0.99,0.99,0.99,0.99,0.99,0.99,0.99,0.99,0.99,0.99,0.99,0.99,0.99,0.99,0.99,0.99,0.99,0.99,0.99,0.99,0.99,0.99,0.99,0.99,0.99,0.99,0.99,0.99,0.99,0.99,0.99,0.99,0.99,0.98905736,0.9851155,0.9886675,0.99,0.9840555,0.99,0.99,0.978004,0.99,0.9811513,0.9711505,0.98672664,0.98452574,0.97763956,0.9755794,0.99,0.9668263,0.9586296,0.93371385,0.97586226,0.98671484,0.941891,0.97577035,0.97408223,0.9527958,0.9833361,0.95505035,0.98634225,0.98527074,0.99,0.99,0.99,0.9842502,0.95005405,0.93894917,0.9625969,0.93206686,0.9841146,0.97605807,0.99,0.94304687,0.92243683,0.98473126,0.97306734,0.91658604,0.99,0.95488226,0.9569895,0.9743166,0.953267,0.9807036,0.99,0.99,0.9789141,0.96113455,0.99,0.98017544,0.9562533,0.936673,0.941492,0.92903125,0.9849256,0.84761983,0.89684385,0.99,0.9843023,0.99,0.91075873,0.97790897,0.98237294,0.9333097,0.93858224,0.9746613,0.9816504,0.97810507,0.91204214,0.9792143,0.97442245"
