type,key,value
latent_values,values,"0.99,0.99,0.99,0.99,0.99,0.99,0.99,0.99,0.99,0.99,0.99,0.99,0.99,0.99,0.99,0.99,0.99,0.99,0.99,0.99,0.99,0.99,0.99,0.99,0.99,0.99,0.99,0.99,0.99,0.99,0.99,0.99,0.99,0.99,0.99,0.99,0.99,0.99,0.99,0.99,0.99,0.99,0.99,0.99,0.99,0.99,0.99,0.99,0.99,0.99,0.97160804,0.99,0.9790939,0.99,0.9860647,0.99,0.99,0.9676679,0.97295976,0.9729246,0.96925545,0.9722089,0.9829139,0.99,0.95864683,0.97687876,0.99,0.9579467,0.9353033,0.99,0.99,0.9418938,0.97318065,0.93898314,0.96478075,0.9712169,0.9843701,0.96033233,0.9879476,0.98050594,0.98451716,0.99,0.9785046,0.99,0.95262057,0.99,0.99,0.98405474,0.9847797,0.99,0.98523843,0.9329871,0.99,0.8982242,0.91010123,0.9266727,0.8762954,0.98789656,0.97771,0.9650338,0.97905284,0.85509247,0.89659476,0.99,0.97847366,0.87883985,0.9569174,0.8963843,0.8804908,0.83415675,0.8457514,0.9844841,0.96915716,0.85154617,0.99,0.99,0.8692781,0.9466017,0.9181927,0.90932465,0.905465,0.95873904,0.97347325,0.88908595,0.8265124,0.99,0.83782446,0.9861492"
