type,key,value
latent_values,values,"0.99,0.99,0.99,0.99,0.99,0.99,0.99,0.99,0.99,0.99,0.99,0.99,0.99,0.99,0.99,0.99,0.99,0.99,0.99,0.99,0.99,0.99,0.99,0.99,0.99,0.99,0.99,0.99,0.99,0.99,0.99,0.99,0.99,0.99,0.99,0.99,0.99,0.99,0.99,0.99,0.99,0.99,0.99,0.99,0.99,0.99,0.99,0.99,0.99,0.9881247,0.9786913,0.98607206,0.96625483,0.9768116,0.980328,0.99,0.99,0.9803389,0.98149437,0.97724265,0.97470015,0.9830918,0.9861825,0.99,0.9633993,0.98800325,0.9852332,0.99,0.9458263,0.9696081,0.9825872,0.9497689,0.99,0.9436286,0.9790337,0.9883194,0.97691476,0.95012075,0.9894724,0.99,0.98536164,0.99,0.98473364,0.9804545,0.9778337,0.9832387,0.9809912,0.9789983,0.9742769,0.99,0.9321619,0.91870904,0.97204554,0.8625529,0.90201813,0.9635919,0.8916115,0.99,0.9729457,0.95961016,0.99,0.8720646,0.90900695,0.99,0.98578984,0.908797,0.9849178,0.95845693,0.98420817,0.946161,0.81023175,0.98034596,0.99,0.91822517,0.99,0.97747946,0.83586544,0.99,0.8871667,0.884601,0.969715,0.9011587,0.94568354,0.93927574,0.8315946,0.9012037,0.9817268,0.99"
