type,key,value
latent_values,values,"0.99,0.99,0.99,0.99,0.99,0.99,0.99,0.99,0.99,0.99,0.99,0.99,0.99,0.99,0.99,0.99,0.99,0.99,0.99,0.99,0.99,0.99,0.99,0.99,0.99,0.99,0.99,0.99,0.99,0.99,0.99,0.99,0.99,0.99,0.99,0.99,0.99,0.99,0.99,0.99,0.99,0.99,0.99,0.99,0.99,0.99,0.99,0.99,0.99,0.99,0.97829,0.99,0.98914975,0.9894037,0.97573775,0.99,0.99,0.9871145,0.98476905,0.9713735,0.97021693,0.9848163,0.9678519,0.98928463,0.98790115,0.98172086,0.9699899,0.99,0.97222036,0.99,0.9851206,0.9643947,0.9851939,0.99,0.99,0.9756909,0.95859176,0.99,0.99,0.99,0.96871954,0.98940384,0.99,0.986912,0.99,0.99,0.99,0.976887,0.9626644,0.9525639,0.99,0.8903662,0.96756786,0.96323496,0.9257056,0.96503925,0.98737943,0.9602035,0.97635007,0.9871966,0.95176184,0.89040923,0.8583957,0.94038296,0.9697757,0.99,0.9691016,0.97927475,0.91558176,0.9584736,0.9582177,0.9637278,0.9760961,0.9029852,0.99,0.9839519,0.86658764,0.94603914,0.95258737,0.90807384,0.92708147,0.7765163,0.97085124,0.9575148,0.8302984,0.95537776,0.94348395,0.92373496"
