type,key,value
latent_values,values,"0.99,0.99,0.99,0.99,0.99,0.99,0.99,0.99,0.99,0.99,0.99,0.99,0.99,0.99,0.99,0.99,0.99,0.99,0.99,0.99,0.99,0.99,0.99,0.99,0.99,0.99,0.99,0.99,0.99,0.99,0.99,0.99,0.99,0.99,0.99,0.99,0.99,0.99,0.99,0.99,0.99,0.99,0.99,0.99,0.99,0.99,0.99,0.99,0.99,0.9889043,0.9751313,0.986833,0.98813295,0.9853178,0.99,0.99,0.99,0.98454505,0.99,0.9747389,0.96573997,0.97858936,0.962164,0.99,0.95433897,0.9823359,0.99,0.9665794,0.9395586,0.9862359,0.9814295,0.939008,0.9896919,0.95915055,0.99,0.98238015,0.95609087,0.9636277,0.99,0.9816066,0.9836999,0.99,0.97590315,0.9874074,0.95976704,0.9505259,0.9774858,0.9834618,0.9742836,0.9673892,0.98741186,0.91582495,0.96859825,0.87235117,0.9029566,0.9327924,0.89746916,0.99,0.9803884,0.97476697,0.98567504,0.8740744,0.89717835,0.99,0.9862864,0.925682,0.98899496,0.99,0.97257775,0.90042,0.8202624,0.9687554,0.99,0.87366563,0.99,0.9404724,0.8965049,0.94191563,0.99,0.87731194,0.9751171,0.95437926,0.9652416,0.9222985,0.89460325,0.98924106,0.99,0.9772254"
