type,key,value
latent_values,values,"0.99,0.99,0.99,0.99,0.99,0.99,0.99,0.99,0.99,0.99,0.99,0.99,0.99,0.99,0.99,0.99,0.99,0.99,0.99,0.99,0.99,0.99,0.99,0.99,0.99,0.99,0.99,0.99,0.99,0.99,0.99,0.99,0.99,0.99,0.99,0.99,0.99,0.99,0.99,0.99,0.99,0.99,0.99,0.99,0.99,0.99,0.99,0.99,0.99,0.99,0.97923213,0.99,0.99,0.99,0.98923737,0.99,0.99,0.97998434,0.9833309,0.9722557,0.96737725,0.9772376,0.9723119,0.99,0.99,0.99,0.9638646,0.99,0.94934845,0.99,0.99,0.963749,0.95476353,0.95831954,0.99,0.9313112,0.9373659,0.99,0.98944664,0.99,0.9767699,0.99,0.9800989,0.9886834,0.98663056,0.96908784,0.9785846,0.9776355,0.9808154,0.9884642,0.99,0.9109606,0.9874207,0.9779681,0.94706434,0.99,0.96507627,0.9472052,0.99,0.99,0.8999597,0.87457263,0.92838746,0.9871035,0.928954,0.99,0.8555508,0.99,0.8506076,0.98419416,0.9527727,0.95620483,0.92332894,0.92257553,0.99,0.9619148,0.9641529,0.8912457,0.9138867,0.91501653,0.8800829,0.8721024,0.9789369,0.9791626,0.824138,0.95704,0.82260716,0.8086388"
