type,key,value
latent_values,values,"0.99,0.99,0.99,0.99,0.99,0.99,0.99,0.99,0.99,0.99,0.99,0.99,0.99,0.99,0.99,0.99,0.99,0.99,0.99,0.99,0.99,0.99,0.99,0.99,0.99,0.99,0.99,0.99,0.99,0.99,0.99,0.99,0.99,0.99,0.99,0.99,0.99,0.99,0.99,0.99,0.99,0.99,0.99,0.99,0.99,0.99,0.99,0.99,0.99,0.99,0.9867276,0.97037864,0.98703295,0.98426044,0.98131067,0.99,0.99,0.9791701,0.98741245,0.9768101,0.97692496,0.9848784,0.9726622,0.96802175,0.9513314,0.978702,0.96476287,0.99,0.9536917,0.9581526,0.966447,0.9596981,0.99,0.9734784,0.9701145,0.9841651,0.98926824,0.9265029,0.987404,0.9723889,0.9710115,0.9890346,0.9741842,0.98350453,0.99,0.97934127,0.9692994,0.9894182,0.95784014,0.99,0.9785626,0.9720797,0.9588928,0.9008821,0.9553228,0.98546505,0.97221875,0.92453974,0.9465945,0.96283245,0.99,0.96075296,0.91590816,0.99,0.9864098,0.86844647,0.9319163,0.87934554,0.9833302,0.92023885,0.8070551,0.9143225,0.9848638,0.8824242,0.99,0.94873416,0.8702829,0.9716397,0.91399616,0.9614094,0.97424644,0.82296675,0.98430943,0.9579458,0.84694827,0.9843073,0.99,0.9651071"
