type,key,value
latent_values,values,"0.99,0.99,0.99,0.99,0.99,0.99,0.99,0.99,0.99,0.99,0.99,0.99,0.99,0.99,0.99,0.99,0.99,0.99,0.99,0.99,0.99,0.99,0.99,0.99,0.99,0.99,0.99,0.99,0.99,0.99,0.99,0.99,0.99,0.99,0.99,0.99,0.99,0.99,0.99,0.99,0.99,0.99,0.99,0.99,0.99,0.99,0.99,0.99,0.99,0.98806584,0.99,0.99,0.98727447,0.99,0.99,0.99,0.9807193,0.98755646,0.99,0.9818804,0.9796127,0.99,0.99,0.9581037,0.97080636,0.99,0.9674294,0.9415151,0.9341024,0.9621325,0.9306148,0.9510718,0.99,0.9698504,0.99,0.97373295,0.96393657,0.9795957,0.9782085,0.9811967,0.9843807,0.95627266,0.97397673,0.9566547,0.9687053,0.9644066,0.9674507,0.9879744,0.96910197,0.94081014,0.96459794,0.90408605,0.8961858,0.9144025,0.89980555,0.9453206,0.86722726,0.99,0.99,0.96765023,0.9774319,0.99,0.94036865,0.9652723,0.9781151,0.9890412,0.93786347,0.99,0.9840907,0.9579649,0.8693543,0.9807269,0.9262114,0.9162842,0.7849914,0.95853144,0.98470664,0.99,0.99,0.94498575,0.9616016,0.9273134,0.9539178,0.9223922,0.98671246,0.8558188,0.80687714,0.92149585"
