type,key,value
latent_values,values,"0.99,0.99,0.99,0.99,0.99,0.99,0.99,0.99,0.99,0.99,0.99,0.99,0.99,0.99,0.99,0.99,0.99,0.99,0.99,0.99,0.99,0.99,0.99,0.99,0.99,0.99,0.99,0.99,0.99,0.99,0.99,0.99,0.99,0.99,0.99,0.99,0.99,0.99,0.99,0.99,0.99,0.99,0.99,0.99,0.99,0.99,0.99,0.99,0.99,0.99,0.98711544,0.987577,0.9855322,0.99,0.99,0.99,0.99,0.99,0.9820901,0.9473518,0.97355115,0.9582002,0.9725948,0.9824123,0.9540635,0.9480063,0.96896595,0.9111575,0.9456081,0.99,0.96305007,0.95879316,0.98153245,0.9661797,0.95075047,0.97443205,0.9747809,0.9229769,0.99,0.94613063,0.97417915,0.99,0.99,0.9348669,0.99,0.97367734,0.9487992,0.9874086,0.95323694,0.9697181,0.99,0.91466403,0.8689336,0.8992214,0.92021203,0.89283526,0.99,0.9306187,0.9734288,0.9822675,0.89163893,0.8232592,0.8962034,0.9552286,0.9337169,0.9309866,0.9534101,0.9808608,0.95474,0.8967234,0.8043762,0.9881598,0.9216704,0.95663655,0.99,0.9608047,0.99,0.99,0.957977,0.99,0.80599546,0.95145154,0.9737112,0.8207951,0.8867845,0.9565266,0.95074564,0.9466705"
