type,key,value
latent_values,values,"0.99,0.99,0.99,0.99,0.99,0.99,0.99,0.99,0.99,0.99,0.99,0.99,0.99,0.99,0.99,0.99,0.99,0.99,0.99,0.99,0.99,0.99,0.99,0.99,0.99,0.99,0.99,0.99,0.99,0.99,0.99,0.99,0.99,0.99,0.99,0.99,0.99,0.99,0.99,0.99,0.99,0.99,0.99,0.99,0.99,0.99,0.99,0.99,0.99,0.99,0.97158206,0.9893454,0.9753836,0.9814239,0.98403984,0.99,0.99,0.9883554,0.97496957,0.97342646,0.9855732,0.980129,0.99,0.99,0.99,0.9790397,0.9832331,0.98580235,0.93774134,0.99,0.99,0.968312,0.9864298,0.95352614,0.99,0.98435575,0.9557896,0.99,0.9886019,0.99,0.9661852,0.99,0.99,0.9805806,0.99,0.99,0.97302574,0.94275236,0.9844349,0.978762,0.95489043,0.90802133,0.97748584,0.9746991,0.89802426,0.9728102,0.9117155,0.99,0.9866247,0.9499877,0.98126197,0.84334105,0.86690474,0.96411973,0.95818263,0.99,0.9894059,0.94114196,0.94830793,0.99,0.8139393,0.96836185,0.99,0.8998421,0.99,0.99,0.8211948,0.987637,0.9004641,0.8952204,0.9473827,0.9288527,0.88668907,0.9400067,0.8048214,0.89789647,0.9352747,0.96742433"
