type,key,value
latent_values,values,"0.99,0.99,0.99,0.99,0.99,0.99,0.99,0.99,0.99,0.99,0.99,0.99,0.99,0.99,0.99,0.99,0.99,0.99,0.99,0.99,0.99,0.99,0.99,0.99,0.99,0.99,0.99,0.99,0.99,0.99,0.99,0.99,0.99,0.99,0.99,0.99,0.99,0.99,0.99,0.99,0.99,0.99,0.99,0.99,0.99,0.99,0.99,0.99,0.99,0.99,0.9676111,0.99,0.98934656,0.9799399,0.99,0.99,0.99,0.98520106,0.9820779,0.9724215,0.96778053,0.9809235,0.98001766,0.99,0.9841359,0.9832146,0.9660736,0.972711,0.9340719,0.99,0.99,0.9519054,0.9869167,0.9743883,0.99,0.97133523,0.9561469,0.99,0.9867676,0.99,0.9784788,0.99,0.9896599,0.99,0.98943955,0.9851703,0.9828776,0.96382934,0.973414,0.9413643,0.99,0.898126,0.9833183,0.947901,0.90698004,0.9582809,0.8891399,0.98860145,0.99,0.98543674,0.96753603,0.85231674,0.8856961,0.99,0.94453025,0.99,0.98179257,0.99,0.9546185,0.9680029,0.8899154,0.972598,0.98735964,0.8628802,0.99,0.9760915,0.82129157,0.8778034,0.9404507,0.84740186,0.9682783,0.9123015,0.9257665,0.9510845,0.8462292,0.9059338,0.9559961,0.9299743"
