type,key,value
latent_values,values,"0.99,0.99,0.99,0.99,0.99,0.99,0.99,0.99,0.99,0.99,0.99,0.99,0.99,0.99,0.99,0.99,0.99,0.99,0.99,0.99,0.99,0.99,0.99,0.99,0.99,0.99,0.99,0.99,0.99,0.99,0.99,0.99,0.99,0.99,0.99,0.99,0.99,0.99,0.99,0.99,0.99,0.99,0.99,0.99,0.99,0.99,0.99,0.99,0.99,0.99,0.99,0.9744888,0.9870602,0.9827025,0.99,0.99,0.9684769,0.99,0.99,0.99,0.9821822,0.974081,0.9888707,0.9650074,0.9619145,0.9805612,0.99,0.97456086,0.94159687,0.9674279,0.9784332,0.9634623,0.98514885,0.99,0.9738666,0.9606173,0.95815504,0.93297786,0.9888407,0.97523916,0.94698536,0.9851743,0.9838702,0.9568032,0.97819346,0.92243147,0.95495284,0.9808727,0.92573845,0.9373412,0.98738533,0.9338087,0.98235464,0.9574451,0.9517742,0.9879795,0.9652465,0.925896,0.9788226,0.98495924,0.96789193,0.8573597,0.99,0.99,0.908961,0.8424449,0.9517562,0.98392284,0.99,0.9770248,0.9131608,0.95562714,0.95177835,0.89174795,0.99,0.8363512,0.93085974,0.84921306,0.92951494,0.99,0.9432257,0.98582095,0.9334464,0.98924583,0.97193134,0.91534865,0.99,0.87690103"
