type,key,value
latent_values,values,"0.99,0.99,0.99,0.99,0.99,0.99,0.99,0.99,0.99,0.99,0.99,0.99,0.99,0.99,0.99,0.99,0.99,0.99,0.99,0.99,0.99,0.99,0.99,0.99,0.99,0.99,0.99,0.99,0.99,0.99,0.99,0.99,0.99,0.99,0.99,0.99,0.99,0.99,0.99,0.99,0.99,0.99,0.99,0.99,0.99,0.99,0.99,0.99,0.98891026,0.99,0.99,0.97409743,0.99,0.99,0.9625828,0.99,0.99,0.99,0.99,0.9788199,0.96277076,0.9535625,0.99,0.965247,0.9580423,0.9696784,0.99,0.95682585,0.9344933,0.9731384,0.9808316,0.9486713,0.97010684,0.94842243,0.9691203,0.97354317,0.9826264,0.9327901,0.99,0.99,0.98122334,0.9020737,0.9774957,0.96383125,0.98054624,0.90866965,0.9661003,0.99,0.8964825,0.98942393,0.954309,0.930797,0.8724279,0.9525118,0.9638811,0.99,0.9608767,0.9477628,0.9860739,0.99,0.93511105,0.91611534,0.97960997,0.99,0.9739398,0.9658604,0.99,0.99,0.856103,0.90717846,0.7993512,0.8766735,0.99,0.8608915,0.99,0.96988827,0.98222494,0.99,0.9514861,0.99,0.75838685,0.96066314,0.9706898,0.95669305,0.76091135,0.93796617,0.99,0.930142"
