type,key,value
latent_values,values,"0.99,0.99,0.99,0.99,0.99,0.99,0.99,0.99,0.99,0.99,0.99,0.99,0.99,0.99,0.99,0.99,0.99,0.99,0.99,0.99,0.99,0.99,0.99,0.99,0.99,0.99,0.99,0.99,0.99,0.99,0.99,0.99,0.99,0.99,0.99,0.99,0.99,0.99,0.99,0.99,0.99,0.99,0.99,0.99,0.99,0.99,0.99,0.99,0.99,0.99,0.99,0.99,0.99,0.99,0.9812643,0.9874986,0.99,0.99,0.9853961,0.9844585,0.99,0.99,0.9824994,0.9803484,0.98271376,0.99,0.99,0.9814588,0.9818647,0.99,0.9836179,0.97656965,0.986526,0.99,0.99,0.9848386,0.94411045,0.9701226,0.9760436,0.9398908,0.936653,0.974881,0.9814535,0.9809128,0.9878763,0.9770154,0.96783566,0.9886616,0.9846046,0.93539137,0.99,0.9676347,0.9419191,0.9574835,0.9484329,0.9519925,0.9674059,0.96481735,0.9498835,0.9456878,0.89073133,0.95920426,0.92251635,0.99,0.9183526,0.8527963,0.9513922,0.98534125,0.9591975,0.90518886,0.937971,0.95198596,0.98708236,0.9826311,0.96250886,0.9654402,0.8616566,0.92628056,0.9651741,0.98779595,0.9316017,0.9494621,0.9777634,0.8441815,0.8286198,0.9618445,0.9350189,0.9836347"
