type,key,value
latent_values,values,"0.99,0.99,0.99,0.99,0.99,0.99,0.99,0.99,0.99,0.99,0.99,0.99,0.99,0.99,0.99,0.99,0.99,0.99,0.99,0.99,0.99,0.99,0.99,0.99,0.99,0.99,0.99,0.99,0.99,0.99,0.99,0.99,0.99,0.99,0.99,0.99,0.99,0.99,0.99,0.99,0.99,0.99,0.99,0.99,0.99,0.99,0.99,0.99,0.99,0.98819345,0.9788453,0.99,0.99,0.99,0.98813564,0.9856075,0.99,0.9861211,0.97978526,0.98129076,0.99,0.9871771,0.9714347,0.98649186,0.99,0.99,0.97909683,0.9757402,0.97796714,0.99,0.99,0.972423,0.9594249,0.93869644,0.99,0.9574707,0.958705,0.99,0.9837483,0.9733077,0.97176874,0.99,0.96068776,0.97394127,0.97482216,0.97586274,0.98892915,0.97609085,0.99,0.99,0.99,0.92494094,0.96929073,0.9402672,0.9358119,0.9824185,0.9842159,0.99,0.98515856,0.96186906,0.8965475,0.9719582,0.872712,0.96909213,0.94367486,0.9884126,0.84191513,0.9782297,0.883836,0.94027257,0.9404616,0.9790024,0.9421522,0.9871023,0.9533005,0.98410237,0.95312226,0.96501905,0.9608464,0.82507586,0.8747315,0.86433226,0.9610045,0.84979355,0.8235714,0.95812947,0.8045745,0.8746599"
