type,key,value
latent_values,values,"0.99,0.99,0.99,0.99,0.99,0.99,0.99,0.99,0.99,0.99,0.99,0.99,0.99,0.99,0.99,0.99,0.99,0.99,0.99,0.99,0.99,0.99,0.99,0.99,0.99,0.99,0.99,0.99,0.99,0.99,0.99,0.99,0.99,0.99,0.99,0.99,0.99,0.99,0.99,0.99,0.99,0.99,0.99,0.99,0.99,0.99,0.99,0.99,0.99,0.99,0.98441124,0.99,0.99,0.99,0.98429483,0.9807185,0.99,0.9891539,0.97729814,0.9807391,0.99,0.98160326,0.98085076,0.9872616,0.99,0.9886563,0.9718534,0.97064686,0.9808704,0.99,0.9886748,0.96630585,0.931503,0.9312356,0.99,0.9395457,0.9567662,0.99,0.955579,0.9642046,0.97018236,0.9866439,0.9621749,0.9597551,0.9757699,0.9523261,0.99,0.9373976,0.99,0.99,0.99,0.9604823,0.96827877,0.96768975,0.94976014,0.9758805,0.98018885,0.99,0.9856989,0.96498775,0.91650254,0.9727316,0.8558219,0.92951465,0.9505481,0.99,0.8475729,0.9839278,0.88174385,0.98017687,0.96341175,0.98463243,0.9387422,0.9845494,0.9748825,0.9851511,0.9447015,0.9651561,0.9883941,0.8959025,0.8955378,0.93143713,0.92180306,0.8263632,0.83113086,0.9578932,0.79639274,0.8777257"
