type,key,value
latent_values,values,"0.99,0.99,0.99,0.99,0.99,0.99,0.99,0.99,0.99,0.99,0.99,0.99,0.99,0.99,0.99,0.99,0.99,0.99,0.99,0.99,0.99,0.99,0.99,0.99,0.99,0.99,0.99,0.99,0.99,0.99,0.99,0.99,0.99,0.99,0.99,0.99,0.99,0.99,0.99,0.99,0.99,0.99,0.99,0.99,0.99,0.99,0.99,0.99,0.99,0.99,0.9889522,0.99,0.99,0.99,0.98378474,0.9762576,0.99,0.99,0.9699438,0.9879003,0.99,0.99,0.9861046,0.9821564,0.98977214,0.9872956,0.99,0.98039913,0.9813038,0.99,0.99,0.99,0.9879415,0.98215324,0.9853561,0.9685942,0.9593733,0.97752947,0.98095244,0.9500663,0.9411135,0.9795966,0.9725411,0.99,0.99,0.99,0.9850222,0.9568844,0.98441553,0.95035464,0.99,0.9674266,0.9629382,0.97661483,0.9544314,0.9668787,0.9684261,0.98996,0.9594526,0.94494456,0.9044281,0.9522895,0.87456816,0.9656748,0.9225553,0.92363185,0.9270827,0.95753276,0.9352355,0.9787836,0.9511924,0.9303755,0.96601844,0.97690266,0.9570117,0.9776888,0.8283392,0.9492378,0.9396761,0.9700902,0.91217864,0.93607056,0.9532258,0.82886225,0.80714697,0.9778099,0.8434119,0.9135254"
