type,key,value
latent_values,values,"0.99,0.99,0.99,0.99,0.99,0.99,0.99,0.99,0.99,0.99,0.99,0.99,0.99,0.99,0.99,0.99,0.99,0.99,0.99,0.99,0.99,0.99,0.99,0.99,0.99,0.99,0.99,0.99,0.99,0.99,0.99,0.99,0.99,0.99,0.99,0.99,0.99,0.99,0.99,0.99,0.99,0.99,0.99,0.99,0.99,0.99,0.99,0.99,0.99,0.99,0.98751915,0.99,0.99,0.99,0.98740345,0.9827675,0.99,0.98843527,0.9809626,0.97967905,0.99,0.9857314,0.9815363,0.9869478,0.99,0.9890367,0.9734582,0.9721641,0.97967154,0.99,0.99,0.96595055,0.9339426,0.9349905,0.99,0.9449648,0.9583645,0.9878456,0.9648051,0.9728769,0.9640586,0.9870265,0.9658769,0.95624155,0.97481596,0.94854444,0.98845875,0.9340189,0.99,0.99,0.99,0.9547425,0.9664108,0.99,0.946255,0.9776654,0.98447704,0.99,0.9821733,0.9577056,0.90593964,0.97267115,0.8569917,0.91592836,0.94326246,0.98481673,0.86347663,0.96882796,0.88271546,0.9887937,0.944778,0.98318744,0.9338533,0.98461694,0.9755925,0.9897714,0.9572983,0.9556535,0.99,0.92696273,0.9070072,0.9405506,0.9387443,0.8392207,0.8354614,0.9588889,0.79264784,0.88322574"
