type,key,value
latent_values,values,"0.99,0.99,0.99,0.99,0.99,0.99,0.99,0.99,0.99,0.99,0.99,0.99,0.99,0.99,0.99,0.99,0.99,0.99,0.99,0.99,0.99,0.99,0.99,0.99,0.99,0.99,0.99,0.99,0.99,0.99,0.99,0.99,0.99,0.99,0.99,0.99,0.99,0.99,0.99,0.99,0.99,0.99,0.99,0.99,0.99,0.99,0.99,0.99,0.99,0.99,0.99,0.99,0.99,0.98883814,0.9828528,0.9865911,0.99,0.99,0.99,0.9770603,0.99,0.99,0.9854481,0.98550344,0.9795989,0.98422754,0.99,0.9702194,0.9804196,0.99,0.98680884,0.9863418,0.98023945,0.98733544,0.9788464,0.9869056,0.94626063,0.97465813,0.97758013,0.9417232,0.9359243,0.9861131,0.9485071,0.9741343,0.9622495,0.940195,0.91613674,0.9800321,0.98854613,0.95688355,0.9538688,0.981952,0.9635538,0.9695803,0.99,0.9661177,0.98561746,0.92482924,0.9800714,0.98599654,0.9704721,0.98077846,0.98114854,0.9816217,0.9271293,0.86939704,0.95565546,0.9576687,0.9465896,0.91929007,0.9226055,0.97269344,0.9165903,0.9864206,0.9449778,0.98342025,0.9523546,0.90441686,0.9712574,0.96599233,0.99,0.95306146,0.91178733,0.854302,0.9815128,0.9384508,0.9243563,0.9626051"
