type,key,value
latent_values,values,"0.99,0.99,0.99,0.99,0.99,0.99,0.99,0.99,0.99,0.99,0.99,0.99,0.99,0.99,0.99,0.99,0.99,0.99,0.99,0.99,0.99,0.99,0.99,0.99,0.99,0.99,0.99,0.99,0.99,0.99,0.99,0.99,0.99,0.99,0.99,0.99,0.99,0.99,0.99,0.99,0.99,0.99,0.99,0.99,0.99,0.99,0.99,0.99,0.99,0.99,0.99,0.99,0.99,0.98806894,0.98728806,0.99,0.99,0.99,0.9851518,0.98037016,0.99,0.99,0.97770035,0.98261726,0.97580135,0.99,0.99,0.9731792,0.98478884,0.99,0.98278344,0.96795,0.9854698,0.99,0.99,0.9850202,0.9444714,0.9648914,0.97289246,0.9503694,0.93658185,0.9817159,0.97554463,0.9737699,0.97125703,0.96850115,0.9483929,0.99,0.97850424,0.93352824,0.9701399,0.9788737,0.9367533,0.96324193,0.9828852,0.9682068,0.9792417,0.94987726,0.9579984,0.94874734,0.891029,0.9640037,0.9670679,0.9830015,0.9383715,0.86474425,0.95856076,0.99,0.96377903,0.8499533,0.929899,0.95776296,0.99,0.9820361,0.9850802,0.9710171,0.8763834,0.92119986,0.95985085,0.9787103,0.9520734,0.94934404,0.96365297,0.8581079,0.8607446,0.8675676,0.925685,0.9712963"
