type,key,value
latent_values,values,"0.99,0.99,0.99,0.99,0.99,0.99,0.99,0.99,0.99,0.99,0.99,0.99,0.99,0.99,0.99,0.99,0.99,0.99,0.99,0.99,0.99,0.99,0.99,0.99,0.99,0.99,0.99,0.99,0.99,0.99,0.99,0.99,0.99,0.99,0.99,0.99,0.99,0.99,0.99,0.99,0.99,0.99,0.99,0.99,0.99,0.99,0.99,0.99,0.99,0.99,0.99,0.99,0.99,0.9803234,0.98294395,0.9816474,0.99,0.99,0.99,0.97472376,0.99,0.99,0.9816605,0.98418176,0.9871915,0.9865927,0.99,0.9752509,0.98051757,0.99,0.98571795,0.98540485,0.98521584,0.98829985,0.9875543,0.98244566,0.9395078,0.9793548,0.97354984,0.94120955,0.94011277,0.9876404,0.9663342,0.9888524,0.97140235,0.95398873,0.92152315,0.97538847,0.9849258,0.9475286,0.9624344,0.99,0.9389338,0.970896,0.9830314,0.97012985,0.9796204,0.945535,0.97812474,0.9771565,0.9092303,0.9608609,0.9718051,0.9809681,0.93777245,0.8755241,0.9587325,0.94443065,0.9593466,0.92944664,0.9302603,0.97367245,0.93874764,0.9848233,0.98104155,0.97789115,0.87497926,0.91672903,0.99,0.977416,0.99,0.98056537,0.91533333,0.8490671,0.94378895,0.9479915,0.939406,0.9593354"
