type,key,value
latent_values,values,"0.99,0.99,0.99,0.99,0.99,0.99,0.99,0.99,0.99,0.99,0.99,0.99,0.99,0.99,0.99,0.99,0.99,0.99,0.99,0.99,0.99,0.99,0.99,0.99,0.99,0.99,0.99,0.99,0.99,0.99,0.99,0.99,0.99,0.99,0.99,0.99,0.99,0.99,0.99,0.99,0.99,0.99,0.99,0.99,0.99,0.99,0.99,0.99,0.99,0.99,0.9840392,0.99,0.99,0.99,0.99,0.9834114,0.99,0.99,0.97204477,0.9806571,0.99,0.99,0.9801222,0.9871613,0.99,0.98754996,0.97008723,0.9766574,0.9754043,0.99,0.99,0.97414875,0.98119336,0.97169966,0.99,0.9688755,0.9576882,0.9889492,0.9770793,0.9679768,0.9597183,0.99,0.9714041,0.97675294,0.99,0.99,0.99,0.9196965,0.9851873,0.9749847,0.985318,0.96143943,0.9563136,0.9762936,0.9305234,0.98145694,0.979894,0.99,0.9599473,0.9664898,0.91813993,0.9646889,0.859215,0.9294167,0.92054933,0.9873196,0.9610447,0.9759063,0.9325328,0.99,0.948594,0.95078903,0.97164655,0.9802886,0.9434405,0.99,0.85315955,0.93802845,0.98112196,0.92475593,0.9201314,0.91454583,0.92817044,0.8277292,0.8092285,0.9702563,0.83269286,0.8872791"
