type,key,value
latent_values,values,"0.99,0.99,0.99,0.99,0.99,0.99,0.99,0.99,0.99,0.99,0.99,0.99,0.99,0.99,0.99,0.99,0.99,0.99,0.99,0.99,0.99,0.99,0.99,0.99,0.99,0.99,0.99,0.99,0.99,0.99,0.99,0.99,0.99,0.99,0.99,0.99,0.99,0.99,0.99,0.99,0.99,0.99,0.99,0.99,0.99,0.99,0.99,0.99,0.99,0.99,0.98764163,0.99,0.99,0.99,0.9817183,0.98221016,0.99,0.98781437,0.97810584,0.9799098,0.99,0.9782427,0.97378206,0.98708916,0.99,0.98795485,0.97704,0.96841466,0.98318225,0.99,0.9877933,0.9582272,0.9238954,0.9317651,0.99,0.9349268,0.94894904,0.99,0.94539267,0.96228665,0.9670458,0.9871309,0.960556,0.95969653,0.97185194,0.950947,0.9892359,0.9300633,0.99,0.99,0.99,0.9606029,0.9653056,0.97076154,0.96375287,0.9659457,0.9821236,0.99,0.99,0.96098554,0.91588145,0.9797381,0.85545725,0.9218661,0.95175683,0.98792034,0.85347706,0.99,0.88194203,0.9826454,0.97395027,0.98728234,0.95170915,0.9758471,0.9833825,0.98586005,0.9534776,0.98387825,0.99,0.862367,0.90080744,0.91438067,0.9138932,0.8243634,0.8427906,0.9684975,0.7990904,0.8748151"
