type,key,value
latent_values,values,"0.99,0.99,0.99,0.99,0.99,0.99,0.99,0.99,0.99,0.99,0.99,0.99,0.99,0.99,0.99,0.99,0.99,0.99,0.99,0.99,0.99,0.99,0.99,0.99,0.99,0.99,0.99,0.99,0.99,0.99,0.99,0.99,0.99,0.99,0.99,0.99,0.99,0.99,0.99,0.99,0.99,0.99,0.99,0.99,0.99,0.99,0.99,0.99,0.99,0.99,0.98742586,0.99,0.99,0.99,0.98777634,0.97597593,0.99,0.99,0.9724388,0.9810117,0.99,0.9844921,0.98746383,0.984049,0.99,0.9889838,0.97823304,0.9741884,0.98129576,0.99,0.99,0.9779285,0.9594057,0.94788164,0.99,0.94765246,0.97053146,0.9845163,0.9727208,0.96347165,0.9613775,0.98685753,0.96993476,0.9770112,0.99,0.98257214,0.99,0.9355886,0.99,0.99,0.99,0.9776016,0.9656441,0.9881159,0.9720455,0.97075266,0.9807497,0.99,0.96141547,0.953582,0.9034804,0.96742487,0.85519445,0.9386755,0.9280678,0.98776454,0.89230394,0.9651067,0.9009775,0.99,0.9575316,0.95135105,0.94364977,0.9860904,0.9655572,0.98635244,0.9160325,0.9738778,0.9720663,0.9552028,0.89796054,0.94163847,0.9292577,0.8325835,0.82130915,0.9727765,0.814129,0.87234074"
