type,key,value
latent_values,values,"0.99,0.99,0.99,0.99,0.99,0.99,0.99,0.99,0.99,0.99,0.99,0.99,0.99,0.99,0.99,0.99,0.99,0.99,0.99,0.99,0.99,0.99,0.99,0.99,0.99,0.99,0.99,0.99,0.99,0.99,0.99,0.99,0.99,0.99,0.99,0.99,0.99,0.99,0.99,0.99,0.99,0.99,0.99,0.99,0.99,0.99,0.99,0.99,0.99,0.99,0.99,0.98316544,0.99,0.99,0.98964435,0.99,0.99,0.99,0.99,0.9705945,0.99,0.99,0.99,0.988936,0.9588634,0.9897169,0.95613974,0.9753991,0.98856497,0.99,0.9808031,0.9404249,0.97807455,0.9764489,0.9875092,0.98907226,0.97151315,0.9592726,0.9827193,0.973288,0.93981534,0.98752326,0.94924664,0.95953727,0.97326446,0.9445599,0.9210311,0.9803769,0.99,0.96541715,0.9220759,0.9717578,0.9641079,0.97649604,0.99,0.98329633,0.9606678,0.9594568,0.99,0.9520375,0.89671993,0.97047895,0.97104585,0.9436254,0.9527891,0.897271,0.95125747,0.99,0.9345099,0.91487527,0.9256176,0.99,0.91610146,0.9884189,0.9876096,0.98247933,0.9665446,0.89724463,0.9846746,0.9655283,0.99,0.88475406,0.9805418,0.8501471,0.9728515,0.79361707,0.9383156,0.9813372"
