type,key,value
latent_values,values,"0.99,0.99,0.99,0.99,0.99,0.99,0.99,0.99,0.99,0.99,0.99,0.99,0.99,0.99,0.99,0.99,0.99,0.99,0.99,0.99,0.99,0.99,0.99,0.99,0.99,0.99,0.99,0.99,0.99,0.99,0.99,0.99,0.99,0.99,0.99,0.99,0.99,0.99,0.99,0.99,0.99,0.99,0.99,0.99,0.99,0.99,0.99,0.99,0.99,0.99,0.9839323,0.99,0.99,0.9816433,0.98783344,0.9808704,0.99,0.99,0.9793534,0.97868,0.99,0.99,0.98625964,0.98619616,0.99,0.9809585,0.97521627,0.97688925,0.97662014,0.99,0.99,0.9796883,0.98379385,0.9833565,0.99,0.9826069,0.9461718,0.9841963,0.97338873,0.9621686,0.9616895,0.99,0.9743205,0.99,0.99,0.99,0.98356134,0.9261129,0.97975814,0.957749,0.98182,0.95288587,0.9463851,0.978044,0.9300066,0.97216177,0.96606064,0.99,0.93716925,0.96658295,0.9331849,0.9607134,0.86422724,0.93778986,0.92069566,0.9640941,0.9775551,0.943825,0.96816105,0.9860731,0.94747895,0.9475339,0.9865373,0.97731626,0.97895235,0.99,0.81706095,0.9372283,0.98968506,0.9609193,0.949561,0.9395237,0.9241237,0.8206792,0.84788203,0.9851048,0.9288149,0.9226486"
