type,key,value
latent_values,values,"0.99,0.99,0.99,0.99,0.99,0.99,0.99,0.99,0.99,0.99,0.99,0.99,0.99,0.99,0.99,0.99,0.99,0.99,0.99,0.99,0.99,0.99,0.99,0.99,0.99,0.99,0.99,0.99,0.99,0.99,0.99,0.99,0.99,0.99,0.99,0.99,0.99,0.99,0.99,0.99,0.99,0.99,0.99,0.99,0.99,0.99,0.99,0.99,0.98794436,0.99,0.99,0.97874725,0.99,0.99,0.9876288,0.9894429,0.96630126,0.99,0.99,0.99,0.99,0.99,0.99,0.96430516,0.98368204,0.97330457,0.9749292,0.99,0.9852196,0.9609341,0.9835305,0.9466012,0.97489244,0.9654941,0.9860587,0.9899021,0.9879028,0.97657055,0.9849771,0.98898685,0.9368588,0.89966893,0.93861765,0.9375815,0.9821641,0.9124807,0.9599181,0.98218477,0.9767547,0.9782638,0.91601723,0.99,0.96691,0.9825265,0.99,0.9703483,0.9159988,0.93383926,0.99,0.99,0.99,0.9798942,0.93765384,0.959807,0.87047,0.85818017,0.97811496,0.92360634,0.8837177,0.89624,0.9440051,0.9091522,0.9108093,0.9888758,0.9836484,0.97606266,0.98075163,0.8554397,0.97478473,0.8114515,0.9876173,0.8753178,0.89624226,0.88266575,0.9648484,0.809105,0.97072285,0.95448697"
