type,key,value
latent_values,values,"0.99,0.99,0.99,0.99,0.99,0.99,0.99,0.99,0.99,0.99,0.99,0.99,0.99,0.99,0.99,0.99,0.99,0.99,0.99,0.99,0.99,0.99,0.99,0.99,0.99,0.99,0.99,0.99,0.99,0.99,0.99,0.99,0.99,0.99,0.99,0.99,0.99,0.99,0.99,0.99,0.99,0.99,0.99,0.99,0.99,0.99,0.99,0.99,0.99,0.99,0.99,0.99,0.99,0.99,0.98776144,0.97933936,0.99,0.99,0.974476,0.9886807,0.99,0.99,0.98710084,0.98052365,0.9882916,0.9893121,0.99,0.9834238,0.9823901,0.99,0.99,0.98833686,0.9883727,0.97959554,0.97893435,0.973632,0.95351887,0.9754426,0.9761131,0.94577426,0.9428606,0.97698915,0.975013,0.99,0.99,0.99,0.98546845,0.9495361,0.98875445,0.95175433,0.99,0.976765,0.96559805,0.975384,0.9530122,0.9620129,0.96015286,0.9787559,0.9067242,0.922921,0.88776916,0.95054495,0.8883793,0.9740245,0.9145399,0.89823675,0.95394826,0.9445544,0.93857515,0.95041704,0.94854367,0.92177105,0.9664515,0.97852373,0.9677985,0.9730329,0.8432054,0.947856,0.96626914,0.99,0.9107263,0.9659015,0.96118736,0.82788116,0.8120535,0.98514163,0.85830075,0.947998"
