type,key,value
latent_values,values,"0.99,0.99,0.99,0.99,0.99,0.99,0.99,0.99,0.99,0.99,0.99,0.99,0.99,0.99,0.99,0.99,0.99,0.99,0.99,0.99,0.99,0.99,0.99,0.99,0.99,0.99,0.99,0.99,0.99,0.99,0.99,0.99,0.99,0.99,0.99,0.99,0.99,0.99,0.99,0.99,0.99,0.99,0.99,0.99,0.99,0.99,0.99,0.99,0.99,0.99,0.9853725,0.99,0.99,0.98123753,0.98730457,0.97824365,0.99,0.99,0.9757674,0.9825411,0.99,0.99,0.98586893,0.9843221,0.99,0.9870815,0.9819787,0.97954553,0.97800994,0.99,0.99,0.99,0.9867686,0.99,0.99,0.9801667,0.95233685,0.9814972,0.9749631,0.96103686,0.9512583,0.98813885,0.9779873,0.99,0.99,0.99,0.9877274,0.9409417,0.9706297,0.9502665,0.9896117,0.9690318,0.95369893,0.9769931,0.9264127,0.9704214,0.9709329,0.99,0.9668525,0.9546436,0.91876704,0.9546564,0.8672033,0.93523127,0.92251366,0.95392865,0.97064996,0.9604591,0.9655894,0.98877686,0.94379944,0.9493627,0.9809164,0.975321,0.9703969,0.9839542,0.7972731,0.9128721,0.9687149,0.94342977,0.9260935,0.9254068,0.94153726,0.81918395,0.8381602,0.9761558,0.9090049,0.9234884"
