type,key,value
latent_values,values,"0.99,0.99,0.99,0.99,0.99,0.99,0.99,0.99,0.99,0.99,0.99,0.99,0.99,0.99,0.99,0.99,0.99,0.99,0.99,0.99,0.99,0.99,0.99,0.99,0.99,0.99,0.99,0.99,0.99,0.99,0.99,0.99,0.99,0.99,0.99,0.99,0.99,0.99,0.99,0.99,0.99,0.99,0.99,0.99,0.99,0.99,0.99,0.99,0.99,0.99,0.99,0.99,0.99,0.9685913,0.99,0.9885398,0.99,0.99,0.98619914,0.9758486,0.99,0.99,0.99,0.98846537,0.9733402,0.99,0.99,0.9890679,0.98469937,0.99,0.98839766,0.9710137,0.98771167,0.99,0.9816929,0.9830808,0.95897084,0.96537447,0.96755403,0.9874361,0.9293229,0.98837215,0.9506311,0.9896556,0.99,0.98368067,0.96587324,0.9445675,0.97706807,0.9805854,0.9447225,0.99,0.965429,0.9779802,0.9780295,0.99,0.96448004,0.9362522,0.8838042,0.9487977,0.9206816,0.94174826,0.99,0.99,0.9187564,0.8788744,0.94773346,0.9521722,0.92369723,0.8811751,0.9190679,0.9532937,0.93018484,0.9810456,0.97391427,0.97241026,0.8259569,0.90514904,0.97843707,0.99,0.99,0.94460857,0.9081437,0.83403474,0.95516694,0.9391858,0.95842487,0.95259917"
