type,key,value
latent_values,values,"0.99,0.99,0.99,0.99,0.99,0.99,0.99,0.99,0.99,0.99,0.99,0.99,0.99,0.99,0.99,0.99,0.99,0.99,0.99,0.99,0.99,0.99,0.99,0.99,0.99,0.99,0.99,0.99,0.99,0.99,0.99,0.99,0.99,0.99,0.99,0.99,0.99,0.99,0.99,0.99,0.99,0.99,0.99,0.99,0.99,0.99,0.99,0.99,0.99,0.99,0.9835784,0.99,0.99,0.99,0.99,0.98972183,0.99,0.98862135,0.97811425,0.9804261,0.99,0.9859242,0.96603936,0.9857949,0.99,0.9888413,0.9729185,0.9745013,0.9780611,0.99,0.99,0.954301,0.9697989,0.94957554,0.99,0.9669504,0.9693784,0.99,0.9775686,0.9739066,0.96744156,0.99,0.971562,0.9663032,0.99,0.99,0.99,0.9372467,0.99,0.99,0.99,0.9352681,0.96682566,0.96254647,0.93260497,0.98003125,0.9861218,0.99,0.97812074,0.98134786,0.90722215,0.972679,0.8647858,0.9297339,0.93583566,0.98683894,0.90235704,0.98943603,0.8947146,0.98552525,0.9431935,0.966894,0.9635742,0.98113894,0.96252483,0.9811441,0.9175318,0.9196298,0.98128974,0.8778259,0.9084684,0.84847647,0.9439877,0.8441925,0.81677616,0.9554672,0.8199211,0.8904701"
