type,key,value
latent_values,values,"0.99,0.99,0.99,0.99,0.99,0.99,0.99,0.99,0.99,0.99,0.99,0.99,0.99,0.99,0.99,0.99,0.99,0.99,0.99,0.99,0.99,0.99,0.99,0.99,0.99,0.99,0.99,0.99,0.99,0.99,0.99,0.99,0.99,0.99,0.99,0.99,0.99,0.99,0.99,0.99,0.99,0.99,0.99,0.99,0.99,0.99,0.99,0.99,0.99,0.99,0.99,0.99,0.99,0.9830996,0.9873153,0.9812684,0.98796195,0.99,0.99,0.9802246,0.99,0.99,0.9697303,0.99,0.98917544,0.9765767,0.99,0.9731626,0.9729916,0.99,0.9752979,0.99,0.98141986,0.99,0.98140216,0.9848742,0.94425195,0.9899965,0.9712794,0.9337744,0.9368041,0.99,0.95900494,0.98025775,0.973354,0.9287698,0.97066706,0.9780651,0.9634127,0.93954146,0.97063786,0.99,0.94797814,0.97935754,0.92037225,0.98603994,0.9774417,0.96982753,0.9646148,0.97387505,0.9855693,0.97842115,0.9760221,0.9853096,0.9052194,0.88796073,0.96834457,0.92653483,0.99,0.9507796,0.92903614,0.96629924,0.9725843,0.9851183,0.9164693,0.9749343,0.8866225,0.8949863,0.9624746,0.9828148,0.98765033,0.9778804,0.9125994,0.8206954,0.94902825,0.94932353,0.9785377,0.9642047"
