type,key,value
latent_values,values,"0.99,0.99,0.99,0.99,0.99,0.99,0.99,0.99,0.99,0.99,0.99,0.99,0.99,0.99,0.99,0.99,0.99,0.99,0.99,0.99,0.99,0.99,0.99,0.99,0.99,0.99,0.99,0.99,0.99,0.99,0.99,0.99,0.99,0.99,0.99,0.99,0.99,0.99,0.99,0.99,0.99,0.99,0.99,0.99,0.99,0.99,0.99,0.99,0.99,0.99,0.99,0.98593014,0.99,0.9849775,0.99,0.98739475,0.98866177,0.99,0.99,0.9854957,0.99,0.99,0.97344595,0.98651135,0.9783283,0.98799556,0.99,0.9651639,0.98141086,0.99,0.985273,0.9793088,0.9841084,0.9885131,0.9853197,0.98664343,0.94528353,0.9703351,0.97343576,0.949558,0.9380757,0.98721975,0.93457127,0.9754504,0.9688826,0.9353286,0.92650676,0.99,0.98606414,0.9413875,0.93512195,0.98778564,0.97910744,0.97366256,0.99,0.97744286,0.9854234,0.9352211,0.9753742,0.9641483,0.9593536,0.9771313,0.98540735,0.9796007,0.93263817,0.87182903,0.94531065,0.9860844,0.98028606,0.8745464,0.92432684,0.9585879,0.97660655,0.9814551,0.99,0.9863987,0.9527439,0.8956283,0.9373074,0.97127753,0.99,0.93004745,0.90256494,0.8666539,0.9833128,0.8447244,0.9226652,0.9420004"
