type,key,value
latent_values,values,"0.99,0.99,0.99,0.99,0.99,0.99,0.99,0.99,0.99,0.99,0.99,0.99,0.99,0.99,0.99,0.99,0.99,0.99,0.99,0.99,0.99,0.99,0.99,0.99,0.99,0.99,0.99,0.99,0.99,0.99,0.99,0.99,0.99,0.99,0.99,0.99,0.99,0.99,0.99,0.99,0.99,0.99,0.99,0.99,0.99,0.99,0.99,0.99,0.99,0.99,0.9845635,0.99,0.99,0.99,0.99,0.99,0.99,0.9846035,0.9779263,0.98351014,0.99,0.99,0.9709031,0.98747206,0.99,0.99,0.9630961,0.9765112,0.9771694,0.99,0.99,0.9552759,0.98386836,0.972222,0.99,0.97620016,0.9632951,0.99,0.9819253,0.981359,0.96152836,0.99,0.9794693,0.95834756,0.99,0.99,0.99,0.9428087,0.98872787,0.9697099,0.98112005,0.9291458,0.96568894,0.9717116,0.91928566,0.9828396,0.9839518,0.99,0.9752814,0.9611402,0.8864728,0.9692806,0.8703359,0.9171274,0.91089845,0.9844636,0.95836866,0.9896155,0.9240095,0.9858951,0.93670124,0.9582974,0.96131784,0.98545307,0.94593215,0.98468804,0.87378854,0.9265112,0.9731044,0.9059602,0.86650074,0.860949,0.968087,0.8541324,0.8124533,0.9492779,0.8446235,0.91207486"
