type,key,value
latent_values,values,"0.99,0.99,0.99,0.99,0.99,0.99,0.99,0.99,0.99,0.99,0.99,0.99,0.99,0.99,0.99,0.99,0.99,0.99,0.99,0.99,0.99,0.99,0.99,0.99,0.99,0.99,0.99,0.99,0.99,0.99,0.99,0.99,0.99,0.99,0.99,0.99,0.99,0.99,0.99,0.99,0.99,0.99,0.99,0.99,0.99,0.99,0.99,0.99,0.99,0.99,0.99,0.99,0.99,0.98605365,0.9882682,0.98534346,0.99,0.99,0.99,0.9787289,0.99,0.99,0.98692465,0.98094225,0.9780147,0.98816574,0.99,0.97349095,0.98191595,0.99,0.983525,0.98583996,0.98603034,0.97615707,0.9875783,0.9835856,0.92727536,0.9692124,0.9703084,0.9354533,0.93940705,0.98895603,0.9669646,0.99,0.986833,0.94783884,0.9293407,0.9532374,0.98503697,0.94064134,0.9817478,0.9866267,0.94285977,0.9756589,0.97757864,0.94696003,0.96768224,0.9467353,0.8912452,0.94426703,0.9149735,0.94798833,0.9228378,0.9710955,0.93606126,0.8816059,0.95609426,0.9412049,0.95767105,0.8996315,0.94098353,0.95896393,0.9569876,0.99,0.99,0.98776597,0.9073022,0.92703897,0.99,0.99,0.99,0.99,0.92939866,0.8487555,0.94862235,0.9843141,0.9453414,0.96484864"
