type,key,value
latent_values,values,"0.99,0.99,0.99,0.99,0.99,0.99,0.99,0.99,0.99,0.99,0.99,0.99,0.99,0.99,0.99,0.99,0.99,0.99,0.99,0.99,0.99,0.99,0.99,0.99,0.99,0.99,0.99,0.99,0.99,0.99,0.99,0.99,0.99,0.99,0.99,0.99,0.99,0.99,0.99,0.99,0.99,0.99,0.99,0.99,0.99,0.99,0.99,0.99,0.99,0.99,0.9877337,0.99,0.99,0.9892109,0.98921716,0.9795405,0.99,0.99,0.9696006,0.98374027,0.99,0.99,0.9860268,0.9848454,0.9891479,0.9849203,0.9733513,0.9788613,0.9806236,0.99,0.99,0.975469,0.984063,0.968711,0.99,0.9627324,0.9621758,0.98350513,0.9766589,0.96170455,0.94760144,0.9867595,0.972971,0.9795224,0.99,0.99,0.99,0.9157443,0.98717606,0.96518534,0.9888765,0.9814724,0.9614369,0.9808412,0.96726334,0.96978384,0.9755704,0.99,0.94024825,0.96731216,0.90659446,0.9651661,0.8569753,0.9323061,0.92024803,0.9693622,0.9555846,0.9786602,0.9378362,0.99,0.94826454,0.9294565,0.9716723,0.9781563,0.9669531,0.9765922,0.83425593,0.9443628,0.9735401,0.95942885,0.92975515,0.92319745,0.9256777,0.8273205,0.81517977,0.97784185,0.84054136,0.89032495"
