type,key,value
latent_values,values,"0.99,0.99,0.99,0.99,0.99,0.99,0.99,0.99,0.99,0.99,0.99,0.99,0.99,0.99,0.99,0.99,0.99,0.99,0.99,0.99,0.99,0.99,0.99,0.99,0.99,0.99,0.99,0.99,0.99,0.99,0.99,0.99,0.99,0.99,0.99,0.99,0.99,0.99,0.99,0.99,0.99,0.99,0.99,0.99,0.99,0.99,0.99,0.99,0.99,0.99,0.99,0.98985165,0.99,0.9825809,0.9878218,0.98104113,0.9878629,0.99,0.99,0.98293525,0.99,0.99,0.9721601,0.9880035,0.98361063,0.9864558,0.99,0.9671686,0.97784024,0.99,0.98550195,0.98068094,0.9853673,0.9864115,0.9809076,0.9865947,0.9426936,0.9777209,0.9743918,0.93669707,0.93664736,0.988215,0.940347,0.98353195,0.9722851,0.9428977,0.92801154,0.99,0.99,0.95307153,0.94197047,0.9865396,0.9759914,0.9728916,0.9869493,0.9817931,0.980455,0.95539147,0.9884294,0.97878474,0.96790534,0.97439575,0.97654855,0.98095316,0.9259179,0.8775778,0.9467328,0.95605433,0.9698948,0.9260385,0.929237,0.97212946,0.9401152,0.9846263,0.9849013,0.9857492,0.92310727,0.90599924,0.96853894,0.9848874,0.99,0.9329209,0.8940344,0.8464161,0.9874615,0.87523216,0.9435023,0.94312155"
