type,key,value
latent_values,values,"0.99,0.99,0.99,0.99,0.99,0.99,0.99,0.99,0.99,0.99,0.99,0.99,0.99,0.99,0.99,0.99,0.99,0.99,0.99,0.99,0.99,0.99,0.99,0.99,0.99,0.99,0.99,0.99,0.99,0.99,0.99,0.99,0.99,0.99,0.99,0.99,0.99,0.99,0.99,0.99,0.99,0.99,0.99,0.99,0.99,0.99,0.99,0.99,0.99,0.99,0.97879755,0.99,0.99,0.99,0.99,0.9841669,0.99,0.99,0.9864518,0.9788154,0.99,0.99,0.9866719,0.98614544,0.99,0.98060197,0.9764421,0.9787049,0.9765289,0.99,0.99,0.99,0.97439975,0.9704759,0.99,0.9820961,0.9624071,0.9885833,0.984414,0.9723011,0.96893317,0.99,0.9781637,0.99,0.99,0.99,0.9858644,0.9471668,0.97949326,0.99,0.99,0.94452935,0.9614818,0.9793343,0.91142815,0.9766375,0.9794344,0.98688054,0.9665005,0.9663021,0.9206719,0.9682225,0.8734309,0.9267107,0.9199405,0.9895067,0.89637524,0.9424188,0.89507216,0.9769672,0.93821687,0.9616528,0.95149094,0.9837929,0.9303868,0.98969454,0.94064724,0.90646714,0.9689613,0.9316581,0.9161527,0.8831873,0.9630589,0.850975,0.80915725,0.96808624,0.84729266,0.9353169"
