type,key,value
latent_values,values,"0.99,0.99,0.99,0.99,0.99,0.99,0.99,0.99,0.99,0.99,0.99,0.99,0.99,0.99,0.99,0.99,0.99,0.99,0.99,0.99,0.99,0.99,0.99,0.99,0.99,0.99,0.99,0.99,0.99,0.99,0.99,0.99,0.99,0.99,0.99,0.99,0.99,0.99,0.99,0.99,0.99,0.99,0.99,0.99,0.99,0.99,0.99,0.99,0.99,0.99,0.99,0.99,0.99,0.99,0.98543614,0.9761956,0.99,0.99,0.96605456,0.9870307,0.99,0.99,0.9855392,0.98256534,0.9840758,0.99,0.99,0.98111933,0.9832704,0.99,0.99,0.99,0.98722845,0.97507566,0.9839581,0.9656315,0.94874144,0.9748817,0.9746409,0.9408409,0.9410722,0.9813575,0.9686307,0.99,0.9862151,0.99,0.9803283,0.9691401,0.9870476,0.9589566,0.99,0.97808844,0.95891577,0.97423613,0.9789602,0.9570716,0.96702886,0.9716579,0.87899,0.9327696,0.904935,0.9512106,0.8905714,0.9893074,0.9224882,0.91233593,0.94485766,0.9538433,0.93504804,0.9122549,0.95467705,0.9117432,0.9773494,0.9827135,0.9625017,0.9723221,0.8403477,0.97360826,0.95869815,0.99,0.9189878,0.9823341,0.9436838,0.8445694,0.8215083,0.9826382,0.84488565,0.9100414"
