type,key,value
latent_values,values,"0.99,0.99,0.99,0.99,0.99,0.99,0.99,0.99,0.99,0.99,0.99,0.99,0.99,0.99,0.99,0.99,0.99,0.99,0.99,0.99,0.99,0.99,0.99,0.99,0.99,0.99,0.99,0.99,0.99,0.99,0.99,0.99,0.99,0.99,0.99,0.99,0.99,0.99,0.99,0.99,0.99,0.99,0.99,0.99,0.99,0.99,0.99,0.99,0.99,0.99,0.99,0.99,0.99,0.98652875,0.98677206,0.99,0.99,0.99,0.99,0.97210765,0.99,0.99,0.97929186,0.9837917,0.9720984,0.99,0.99,0.96951926,0.983685,0.99,0.9833501,0.956864,0.9814797,0.99,0.99,0.9856107,0.95192903,0.96065015,0.9782886,0.9501087,0.9376549,0.9899002,0.9665191,0.9668119,0.967123,0.952243,0.9259339,0.98824257,0.98320335,0.94232595,0.9638947,0.9738236,0.9299644,0.96497023,0.99,0.9837383,0.9832257,0.9474558,0.99,0.9441485,0.8893867,0.9642628,0.98835355,0.9851133,0.9456124,0.8698791,0.95246065,0.9876984,0.9658412,0.90649325,0.92826617,0.98347604,0.96498173,0.9847923,0.98705053,0.9743547,0.9043682,0.9130319,0.98974824,0.9859591,0.9842313,0.96211153,0.96072924,0.84673035,0.9223239,0.8698186,0.9339499,0.97120583"
