type,key,value
latent_values,values,"0.99,0.99,0.99,0.99,0.99,0.99,0.99,0.99,0.99,0.99,0.99,0.99,0.99,0.99,0.99,0.99,0.99,0.99,0.99,0.99,0.99,0.99,0.99,0.99,0.99,0.99,0.99,0.99,0.99,0.99,0.99,0.99,0.99,0.99,0.99,0.99,0.99,0.99,0.99,0.99,0.99,0.99,0.99,0.99,0.99,0.99,0.99,0.99,0.99,0.99,0.99,0.99,0.99,0.99,0.9893564,0.9818074,0.99,0.99,0.9735849,0.9874378,0.99,0.99,0.9874812,0.97814274,0.99,0.99,0.9820374,0.9828827,0.9812927,0.99,0.99,0.9856819,0.9863047,0.97144437,0.97939616,0.96398234,0.95153576,0.9800382,0.9793858,0.9544064,0.94492435,0.98069525,0.9781757,0.9882552,0.99,0.99,0.9893058,0.9465234,0.99,0.9618117,0.99,0.9806182,0.96306187,0.97585016,0.94510585,0.9657907,0.9619675,0.98449874,0.9095595,0.9317956,0.8855439,0.9547766,0.8777339,0.96754014,0.9205899,0.90404975,0.95469034,0.93808246,0.92933726,0.95982695,0.9524365,0.92290115,0.95813537,0.98153377,0.9707951,0.9666896,0.86537975,0.9767207,0.9627336,0.98743767,0.8629496,0.9776596,0.97049844,0.8227621,0.81711787,0.9878287,0.83428323,0.92006093"
