type,key,value
latent_values,values,"0.99,0.99,0.99,0.99,0.99,0.99,0.99,0.99,0.99,0.99,0.99,0.99,0.99,0.99,0.99,0.99,0.99,0.99,0.99,0.99,0.99,0.99,0.99,0.99,0.99,0.99,0.99,0.99,0.99,0.99,0.99,0.99,0.99,0.99,0.99,0.99,0.99,0.99,0.99,0.99,0.99,0.99,0.99,0.99,0.99,0.99,0.99,0.99,0.99,0.99,0.99,0.9855159,0.99,0.99,0.9850957,0.9848172,0.98966634,0.99,0.99,0.98132825,0.99,0.99,0.9836607,0.98596144,0.97450083,0.99,0.99,0.9677261,0.9821169,0.99,0.9831523,0.97486186,0.98042476,0.98139304,0.9811281,0.982215,0.95351577,0.96256703,0.97777534,0.93914664,0.93568224,0.98491436,0.94640434,0.97288257,0.9654663,0.9225034,0.9203406,0.9856118,0.99,0.9583184,0.95382804,0.98813087,0.96766627,0.9664739,0.99,0.9702516,0.98246914,0.9419576,0.98529136,0.9608227,0.93402195,0.967358,0.9767069,0.9884598,0.92379946,0.8636232,0.94134194,0.9755111,0.95921,0.9178208,0.9300836,0.9789215,0.9115766,0.99,0.99,0.9857833,0.9718042,0.9116384,0.97145003,0.97096205,0.99,0.9477698,0.92881626,0.84647495,0.98199004,0.9105304,0.96799046,0.9752733"
