type,key,value
latent_values,values,"0.99,0.99,0.99,0.99,0.99,0.99,0.99,0.99,0.99,0.99,0.99,0.99,0.99,0.99,0.99,0.99,0.99,0.99,0.99,0.99,0.99,0.99,0.99,0.99,0.99,0.99,0.99,0.99,0.99,0.99,0.99,0.99,0.99,0.99,0.99,0.99,0.99,0.99,0.99,0.99,0.99,0.99,0.99,0.99,0.99,0.99,0.99,0.99,0.99,0.99,0.99,0.99,0.99,0.99,0.99,0.99,0.99,0.9846327,0.99,0.9825177,0.99,0.9888883,0.96983546,0.98398894,0.99,0.99,0.9662641,0.97196305,0.9809148,0.99,0.99,0.9570091,0.9400064,0.9350838,0.99,0.95381147,0.9504615,0.9879947,0.9798841,0.9818813,0.9605705,0.98985267,0.97215766,0.9348433,0.96778816,0.92693514,0.98636067,0.95232254,0.99,0.99,0.99,0.92414916,0.96573603,0.9785555,0.93234164,0.98073876,0.9865957,0.99,0.9891206,0.9258279,0.87519604,0.97366965,0.8700569,0.9105788,0.94485587,0.9777508,0.86120635,0.9865125,0.89091945,0.979342,0.9150752,0.9846659,0.9275734,0.99,0.97702706,0.9675315,0.98609877,0.95424044,0.98797506,0.88372797,0.86760616,0.94811445,0.98413676,0.86262137,0.85052073,0.9387673,0.8405256,0.89790654"
