type,key,value
latent_values,values,"0.99,0.99,0.99,0.99,0.99,0.99,0.99,0.99,0.99,0.99,0.99,0.99,0.99,0.99,0.99,0.99,0.99,0.99,0.99,0.99,0.99,0.99,0.99,0.99,0.99,0.99,0.99,0.99,0.99,0.99,0.99,0.99,0.99,0.99,0.99,0.99,0.99,0.99,0.99,0.99,0.99,0.99,0.99,0.99,0.99,0.99,0.99,0.99,0.99,0.99,0.99,0.98868185,0.99,0.9839295,0.9864217,0.99,0.99,0.99,0.99,0.976262,0.99,0.99,0.98065627,0.98167187,0.97436064,0.99,0.99,0.9727408,0.98595285,0.99,0.9821309,0.97220254,0.985312,0.9873747,0.99,0.9845973,0.94119877,0.96609896,0.9723882,0.94261163,0.93955743,0.9887747,0.9653333,0.98377055,0.97929525,0.9500844,0.9261904,0.99,0.9804432,0.9341499,0.96604264,0.9787257,0.9349317,0.96441853,0.99,0.95483446,0.9794237,0.92556083,0.9356888,0.95492595,0.9093765,0.95905745,0.9698235,0.99,0.93993086,0.87173235,0.9508731,0.9896866,0.97471756,0.8475972,0.93193555,0.9656684,0.97901136,0.9870001,0.99,0.98422825,0.9023953,0.90833217,0.9834496,0.9790745,0.9785589,0.9850192,0.93705827,0.86678565,0.94048125,0.9245593,0.9427145,0.96259797"
