type,key,value
latent_values,values,"0.99,0.99,0.99,0.99,0.99,0.99,0.99,0.99,0.99,0.99,0.99,0.99,0.99,0.99,0.99,0.99,0.99,0.99,0.99,0.99,0.99,0.99,0.99,0.99,0.99,0.99,0.99,0.99,0.99,0.99,0.99,0.99,0.99,0.99,0.99,0.99,0.99,0.99,0.99,0.99,0.99,0.99,0.99,0.99,0.99,0.99,0.99,0.99,0.99,0.99,0.99,0.99,0.99,0.97996795,0.9884397,0.9810865,0.99,0.99,0.97772855,0.97910553,0.99,0.99,0.9750324,0.98618436,0.98989034,0.9886136,0.99,0.979792,0.9816109,0.99,0.9889175,0.98977953,0.9862211,0.99,0.98703384,0.98219395,0.94729304,0.98221314,0.9665748,0.9448604,0.9410151,0.9893887,0.97320396,0.99,0.98336065,0.99,0.9582009,0.97916114,0.9750027,0.952209,0.9799277,0.99,0.9469513,0.97472453,0.9802505,0.9713717,0.97645694,0.9469247,0.91829705,0.96215934,0.91570646,0.9553886,0.9641241,0.98852795,0.9254368,0.88590646,0.96757334,0.95223784,0.96070325,0.8872842,0.9349672,0.9290148,0.9855066,0.9786795,0.97466236,0.98019624,0.8303883,0.9327205,0.9721194,0.9875028,0.9518943,0.97858036,0.9194084,0.8506495,0.867501,0.9358455,0.91266125,0.9523241"
