type,key,value
latent_values,values,"0.99,0.99,0.99,0.99,0.99,0.99,0.99,0.99,0.99,0.99,0.99,0.99,0.99,0.99,0.99,0.99,0.99,0.99,0.99,0.99,0.99,0.99,0.99,0.99,0.99,0.99,0.99,0.99,0.99,0.99,0.99,0.99,0.99,0.99,0.99,0.99,0.99,0.99,0.99,0.99,0.99,0.99,0.99,0.99,0.99,0.99,0.99,0.99,0.99,0.99,0.99,0.99,0.99,0.98605365,0.9566508,0.9642491,0.98829865,0.99,0.9550907,0.9452161,0.99,0.95512116,0.98699546,0.9435018,0.98904085,0.9749165,0.9880939,0.93051744,0.95410806,0.9668554,0.99,0.9875465,0.99,0.95987695,0.94112086,0.95945406,0.9182814,0.98337406,0.99,0.92483217,0.9782504,0.99,0.95342654,0.932283,0.95270765,0.9387456,0.8693874,0.99,0.93333787,0.9796843,0.85733694,0.9198016,0.86274064,0.9495076,0.96760017,0.85038906,0.9550637,0.929992,0.9542588,0.9345177,0.88092124,0.98406327,0.95455724,0.99,0.9673231,0.9779569,0.99,0.9497892,0.8913482,0.9871347,0.99,0.981366,0.9486596,0.9818922,0.9740499,0.903982,0.84262407,0.96072835,0.99,0.99,0.8297416,0.8961969,0.8535471,0.98433876,0.73311806,0.8422979,0.8508805,0.81968397"
