type,key,value
latent_values,values,"0.99,0.99,0.99,0.99,0.99,0.99,0.99,0.99,0.99,0.99,0.99,0.99,0.99,0.99,0.99,0.99,0.99,0.99,0.99,0.99,0.99,0.99,0.99,0.99,0.99,0.99,0.99,0.99,0.99,0.99,0.99,0.99,0.99,0.99,0.99,0.99,0.99,0.99,0.99,0.99,0.99,0.99,0.99,0.99,0.99,0.99,0.99,0.99,0.96838725,0.9887082,0.99,0.99,0.99,0.99,0.975824,0.99,0.9715154,0.98740375,0.9880162,0.99,0.97386813,0.97602975,0.9748873,0.9523187,0.95161057,0.9775117,0.9616736,0.937755,0.9593084,0.9672067,0.94303715,0.9775629,0.93343073,0.98795766,0.99,0.95477724,0.9108767,0.9222942,0.9306808,0.9514488,0.9457532,0.949803,0.9521977,0.99,0.97797436,0.89865845,0.9227514,0.9164108,0.895788,0.88024724,0.9851424,0.8981206,0.9398412,0.88799596,0.9193958,0.90153205,0.85717034,0.9552196,0.98460174,0.9559168,0.99,0.9424227,0.9790561,0.95088154,0.96418184,0.8566098,0.7982162,0.93040776,0.9668246,0.9666452,0.99,0.99,0.9064459,0.94149274,0.9813887,0.99,0.8415899,0.8933809,0.9687938,0.92784244,0.8002936,0.9774147,0.95723253,0.95843315,0.98343456,0.9156318,0.91914093,0.860095"
