type,key,value
latent_values,values,"0.99,0.99,0.99,0.99,0.99,0.99,0.99,0.99,0.99,0.99,0.99,0.99,0.99,0.99,0.99,0.99,0.99,0.99,0.99,0.99,0.99,0.99,0.99,0.99,0.99,0.99,0.99,0.99,0.99,0.99,0.99,0.99,0.99,0.99,0.99,0.99,0.99,0.99,0.99,0.99,0.99,0.99,0.99,0.99,0.99,0.99,0.99,0.99,0.98750985,0.99,0.98702353,0.99,0.9780927,0.99,0.9832892,0.98031735,0.99,0.99,0.9858872,0.98860854,0.99,0.98113775,0.99,0.9867827,0.9765859,0.9876479,0.99,0.98788905,0.99,0.9844095,0.9703612,0.98097855,0.9578454,0.9580178,0.96022,0.9322499,0.98747945,0.93323773,0.9748891,0.97337437,0.99,0.99,0.94941545,0.92517805,0.98150796,0.9060287,0.99,0.97443086,0.9471625,0.99,0.9899548,0.9389285,0.98293453,0.9773073,0.9878311,0.99,0.93256146,0.98679215,0.96317375,0.9847709,0.97635573,0.9646551,0.9425091,0.99,0.95694333,0.96366227,0.90431684,0.9662522,0.99,0.9569442,0.955234,0.92361975,0.88968927,0.99,0.9264472,0.89368665,0.9067214,0.99,0.89017254,0.97252715,0.9091841,0.9881451,0.9706515,0.84611547,0.9716487,0.7909495,0.9883729,0.85982674"
