type,key,value
latent_values,values,"0.99,0.99,0.99,0.99,0.99,0.99,0.99,0.99,0.99,0.99,0.99,0.99,0.99,0.99,0.99,0.99,0.99,0.99,0.99,0.99,0.99,0.99,0.99,0.99,0.99,0.99,0.99,0.99,0.99,0.99,0.99,0.99,0.99,0.99,0.99,0.99,0.99,0.99,0.99,0.99,0.99,0.99,0.99,0.99,0.99,0.99,0.99,0.99,0.99,0.99,0.99,0.99,0.99,0.9834281,0.99,0.99,0.9888305,0.9810634,0.99,0.97812766,0.99,0.99,0.96767825,0.99,0.9471411,0.99,0.99,0.9440682,0.93337643,0.9880631,0.972583,0.9610106,0.99,0.99,0.99,0.96787184,0.9175751,0.9737782,0.9807465,0.97547555,0.9521043,0.925838,0.92302656,0.95058155,0.98476565,0.95667535,0.99,0.8713207,0.9321642,0.95544875,0.9316754,0.889043,0.9221688,0.9600286,0.88999796,0.98212606,0.92495584,0.9691595,0.95787895,0.9844096,0.9282471,0.9884949,0.99,0.9483946,0.92753464,0.92556924,0.9835684,0.99,0.8310855,0.99,0.8631407,0.9386696,0.99,0.91614825,0.86955285,0.98515517,0.8962969,0.99,0.98797303,0.9352721,0.99,0.9216361,0.98820156,0.8960163,0.9629699,0.8820109,0.8588892,0.8354896"
