type,key,value
latent_values,values,"0.99,0.99,0.99,0.99,0.99,0.99,0.99,0.99,0.99,0.99,0.99,0.99,0.99,0.99,0.99,0.99,0.99,0.99,0.99,0.99,0.99,0.99,0.99,0.99,0.99,0.99,0.99,0.99,0.99,0.99,0.99,0.99,0.99,0.99,0.99,0.99,0.99,0.99,0.99,0.99,0.99,0.99,0.99,0.99,0.99,0.99,0.99,0.99,0.99,0.99,0.99,0.99,0.99,0.98190254,0.99,0.9812649,0.99,0.99,0.9773411,0.97669166,0.98948556,0.9829418,0.9660254,0.9627747,0.9785068,0.99,0.99,0.96858823,0.98503506,0.97998464,0.99,0.99,0.98686236,0.97502905,0.99,0.9804959,0.9354397,0.99,0.99,0.9788894,0.926144,0.9499236,0.98305345,0.9300946,0.961316,0.99,0.9225531,0.99,0.9670574,0.9483948,0.9494597,0.96414274,0.8879797,0.95208466,0.99,0.83171386,0.94497705,0.9634407,0.9424854,0.9787725,0.9240662,0.9327888,0.90442204,0.97211534,0.99,0.98065746,0.9849079,0.8977276,0.8234852,0.9494853,0.9817992,0.90525717,0.93858856,0.99,0.9078084,0.8292985,0.82587737,0.99,0.99,0.94728374,0.83817726,0.9768576,0.94985676,0.97559994,0.92973834,0.82930183,0.85283864,0.8913152"
