type,key,value
latent_values,values,"0.99,0.99,0.99,0.99,0.99,0.99,0.99,0.99,0.99,0.99,0.99,0.99,0.99,0.99,0.99,0.99,0.99,0.99,0.99,0.99,0.99,0.99,0.99,0.99,0.99,0.99,0.99,0.99,0.99,0.99,0.99,0.99,0.99,0.99,0.99,0.99,0.99,0.99,0.99,0.99,0.99,0.99,0.99,0.99,0.99,0.99,0.99,0.99,0.98054326,0.9876666,0.9814275,0.9771867,0.9852539,0.98469007,0.9765624,0.9732988,0.97236836,0.99,0.9721581,0.96801245,0.99,0.94005406,0.99,0.9477786,0.988852,0.9477955,0.97970086,0.9214696,0.9279361,0.9691749,0.9365422,0.99,0.96848136,0.99,0.96527886,0.9418097,0.99,0.97429216,0.94368,0.9764903,0.9313036,0.91494316,0.93731654,0.97482556,0.98505706,0.95188606,0.99,0.931991,0.9083832,0.99,0.95599,0.99,0.8851847,0.88562596,0.99,0.93873155,0.93020266,0.97997195,0.94670385,0.93661916,0.9847777,0.92962664,0.9809441,0.95522946,0.95772743,0.98787326,0.9571257,0.9308884,0.86006874,0.8969867,0.9058321,0.97250557,0.8420292,0.8749082,0.99,0.91759783,0.7977933,0.9421032,0.9696022,0.99,0.8463539,0.9505428,0.74941236,0.9721001,0.90786844,0.9457635,0.9700738,0.92620605"
