type,key,value
latent_values,values,"0.99,0.99,0.99,0.99,0.99,0.99,0.99,0.99,0.99,0.99,0.99,0.99,0.99,0.99,0.99,0.99,0.99,0.99,0.99,0.99,0.99,0.99,0.99,0.99,0.99,0.99,0.99,0.99,0.99,0.99,0.99,0.99,0.99,0.99,0.99,0.99,0.99,0.99,0.99,0.99,0.99,0.99,0.99,0.99,0.99,0.99,0.99,0.99,0.98843557,0.98365706,0.99,0.99,0.99,0.99,0.99,0.9881214,0.99,0.9817383,0.99,0.99,0.98886555,0.9893267,0.950278,0.9765319,0.9659452,0.9851288,0.9448913,0.92870367,0.96241105,0.9741846,0.99,0.9682596,0.98076886,0.99,0.99,0.97176456,0.98587805,0.92574084,0.99,0.90257716,0.9793106,0.9367057,0.9553591,0.9319739,0.9727048,0.99,0.9708069,0.90168417,0.95782816,0.93338746,0.9741384,0.884141,0.89580524,0.9164068,0.8876972,0.87332577,0.9557363,0.9094765,0.93726975,0.983678,0.96167123,0.99,0.8964313,0.942064,0.84964156,0.8885369,0.94048256,0.90709615,0.8690554,0.99,0.99,0.99,0.822353,0.92210233,0.9651195,0.99,0.783786,0.9508104,0.8707327,0.94271386,0.88201016,0.99,0.99,0.90973836,0.8165694,0.7745123,0.9067788,0.8585654"
