type,key,value
latent_values,values,"0.99,0.99,0.99,0.99,0.99,0.99,0.99,0.99,0.99,0.99,0.99,0.99,0.99,0.99,0.99,0.99,0.99,0.99,0.99,0.99,0.99,0.99,0.99,0.99,0.99,0.99,0.99,0.99,0.99,0.99,0.99,0.99,0.99,0.99,0.99,0.99,0.99,0.99,0.99,0.99,0.99,0.99,0.99,0.99,0.99,0.99,0.99,0.99,0.99,0.99,0.99,0.99,0.99,0.97662103,0.99,0.99,0.99,0.9739846,0.982772,0.9748493,0.9820033,0.98868984,0.98746485,0.9890365,0.95357287,0.99,0.98605245,0.97924846,0.9804551,0.99,0.9752195,0.97550935,0.9767028,0.9732736,0.9867867,0.94461143,0.9652611,0.96063215,0.9661148,0.9860129,0.99,0.99,0.9603529,0.984902,0.99,0.9439132,0.92479646,0.9302822,0.99,0.981731,0.9652635,0.8871723,0.97289157,0.96140337,0.9376765,0.96011144,0.9490145,0.98887193,0.8625749,0.99,0.9215058,0.97234285,0.91159517,0.9627342,0.99,0.99,0.94964725,0.98603934,0.9382336,0.87913144,0.99,0.99,0.8997196,0.99,0.9859725,0.9877125,0.8626221,0.9682993,0.9488507,0.99,0.988244,0.99,0.9884268,0.98236996,0.98622257,0.84965956,0.9057412,0.8618931"
