type,key,value
latent_values,values,"0.99,0.99,0.99,0.99,0.99,0.99,0.99,0.99,0.99,0.99,0.99,0.99,0.99,0.99,0.99,0.99,0.99,0.99,0.99,0.99,0.99,0.99,0.99,0.99,0.99,0.99,0.99,0.99,0.99,0.99,0.99,0.99,0.99,0.99,0.99,0.99,0.99,0.99,0.99,0.99,0.99,0.99,0.99,0.99,0.99,0.99,0.99,0.99,0.99,0.99,0.9799224,0.99,0.99,0.98449856,0.9735919,0.9726161,0.99,0.9836729,0.98850006,0.99,0.99,0.9849988,0.9751763,0.9791444,0.99,0.9713668,0.99,0.99,0.9857944,0.99,0.98931265,0.976407,0.98823637,0.9664325,0.9414787,0.9826355,0.9424304,0.9624625,0.98275244,0.97727746,0.99,0.9503025,0.9398802,0.9879544,0.95321083,0.96428156,0.9513284,0.98308104,0.9707686,0.94219345,0.9500221,0.9396539,0.99,0.9653063,0.9833306,0.9899328,0.9707954,0.95124185,0.9619547,0.94866896,0.9760679,0.9892131,0.9778497,0.984187,0.8899286,0.9590274,0.98651445,0.9085087,0.94347674,0.90779907,0.9407419,0.94892997,0.9201531,0.99,0.98521185,0.95634574,0.81642497,0.92244506,0.96818197,0.99,0.87785715,0.96521235,0.8634082,0.9458629,0.99,0.9535802,0.8514635,0.8846883"
