type,key,value
latent_values,values,"0.99,0.99,0.99,0.99,0.99,0.99,0.99,0.99,0.99,0.99,0.99,0.99,0.99,0.99,0.99,0.99,0.99,0.99,0.99,0.99,0.99,0.99,0.99,0.99,0.99,0.99,0.99,0.99,0.99,0.99,0.99,0.99,0.99,0.99,0.99,0.99,0.99,0.99,0.99,0.99,0.99,0.99,0.99,0.99,0.99,0.99,0.99,0.99,0.99,0.99,0.99,0.99,0.99,0.98709947,0.98445684,0.99,0.99,0.9749665,0.97451264,0.9785019,0.99,0.99,0.962182,0.9841293,0.9690281,0.9873916,0.99,0.9761939,0.99,0.99,0.9875198,0.9444357,0.9591184,0.9429334,0.99,0.94961196,0.99,0.99,0.9694573,0.95248055,0.9809044,0.99,0.97479075,0.9422672,0.99,0.943498,0.9671088,0.9153749,0.99,0.9647295,0.96571875,0.958138,0.96593565,0.9604269,0.98211783,0.9508403,0.99,0.94211906,0.9753323,0.936499,0.87777805,0.9782367,0.94145286,0.98641735,0.9624736,0.97267187,0.88381857,0.98793447,0.9490572,0.958066,0.9781344,0.98826826,0.9461684,0.97721034,0.99,0.97650564,0.87305284,0.9656457,0.94570553,0.8602613,0.9662006,0.99,0.97253156,0.9060836,0.9059655,0.9835827,0.89363873,0.92893887"
