type,key,value
latent_values,values,"0.99,0.99,0.99,0.99,0.99,0.99,0.99,0.99,0.99,0.99,0.99,0.99,0.99,0.99,0.99,0.99,0.99,0.99,0.99,0.99,0.99,0.99,0.99,0.99,0.99,0.99,0.99,0.99,0.99,0.99,0.99,0.99,0.99,0.99,0.99,0.99,0.99,0.99,0.99,0.99,0.99,0.99,0.99,0.99,0.99,0.99,0.99,0.99,0.9810336,0.99,0.99,0.99,0.99,0.97966796,0.9788095,0.99,0.9819927,0.98771155,0.97400856,0.99,0.98677564,0.96969086,0.99,0.9545078,0.9542099,0.99,0.99,0.9645991,0.96476364,0.9656952,0.96261895,0.96100944,0.9485339,0.9665515,0.9895918,0.9374841,0.96879935,0.94191384,0.93248916,0.97192097,0.97692853,0.96477836,0.9466877,0.9517316,0.99,0.9179516,0.9536211,0.8986189,0.9569648,0.97002345,0.99,0.92321557,0.99,0.91132694,0.9583135,0.9209407,0.88748133,0.96524775,0.89528495,0.9801736,0.99,0.9761457,0.97768664,0.99,0.96272224,0.9544083,0.8546535,0.99,0.97871935,0.9540403,0.99,0.9569349,0.9208455,0.96770084,0.9648795,0.9822018,0.86006665,0.8892793,0.9459032,0.99,0.9572718,0.99,0.8939493,0.98673254,0.97021997,0.916449,0.9131927,0.83199567"
