type,key,value
latent_values,values,"0.99,0.99,0.99,0.99,0.99,0.99,0.99,0.99,0.99,0.99,0.99,0.99,0.99,0.99,0.99,0.99,0.99,0.99,0.99,0.99,0.99,0.99,0.99,0.99,0.99,0.99,0.99,0.99,0.99,0.99,0.99,0.99,0.99,0.99,0.99,0.99,0.99,0.99,0.99,0.99,0.99,0.99,0.99,0.99,0.99,0.99,0.99,0.99,0.9752156,0.9886976,0.9866961,0.99,0.9811801,0.99,0.99,0.99,0.9783027,0.9830732,0.99,0.99,0.9724838,0.98783183,0.95009506,0.99,0.9372247,0.9604153,0.96820134,0.9287429,0.93845296,0.97053695,0.95101976,0.9851058,0.92313087,0.99,0.99,0.9816325,0.9219203,0.9856955,0.9352252,0.9772148,0.9068396,0.9699768,0.9737591,0.9886126,0.99,0.99,0.9344529,0.96690375,0.9506869,0.9203233,0.9775047,0.9697728,0.99,0.9205483,0.8885164,0.9158756,0.89811546,0.9570262,0.99,0.94491786,0.99,0.90983295,0.97241694,0.9612547,0.83813775,0.964171,0.84568805,0.9176937,0.9652019,0.99,0.9515118,0.9259824,0.9174413,0.8609595,0.9626191,0.99,0.8887865,0.99,0.92414606,0.9427596,0.91282666,0.8329072,0.97096276,0.9068614,0.97905564,0.98533565,0.99,0.8155942"
