type,key,value
latent_values,values,"0.99,0.99,0.99,0.99,0.99,0.99,0.99,0.99,0.99,0.99,0.99,0.99,0.99,0.99,0.99,0.99,0.99,0.99,0.99,0.99,0.99,0.99,0.99,0.99,0.99,0.99,0.99,0.99,0.99,0.99,0.99,0.99,0.99,0.99,0.99,0.99,0.99,0.99,0.99,0.99,0.99,0.99,0.99,0.99,0.99,0.99,0.99,0.99,0.9706758,0.99,0.99,0.9754017,0.9778901,0.99,0.99,0.99,0.9791184,0.98571587,0.99,0.99,0.97744584,0.9687171,0.9336579,0.9722515,0.9452788,0.9722812,0.9889879,0.98030055,0.9778422,0.96392787,0.95369554,0.99,0.9311605,0.99,0.98954785,0.9616576,0.96445656,0.9571952,0.9145297,0.99,0.9263823,0.9746241,0.930121,0.99,0.97565484,0.98792726,0.8868588,0.9500062,0.9454725,0.99,0.99,0.90902877,0.97968113,0.9335269,0.9422883,0.9426391,0.9250432,0.9662522,0.9471251,0.9612172,0.99,0.9440723,0.9762577,0.94740766,0.90682906,0.89441735,0.9803869,0.845598,0.9800439,0.99,0.89171237,0.90563244,0.9799146,0.908219,0.99,0.9575021,0.97410136,0.9828193,0.924568,0.93330055,0.9133121,0.8627,0.9812636,0.95649534,0.9576356,0.9463251,0.97290254,0.81544495"
