type,key,value
latent_values,values,"0.99,0.99,0.99,0.99,0.99,0.99,0.99,0.99,0.99,0.99,0.99,0.99,0.99,0.99,0.99,0.99,0.99,0.99,0.99,0.99,0.99,0.99,0.99,0.99,0.99,0.99,0.99,0.99,0.99,0.99,0.99,0.99,0.99,0.99,0.99,0.99,0.99,0.99,0.99,0.99,0.99,0.99,0.99,0.99,0.99,0.99,0.99,0.99,0.99,0.99,0.98377544,0.98997,0.99,0.9858126,0.9843996,0.9871274,0.99,0.9868653,0.99,0.99,0.99,0.9870634,0.97805923,0.9668246,0.99,0.99,0.97975594,0.99,0.9612769,0.99,0.99,0.9872952,0.98317957,0.99,0.9884119,0.9859492,0.95269185,0.99,0.9847389,0.9504224,0.9535209,0.9486799,0.9859151,0.9837968,0.99,0.99,0.99,0.95560515,0.94510233,0.9412763,0.9715884,0.99,0.98643064,0.92075664,0.95397735,0.9445376,0.99,0.9324337,0.99,0.9421737,0.94866353,0.98496634,0.8770934,0.9230638,0.8645751,0.99,0.97431505,0.99,0.96800035,0.9782125,0.94291234,0.9742084,0.9084166,0.911461,0.9682821,0.99,0.8371852,0.9189623,0.9424821,0.8558362,0.86964065,0.88262033,0.8915396,0.9431601,0.9828455,0.9679179,0.8986003,0.9234126"
