type,key,value
latent_values,values,"0.99,0.99,0.99,0.99,0.99,0.99,0.99,0.99,0.99,0.99,0.99,0.99,0.99,0.99,0.99,0.99,0.99,0.99,0.99,0.99,0.99,0.99,0.99,0.99,0.99,0.99,0.99,0.99,0.99,0.99,0.99,0.99,0.99,0.99,0.99,0.99,0.99,0.99,0.99,0.99,0.99,0.99,0.99,0.99,0.99,0.99,0.99,0.99,0.99,0.99,0.9770695,0.99,0.99,0.98742026,0.9849461,0.9760611,0.99,0.986721,0.9895332,0.99,0.99,0.99,0.98286563,0.9858498,0.9782179,0.9666593,0.99,0.99,0.99,0.9891578,0.99,0.99,0.9783677,0.97904277,0.9644422,0.98564565,0.9888556,0.98771507,0.98476666,0.98918766,0.9803755,0.9368787,0.9598459,0.9823818,0.960055,0.98826945,0.96948594,0.9328835,0.9679972,0.9348778,0.9821131,0.97988933,0.99,0.9851068,0.9854462,0.9808086,0.98822767,0.91919565,0.9755314,0.97398597,0.97478414,0.9858178,0.9791663,0.9451711,0.8791434,0.99,0.9508061,0.9403355,0.9129706,0.9532514,0.9403814,0.93735904,0.85074216,0.97977614,0.9752798,0.96861583,0.81018156,0.8445567,0.8817467,0.9340898,0.9113298,0.9138705,0.90471774,0.92993075,0.97678536,0.97676665,0.85956997,0.92257005"
