type,key,value
latent_values,values,"0.99,0.99,0.99,0.99,0.99,0.99,0.99,0.99,0.99,0.99,0.99,0.99,0.99,0.99,0.99,0.99,0.99,0.99,0.99,0.99,0.99,0.99,0.99,0.99,0.99,0.99,0.99,0.99,0.99,0.99,0.99,0.99,0.99,0.99,0.99,0.99,0.99,0.99,0.99,0.99,0.99,0.99,0.99,0.99,0.99,0.99,0.99,0.99,0.99,0.99,0.9890372,0.99,0.96748096,0.987935,0.95463365,0.96316624,0.99,0.9880908,0.9531229,0.9430791,0.99,0.9497632,0.98460734,0.9641309,0.97897846,0.9585404,0.9666312,0.9310646,0.9678077,0.9891557,0.95851016,0.9674449,0.99,0.97668976,0.9374067,0.9226386,0.9879242,0.97789544,0.99,0.920417,0.92305404,0.99,0.98827314,0.90159005,0.9315487,0.949951,0.9394625,0.99,0.94317627,0.9871946,0.91820645,0.9728843,0.9240697,0.88780975,0.98247814,0.8739429,0.951912,0.99,0.95374733,0.9551187,0.90137017,0.9316214,0.94184715,0.99,0.9594056,0.9735633,0.99,0.9603768,0.9209394,0.98250455,0.99,0.99,0.8630619,0.9806494,0.91524523,0.7546582,0.82907134,0.9814052,0.92220765,0.99,0.820545,0.8911457,0.8981262,0.9412038,0.7212116,0.76418424,0.9276097,0.8820045"
