type,key,value
latent_values,values,"0.99,0.99,0.99,0.99,0.99,0.99,0.99,0.99,0.99,0.99,0.99,0.99,0.99,0.99,0.99,0.99,0.99,0.99,0.99,0.99,0.99,0.99,0.99,0.99,0.99,0.99,0.99,0.99,0.99,0.99,0.99,0.99,0.99,0.99,0.99,0.99,0.99,0.99,0.99,0.99,0.99,0.99,0.99,0.99,0.99,0.99,0.99,0.99,0.9697807,0.97745895,0.99,0.99,0.99,0.989872,0.99,0.99,0.9762827,0.99,0.99,0.99,0.98114765,0.9641264,0.97306865,0.9559199,0.9650062,0.9802042,0.98673874,0.9405992,0.93907684,0.98647314,0.9331059,0.98965114,0.95837957,0.99,0.97671866,0.95966136,0.89249706,0.9373101,0.9350113,0.94976526,0.9644915,0.95719236,0.96806544,0.99,0.9881758,0.93416315,0.9746645,0.93448377,0.8732693,0.882722,0.9502715,0.9565371,0.9228895,0.88020515,0.86379343,0.97778887,0.89317626,0.97607774,0.98656386,0.9720325,0.9886955,0.9670187,0.97845477,0.94728893,0.96065354,0.9272866,0.8082569,0.9744854,0.9398637,0.9694634,0.97668976,0.9785892,0.9269379,0.9314681,0.99,0.96527666,0.8378297,0.9681426,0.9898891,0.93566716,0.7439198,0.9265327,0.92342204,0.9034812,0.986179,0.93644786,0.96379066,0.94613904"
