type,key,value
latent_values,values,"0.99,0.99,0.99,0.99,0.99,0.99,0.99,0.99,0.99,0.99,0.99,0.99,0.99,0.99,0.99,0.99,0.99,0.99,0.99,0.99,0.99,0.99,0.99,0.99,0.99,0.99,0.99,0.99,0.99,0.99,0.99,0.99,0.99,0.99,0.99,0.99,0.99,0.99,0.99,0.99,0.99,0.99,0.99,0.99,0.99,0.99,0.99,0.99,0.99,0.99,0.99,0.99,0.99,0.9839143,0.97270226,0.98627204,0.99,0.97848123,0.9832485,0.97562104,0.9886812,0.99,0.974769,0.9844288,0.9715145,0.98028207,0.9788204,0.99,0.98991436,0.98283166,0.95821595,0.99,0.9412242,0.95786923,0.97916305,0.939447,0.96185905,0.93982285,0.9338301,0.95982707,0.9862158,0.99,0.94238627,0.98473585,0.99,0.8898775,0.93839586,0.9229065,0.9462184,0.9557938,0.96993995,0.9668081,0.9257882,0.8997922,0.95228654,0.95197594,0.97387433,0.9246726,0.99,0.97874033,0.91551745,0.9793279,0.9657364,0.96122897,0.99,0.88721484,0.83835316,0.9741521,0.97128004,0.9599361,0.99,0.99,0.96881497,0.9888544,0.9849702,0.9877753,0.845977,0.9610276,0.94363916,0.839887,0.9804142,0.9884871,0.9762307,0.9595716,0.8837538,0.99,0.95886284,0.940101"
