type,key,value
latent_values,values,"0.99,0.99,0.99,0.99,0.99,0.99,0.99,0.99,0.99,0.99,0.99,0.99,0.99,0.99,0.99,0.99,0.99,0.99,0.99,0.99,0.99,0.99,0.99,0.99,0.99,0.99,0.99,0.99,0.99,0.99,0.99,0.99,0.99,0.99,0.99,0.99,0.99,0.99,0.99,0.99,0.99,0.99,0.99,0.99,0.99,0.99,0.99,0.99,0.9848517,0.9898217,0.9798085,0.9894062,0.97491926,0.9872559,0.97586167,0.99,0.9717977,0.99,0.99,0.99,0.99,0.97009116,0.9770638,0.9595908,0.98751503,0.9636525,0.99,0.97731364,0.9748388,0.9831165,0.93293923,0.98150295,0.94443774,0.99,0.9859337,0.9601299,0.9537597,0.9765097,0.9321673,0.98149914,0.9876735,0.9525912,0.96385425,0.9688047,0.99,0.9249957,0.9558531,0.9287476,0.9502594,0.9620358,0.98903006,0.95828944,0.98349416,0.90358305,0.9197242,0.9621,0.9396893,0.9398347,0.9856363,0.95097494,0.99,0.99,0.9819849,0.9879932,0.9039388,0.94976,0.81996953,0.97728795,0.9683861,0.95500064,0.977374,0.97917986,0.9153602,0.9896822,0.99,0.91438013,0.8903649,0.9683463,0.93361,0.92265993,0.8688557,0.8690828,0.8791783,0.9679104,0.9839705,0.97622746,0.99,0.9673372"
