type,key,value
latent_values,values,"0.99,0.99,0.99,0.99,0.99,0.99,0.99,0.99,0.99,0.99,0.99,0.99,0.99,0.99,0.99,0.99,0.99,0.99,0.99,0.99,0.99,0.99,0.99,0.99,0.99,0.99,0.99,0.99,0.99,0.99,0.99,0.99,0.99,0.99,0.99,0.99,0.99,0.99,0.99,0.99,0.99,0.99,0.99,0.99,0.99,0.99,0.99,0.99,0.99,0.99,0.98857206,0.99,0.99,0.96987003,0.96746045,0.9853286,0.99,0.9875391,0.9786083,0.9703104,0.99,0.9860471,0.99,0.9859884,0.985611,0.9714286,0.98491955,0.98892576,0.99,0.99,0.9574002,0.96613705,0.94507444,0.9702445,0.99,0.9368812,0.99,0.9460176,0.93869287,0.9742102,0.9865622,0.99,0.9422771,0.97612554,0.97845936,0.93340045,0.9320306,0.9140868,0.9705479,0.96991295,0.9693272,0.91111195,0.95058626,0.87399757,0.99,0.9787403,0.94600093,0.9478489,0.99,0.98120403,0.87306315,0.9787258,0.9882108,0.96962667,0.9731238,0.9222492,0.85296535,0.9651894,0.9695985,0.93527985,0.99,0.99,0.9154994,0.9812318,0.9849571,0.9702269,0.811783,0.99,0.94415736,0.91397303,0.99,0.95244867,0.9167031,0.9020754,0.90666646,0.85974014,0.95908904,0.94847804"
