type,key,value
latent_values,values,"0.99,0.99,0.99,0.99,0.99,0.99,0.99,0.99,0.99,0.99,0.99,0.99,0.99,0.99,0.99,0.99,0.99,0.99,0.99,0.99,0.99,0.99,0.99,0.99,0.99,0.99,0.99,0.99,0.99,0.99,0.99,0.99,0.99,0.99,0.99,0.99,0.99,0.99,0.99,0.99,0.99,0.99,0.99,0.99,0.99,0.99,0.99,0.99,0.99,0.99,0.99,0.99,0.98167366,0.98519194,0.9822339,0.9897151,0.98363125,0.9866573,0.99,0.9873351,0.9861245,0.97158796,0.96379805,0.98123074,0.96555066,0.955021,0.9835839,0.9877361,0.9884827,0.97326845,0.9425353,0.9834726,0.9442031,0.9719746,0.9566594,0.93768257,0.97149426,0.9356759,0.9334975,0.9697122,0.9843073,0.99,0.926768,0.9689285,0.99,0.91579235,0.9700541,0.89584893,0.95258594,0.99,0.97060317,0.9535491,0.9534758,0.9048666,0.9444322,0.961591,0.96588707,0.9448708,0.97590184,0.9821533,0.98526984,0.9860702,0.95002615,0.9670091,0.9399166,0.8845367,0.8660936,0.9776794,0.99,0.99,0.99,0.9860139,0.94805294,0.99,0.989026,0.9585715,0.90413934,0.9812867,0.9465312,0.8775726,0.9676173,0.93018395,0.934954,0.9599888,0.9498572,0.99,0.99,0.94503015"
