type,key,value
latent_values,values,"0.99,0.99,0.99,0.99,0.99,0.99,0.99,0.99,0.99,0.99,0.99,0.99,0.99,0.99,0.99,0.99,0.99,0.99,0.99,0.99,0.99,0.99,0.99,0.99,0.99,0.99,0.99,0.99,0.99,0.99,0.99,0.99,0.99,0.99,0.99,0.99,0.99,0.99,0.99,0.99,0.99,0.99,0.99,0.99,0.99,0.99,0.99,0.99,0.99,0.99,0.9839098,0.9887338,0.9733236,0.99,0.9734529,0.99,0.9862733,0.99,0.9891922,0.98882717,0.98823696,0.9730112,0.987214,0.9687078,0.97984004,0.9688459,0.99,0.972715,0.9814432,0.99,0.95413345,0.9745896,0.9551247,0.9658515,0.98467386,0.9446228,0.9830763,0.9774011,0.971429,0.9682189,0.9882863,0.99,0.9686083,0.9358026,0.99,0.89169014,0.95467436,0.9300247,0.9799314,0.9731431,0.99,0.8679332,0.97235054,0.9514206,0.95371413,0.9772762,0.9539138,0.9734203,0.95263857,0.95589536,0.99,0.99,0.9348731,0.98779374,0.93415886,0.9744595,0.8381393,0.9815982,0.97206336,0.956953,0.99,0.99,0.87756133,0.99,0.971479,0.891844,0.9241332,0.96238554,0.875299,0.9793955,0.88696873,0.98851395,0.9559539,0.9799239,0.96447134,0.89391404,0.9874158,0.9265247"
