type,key,value
latent_values,values,"0.99,0.99,0.99,0.99,0.99,0.99,0.99,0.99,0.99,0.99,0.99,0.99,0.99,0.99,0.99,0.99,0.99,0.99,0.99,0.99,0.99,0.99,0.99,0.99,0.99,0.99,0.99,0.99,0.99,0.99,0.99,0.99,0.99,0.99,0.99,0.99,0.99,0.99,0.99,0.99,0.99,0.99,0.99,0.99,0.99,0.99,0.99,0.99,0.96909606,0.9824532,0.99,0.99,0.9874887,0.99,0.99,0.99,0.96668345,0.9881506,0.99,0.99,0.9812828,0.9724452,0.97071373,0.9532532,0.95467776,0.97200453,0.96793616,0.95433444,0.95557684,0.96500087,0.9329902,0.99,0.9404596,0.98989767,0.9774996,0.96067214,0.9182512,0.9280239,0.92006165,0.9623198,0.9638875,0.971278,0.94920474,0.99,0.99,0.91600513,0.9133995,0.92099047,0.91964734,0.90125924,0.94430685,0.9490961,0.95101047,0.90592057,0.87372947,0.9628518,0.891656,0.9758966,0.9875698,0.97161883,0.99,0.97730756,0.9691597,0.9582339,0.9456373,0.86549443,0.80514705,0.9014535,0.99,0.99,0.99,0.97037995,0.9288509,0.9393604,0.99,0.9782616,0.8669838,0.95213073,0.94971603,0.90086424,0.8134883,0.8807821,0.95860744,0.94401884,0.97739995,0.99,0.9826138,0.8998292"
