type,key,value
latent_values,values,"0.99,0.99,0.99,0.99,0.99,0.99,0.99,0.99,0.99,0.99,0.99,0.99,0.99,0.99,0.99,0.99,0.99,0.99,0.99,0.99,0.99,0.99,0.99,0.99,0.99,0.99,0.99,0.99,0.99,0.99,0.99,0.99,0.99,0.99,0.99,0.99,0.99,0.99,0.99,0.99,0.99,0.99,0.99,0.99,0.99,0.99,0.99,0.99,0.97724146,0.99,0.99,0.98698145,0.9802305,0.97166526,0.98252577,0.99,0.97449774,0.99,0.97526705,0.99,0.9872814,0.9527503,0.9825106,0.9548469,0.9760699,0.9882729,0.99,0.98524445,0.9756873,0.960761,0.9368652,0.9755285,0.9663608,0.99,0.98367465,0.9225283,0.9821446,0.9323012,0.92140675,0.988927,0.9754374,0.967248,0.955969,0.9794397,0.99,0.9642281,0.9684321,0.911237,0.8987143,0.99,0.99,0.97085285,0.9631474,0.8737074,0.9800344,0.96871144,0.93348074,0.9529851,0.8845357,0.99,0.96733737,0.901147,0.99,0.9885867,0.9680858,0.9247338,0.93850756,0.9865304,0.972281,0.9128307,0.98297304,0.9584098,0.9346168,0.9697468,0.99,0.90800315,0.8840662,0.98498046,0.95664036,0.94099957,0.9094603,0.94766754,0.84475595,0.98144525,0.98503083,0.8524958,0.95895773,0.84609914"
