type,key,value
latent_values,values,"0.99,0.99,0.99,0.99,0.99,0.99,0.99,0.99,0.99,0.99,0.99,0.99,0.99,0.99,0.99,0.99,0.99,0.99,0.99,0.99,0.99,0.99,0.99,0.99,0.99,0.99,0.99,0.99,0.99,0.99,0.99,0.99,0.99,0.99,0.99,0.99,0.99,0.99,0.99,0.99,0.99,0.99,0.99,0.99,0.99,0.99,0.99,0.99,0.99,0.9850276,0.98032045,0.99,0.99,0.9890737,0.99,0.9813127,0.99,0.97818387,0.9877404,0.9753734,0.98082936,0.9843516,0.9544186,0.9885756,0.97077215,0.9580579,0.95137674,0.9759038,0.9618106,0.98342323,0.93733764,0.98792535,0.95456785,0.99,0.98787355,0.9476353,0.9049966,0.9473377,0.9298687,0.9832797,0.9568,0.99,0.9370865,0.99,0.9872385,0.96694803,0.9266389,0.9489657,0.92747295,0.9113274,0.95560336,0.9582598,0.93288034,0.9160598,0.92132276,0.9874898,0.9259108,0.94555074,0.9843225,0.9778267,0.9789416,0.9697003,0.95728254,0.9276337,0.94441557,0.9133275,0.8216363,0.86010057,0.9582704,0.9857125,0.99,0.94610745,0.99,0.94623,0.99,0.9894876,0.8633991,0.98503906,0.97068316,0.8700746,0.9531563,0.78396803,0.94344014,0.96961385,0.83302957,0.99,0.96495265,0.9077252"
