type,key,value
latent_values,values,"0.99,0.99,0.99,0.99,0.99,0.99,0.99,0.99,0.99,0.99,0.99,0.99,0.99,0.99,0.99,0.99,0.99,0.99,0.99,0.99,0.99,0.99,0.99,0.99,0.99,0.99,0.99,0.99,0.99,0.99,0.99,0.99,0.99,0.99,0.99,0.99,0.99,0.99,0.99,0.99,0.99,0.99,0.99,0.99,0.99,0.99,0.99,0.99,0.99,0.99,0.9859191,0.99,0.99,0.99,0.9895729,0.99,0.99,0.99,0.99,0.99,0.99,0.9844941,0.99,0.966166,0.99,0.99,0.99,0.962246,0.9540549,0.99,0.99,0.97961354,0.981346,0.99,0.99,0.9831351,0.92054176,0.9871738,0.9820312,0.9698295,0.9769904,0.9446994,0.98028785,0.99,0.98478794,0.9894099,0.955668,0.92675054,0.97626084,0.9494515,0.9816615,0.8882585,0.9689882,0.9771338,0.8881224,0.93478477,0.92044204,0.9591536,0.96706843,0.92039406,0.9586756,0.98866814,0.92098725,0.96974546,0.86959,0.99,0.99,0.9602995,0.88696843,0.9726542,0.94872344,0.99,0.8760055,0.92860574,0.99,0.98943794,0.838863,0.87833714,0.99,0.97931343,0.8417736,0.99,0.93835604,0.9095651,0.9434248,0.9803789,0.84739697,0.9200768"
