type,key,value
latent_values,values,"0.99,0.99,0.99,0.99,0.99,0.99,0.99,0.99,0.99,0.99,0.99,0.99,0.99,0.99,0.99,0.99,0.99,0.99,0.99,0.99,0.99,0.99,0.99,0.99,0.99,0.99,0.99,0.99,0.99,0.99,0.99,0.99,0.99,0.99,0.99,0.99,0.99,0.99,0.99,0.99,0.99,0.99,0.99,0.99,0.99,0.99,0.99,0.99,0.98025125,0.9786874,0.9890873,0.99,0.99,0.99,0.99,0.99,0.9785082,0.9813519,0.99,0.99,0.99,0.96410686,0.96568537,0.9756308,0.9665794,0.9757663,0.9889052,0.9401538,0.9425677,0.9874065,0.9407012,0.96524316,0.93680286,0.99,0.97368693,0.94280505,0.9626836,0.9356214,0.92117727,0.9563796,0.9827048,0.9716649,0.9351395,0.9785481,0.99,0.9480304,0.9856739,0.8925816,0.9401019,0.9607762,0.9568585,0.93836445,0.9799548,0.90709627,0.8751571,0.9515913,0.9000263,0.99,0.9864822,0.9558466,0.9756949,0.99,0.97655106,0.98079354,0.88665986,0.8853581,0.8480299,0.9679857,0.9782241,0.99,0.98682046,0.99,0.90772206,0.9199703,0.9803837,0.99,0.87393284,0.9744351,0.97018224,0.9172155,0.8903483,0.8810841,0.91918814,0.9266417,0.9777461,0.98391116,0.99,0.97651064"
