type,key,value
latent_values,values,"0.99,0.99,0.99,0.99,0.99,0.99,0.99,0.99,0.99,0.99,0.99,0.99,0.99,0.99,0.99,0.99,0.99,0.99,0.99,0.99,0.99,0.99,0.99,0.99,0.99,0.99,0.99,0.99,0.99,0.99,0.99,0.99,0.99,0.99,0.99,0.99,0.99,0.99,0.99,0.99,0.99,0.99,0.99,0.99,0.99,0.99,0.99,0.99,0.9743716,0.99,0.99,0.986165,0.99,0.99,0.99,0.97003186,0.9761099,0.99,0.9834733,0.99,0.99,0.96373093,0.95504326,0.9666879,0.99,0.99,0.99,0.954147,0.95558256,0.98433787,0.9759325,0.98841035,0.98182523,0.97744954,0.9811803,0.9363327,0.9744421,0.9603434,0.9747948,0.95194125,0.99,0.9314225,0.9577757,0.99,0.962293,0.9624094,0.9809513,0.95984614,0.94727635,0.9463876,0.99,0.9631313,0.9264678,0.99,0.95885414,0.9329107,0.8865704,0.99,0.9540676,0.9423954,0.98341614,0.9295919,0.9582205,0.99,0.8884136,0.9524036,0.934651,0.9523115,0.92140055,0.98571,0.99,0.9218521,0.8453289,0.9369636,0.9859096,0.9524189,0.82337534,0.9523709,0.9427537,0.99,0.802475,0.9871594,0.90110105,0.95932114,0.97188324,0.83885616,0.91989696,0.8069364"
