type,key,value
latent_values,values,"0.99,0.99,0.99,0.99,0.99,0.99,0.99,0.99,0.99,0.99,0.99,0.99,0.99,0.99,0.99,0.99,0.99,0.99,0.99,0.99,0.99,0.99,0.99,0.99,0.99,0.99,0.99,0.99,0.99,0.99,0.99,0.99,0.99,0.99,0.99,0.99,0.99,0.99,0.99,0.99,0.99,0.99,0.99,0.99,0.99,0.99,0.99,0.99,0.99,0.9899782,0.98267,0.99,0.99,0.9743781,0.9673816,0.9723065,0.99,0.98030806,0.95854795,0.96963364,0.99,0.97275746,0.98224103,0.98254836,0.9899884,0.9750757,0.99,0.99,0.9881599,0.99,0.960316,0.98984873,0.9273832,0.9566485,0.9855563,0.9211632,0.95358986,0.9628039,0.9166294,0.96052325,0.98472035,0.99,0.9420574,0.99,0.9852773,0.94769293,0.9604923,0.9507516,0.9412098,0.9696725,0.9719794,0.99,0.95605767,0.87909335,0.99,0.9616629,0.97780037,0.92652804,0.99,0.97919124,0.9437426,0.9807551,0.9574574,0.97073305,0.98816836,0.97975034,0.83279645,0.9492968,0.9333114,0.9334841,0.99,0.99,0.97917414,0.96370095,0.98696935,0.96901804,0.7988123,0.9753993,0.96278995,0.875634,0.97030336,0.96483195,0.85241807,0.93458074,0.86583203,0.99,0.8288208,0.8888803"
