type,key,value
latent_values,values,"0.99,0.99,0.99,0.99,0.99,0.99,0.99,0.99,0.99,0.99,0.99,0.99,0.99,0.99,0.99,0.99,0.99,0.99,0.99,0.99,0.99,0.99,0.99,0.99,0.99,0.99,0.99,0.99,0.99,0.99,0.99,0.99,0.99,0.99,0.99,0.99,0.99,0.99,0.99,0.99,0.99,0.99,0.99,0.99,0.99,0.99,0.99,0.99,0.99,0.99,0.98670036,0.99,0.99,0.98569256,0.99,0.9881228,0.99,0.98378456,0.99,0.98504514,0.99,0.99,0.98433065,0.99,0.9862048,0.97964007,0.97784144,0.99,0.96472764,0.99,0.9851931,0.99,0.98650014,0.9899699,0.973354,0.97942454,0.93844604,0.99,0.9802531,0.97090846,0.9514069,0.99,0.9726001,0.9862079,0.99,0.9614274,0.9854779,0.93466043,0.971763,0.9344915,0.95426506,0.972394,0.9703592,0.98073214,0.8910706,0.9705538,0.9831501,0.9432117,0.90422356,0.92801774,0.93245035,0.9700194,0.91953385,0.9664195,0.8912479,0.9455392,0.9673055,0.9441128,0.99,0.96451026,0.9609707,0.9630569,0.96744734,0.9520327,0.9075592,0.98975503,0.87991655,0.9507105,0.9627985,0.9608695,0.9893964,0.947942,0.95911056,0.94950736,0.9197714,0.99,0.96201664,0.9638732"
