type,key,value
latent_values,values,"0.99,0.99,0.99,0.99,0.99,0.99,0.99,0.99,0.99,0.99,0.99,0.99,0.99,0.99,0.99,0.99,0.99,0.99,0.99,0.99,0.99,0.99,0.99,0.99,0.99,0.99,0.99,0.99,0.99,0.99,0.99,0.99,0.99,0.99,0.99,0.99,0.99,0.99,0.99,0.99,0.99,0.99,0.99,0.99,0.99,0.99,0.99,0.99,0.9872582,0.99,0.99,0.99,0.99,0.98809654,0.9717707,0.99,0.9884544,0.9686668,0.98880726,0.9792305,0.97074795,0.99,0.95022583,0.99,0.94391096,0.98126453,0.9560583,0.98110574,0.97847253,0.9775672,0.94365716,0.9787729,0.9369315,0.966737,0.99,0.95458937,0.9121249,0.9579196,0.92390096,0.9695082,0.9209403,0.99,0.9472831,0.99,0.9754041,0.8793054,0.89252806,0.96555597,0.9319155,0.89136565,0.9887076,0.89104486,0.97018975,0.9411794,0.95180297,0.952176,0.8653888,0.99,0.99,0.962979,0.99,0.9248298,0.93530643,0.8960658,0.96040595,0.90570605,0.81315845,0.94072014,0.97082263,0.9834568,0.99,0.9613224,0.9480568,0.9604934,0.98561764,0.99,0.841797,0.95207036,0.95055115,0.93048775,0.95716417,0.87019795,0.99,0.9692385,0.9404881,0.827829,0.97571677,0.7875157"
