type,key,value
latent_values,values,"0.99,0.99,0.99,0.99,0.99,0.99,0.99,0.99,0.99,0.99,0.99,0.99,0.99,0.99,0.99,0.99,0.99,0.99,0.99,0.99,0.99,0.99,0.99,0.99,0.99,0.99,0.99,0.99,0.99,0.99,0.99,0.99,0.99,0.99,0.99,0.99,0.99,0.99,0.99,0.99,0.99,0.99,0.99,0.99,0.99,0.99,0.99,0.99,0.98602235,0.99,0.99,0.99,0.9861715,0.9880144,0.97260106,0.99,0.977395,0.98001635,0.99,0.99,0.9802337,0.98308265,0.98056734,0.9732735,0.96663845,0.96503586,0.9628549,0.9818717,0.9821105,0.964799,0.9464271,0.99,0.93992776,0.9667053,0.9701348,0.9483998,0.93516463,0.93250483,0.93308467,0.965498,0.97803044,0.98420835,0.9275353,0.97792697,0.99,0.87984,0.9281523,0.92684245,0.9327984,0.9246425,0.9758573,0.91411334,0.9662794,0.8850679,0.94077146,0.9817799,0.9418621,0.9265447,0.97671485,0.9815659,0.99,0.9864078,0.9764152,0.9487159,0.9639468,0.92637557,0.81638676,0.9492175,0.99,0.9646962,0.99,0.98283654,0.92026377,0.9898537,0.97700584,0.98817146,0.8669591,0.928389,0.90805197,0.91052246,0.93487877,0.96880263,0.9388528,0.9766343,0.96406806,0.97460955,0.9866427,0.88325095"
