type,key,value
latent_values,values,"0.99,0.99,0.99,0.99,0.99,0.99,0.99,0.99,0.99,0.99,0.99,0.99,0.99,0.99,0.99,0.99,0.99,0.99,0.99,0.99,0.99,0.99,0.99,0.99,0.99,0.99,0.99,0.99,0.99,0.99,0.99,0.99,0.99,0.99,0.99,0.99,0.99,0.99,0.99,0.99,0.99,0.99,0.99,0.99,0.99,0.99,0.99,0.99,0.99,0.99,0.98714453,0.97235346,0.98649627,0.99,0.9858536,0.97397745,0.99,0.9707013,0.99,0.97376454,0.98888636,0.99,0.9822012,0.99,0.97124666,0.9866944,0.9283428,0.99,0.98003525,0.97375554,0.9611491,0.9591524,0.941099,0.99,0.9762263,0.9721064,0.99,0.9647945,0.9363024,0.97590697,0.935337,0.9859437,0.9550301,0.9881584,0.99,0.9829686,0.978375,0.99,0.9854287,0.99,0.94174016,0.98731154,0.9832423,0.909302,0.986115,0.94855183,0.9731662,0.97746867,0.92983997,0.85866076,0.95461124,0.97637475,0.86844194,0.89434,0.9406465,0.99,0.99,0.8577206,0.9810392,0.9132769,0.9680018,0.9890206,0.9662109,0.8956859,0.99,0.99,0.9616304,0.9517177,0.9169598,0.99,0.985846,0.8825689,0.97631097,0.9488213,0.90123504,0.94874406,0.98741263,0.99"
