type,key,value
latent_values,values,"0.99,0.99,0.99,0.99,0.99,0.99,0.99,0.99,0.99,0.99,0.99,0.99,0.99,0.99,0.99,0.99,0.99,0.99,0.99,0.99,0.99,0.99,0.99,0.99,0.99,0.99,0.99,0.99,0.99,0.99,0.99,0.99,0.99,0.99,0.99,0.99,0.99,0.99,0.99,0.99,0.99,0.99,0.99,0.99,0.99,0.99,0.99,0.99,0.9833455,0.99,0.99,0.99,0.99,0.99,0.9842748,0.99,0.989741,0.99,0.98740435,0.99,0.97671515,0.9786894,0.9836379,0.95168066,0.9651285,0.9779376,0.9862308,0.98831254,0.99,0.99,0.96675557,0.9320869,0.99,0.982262,0.99,0.9797744,0.9502983,0.9792513,0.9826289,0.99,0.94602907,0.97149473,0.98519474,0.92996037,0.9818966,0.9663889,0.9465381,0.91999537,0.9638371,0.96103925,0.98651177,0.8733056,0.96073794,0.9669333,0.9681095,0.97621584,0.9607933,0.9606046,0.8812614,0.9827861,0.950934,0.9826134,0.95424056,0.9074232,0.9578823,0.90741116,0.98807555,0.99,0.9201846,0.8737667,0.94862515,0.9661108,0.9375526,0.99,0.90076536,0.77931076,0.90661013,0.8852972,0.99,0.98012644,0.8055104,0.96381795,0.9867781,0.96060765,0.98932123,0.92258793,0.88172394,0.8784745"
