type,key,value
latent_values,values,"0.99,0.99,0.99,0.99,0.99,0.99,0.99,0.99,0.99,0.99,0.99,0.99,0.99,0.99,0.99,0.99,0.99,0.99,0.99,0.99,0.99,0.99,0.99,0.99,0.99,0.99,0.99,0.99,0.99,0.99,0.99,0.99,0.99,0.99,0.99,0.99,0.99,0.99,0.99,0.99,0.99,0.99,0.99,0.99,0.99,0.99,0.99,0.99,0.99,0.99,0.9832076,0.980307,0.9893546,0.99,0.99,0.9717896,0.99,0.99,0.9857002,0.9795273,0.98945326,0.9871572,0.9866467,0.9770557,0.94536537,0.97433066,0.9504797,0.9737961,0.98793525,0.98194236,0.9819622,0.9855646,0.9229614,0.987409,0.9725957,0.9843759,0.98379886,0.97920346,0.94029164,0.9495343,0.91349244,0.9794156,0.9374349,0.9863972,0.98276114,0.99,0.9339703,0.99,0.9889181,0.99,0.9652452,0.99,0.95941794,0.89426136,0.9854428,0.9628177,0.9730533,0.9706281,0.96287674,0.9142418,0.99,0.9892772,0.92952394,0.9891379,0.9394861,0.99,0.9687763,0.88974416,0.97854567,0.90408593,0.99,0.94859934,0.9847609,0.9219496,0.99,0.9188659,0.96210605,0.8963937,0.9025624,0.9703581,0.9621924,0.87278104,0.9673201,0.8420252,0.87042665,0.975835,0.98895234,0.99"
