type,key,value
latent_values,values,"0.99,0.99,0.99,0.99,0.99,0.99,0.99,0.99,0.99,0.99,0.99,0.99,0.99,0.99,0.99,0.99,0.99,0.99,0.99,0.99,0.99,0.99,0.99,0.99,0.99,0.99,0.99,0.99,0.99,0.99,0.99,0.99,0.99,0.99,0.99,0.99,0.99,0.99,0.99,0.99,0.99,0.99,0.99,0.99,0.99,0.99,0.99,0.99,0.99,0.99,0.9876272,0.98097736,0.99,0.99,0.99,0.9732134,0.99,0.99,0.98781615,0.9656559,0.99,0.9880919,0.9841557,0.98460937,0.9743997,0.98437613,0.98121506,0.96544355,0.98684806,0.99,0.9790208,0.92916226,0.9400842,0.976258,0.9854541,0.9809811,0.99,0.9395162,0.9424407,0.9646379,0.9456401,0.98940426,0.9683232,0.97834593,0.9843306,0.97720295,0.94275373,0.99,0.99,0.99,0.96622086,0.98218054,0.94781244,0.927432,0.9824682,0.9487323,0.97038025,0.99,0.953402,0.9219019,0.98955405,0.99,0.87769264,0.909685,0.883553,0.94972205,0.98987556,0.88898224,0.9169712,0.91859126,0.99,0.97975177,0.978321,0.951186,0.99,0.9045035,0.95696986,0.89749247,0.9148102,0.99,0.97458386,0.8795175,0.9616095,0.8275592,0.84750044,0.9599292,0.92343694,0.99"
