type,key,value
latent_values,values,"0.99,0.99,0.99,0.99,0.99,0.99,0.99,0.99,0.99,0.99,0.99,0.99,0.99,0.99,0.99,0.99,0.99,0.99,0.99,0.99,0.99,0.99,0.99,0.99,0.99,0.99,0.99,0.99,0.99,0.99,0.99,0.99,0.99,0.99,0.99,0.99,0.99,0.99,0.99,0.99,0.99,0.99,0.99,0.99,0.99,0.99,0.99,0.99,0.99,0.99,0.98913205,0.97608745,0.99,0.99,0.99,0.97705805,0.99,0.98228717,0.99,0.9700496,0.98738754,0.98988414,0.9847753,0.9888911,0.9639301,0.9889399,0.9548241,0.9865798,0.98395663,0.97951096,0.9809533,0.9397821,0.9407004,0.99,0.9742614,0.97724354,0.99,0.95840734,0.9473691,0.96571964,0.9362427,0.9849401,0.9677569,0.97610795,0.97139794,0.99,0.98155177,0.99,0.9739012,0.99,0.9406045,0.99,0.9672394,0.89538044,0.98398584,0.9344447,0.9861898,0.9862063,0.9437446,0.872754,0.9727926,0.9822086,0.88147104,0.90355396,0.8915295,0.98958766,0.99,0.9109488,0.9419515,0.909088,0.99,0.99,0.9789144,0.8942373,0.99,0.9428149,0.9677598,0.9054102,0.893363,0.99,0.9839859,0.88311833,0.9714947,0.91080517,0.87222385,0.95213103,0.92790365,0.99"
