type,key,value
latent_values,values,"0.99,0.99,0.99,0.99,0.99,0.99,0.99,0.99,0.99,0.99,0.99,0.99,0.99,0.99,0.99,0.99,0.99,0.99,0.99,0.99,0.99,0.99,0.99,0.99,0.99,0.99,0.99,0.99,0.99,0.99,0.99,0.99,0.99,0.99,0.99,0.99,0.99,0.99,0.99,0.99,0.99,0.99,0.99,0.99,0.99,0.99,0.99,0.99,0.99,0.99,0.97609895,0.97775674,0.9835523,0.99,0.99,0.9800603,0.99,0.99,0.99,0.98001957,0.9736649,0.97847205,0.9752029,0.9717099,0.94743264,0.970874,0.9425503,0.99,0.96982443,0.97698087,0.9842124,0.98659366,0.9260863,0.99,0.962058,0.9783785,0.96379924,0.9892565,0.9553852,0.9797069,0.91434765,0.9892239,0.92821884,0.98105633,0.95265436,0.9884828,0.9672253,0.99,0.95808095,0.99,0.9530782,0.99,0.9690155,0.89755225,0.965682,0.98906493,0.97299135,0.9598067,0.96661067,0.924887,0.99,0.99,0.97259665,0.99,0.9295193,0.9783336,0.95525736,0.90876704,0.9878406,0.91277874,0.98352605,0.9651543,0.9841191,0.904935,0.987311,0.89487046,0.9631765,0.8080333,0.928144,0.9547543,0.9237493,0.8544873,0.9587904,0.9743679,0.9078705,0.9582201,0.99,0.98793817"
