type,key,value
latent_values,values,"0.99,0.99,0.99,0.99,0.99,0.99,0.99,0.99,0.99,0.99,0.99,0.99,0.99,0.99,0.99,0.99,0.99,0.99,0.99,0.99,0.99,0.99,0.99,0.99,0.99,0.99,0.99,0.99,0.99,0.99,0.99,0.99,0.99,0.99,0.99,0.99,0.99,0.99,0.99,0.99,0.99,0.99,0.99,0.99,0.99,0.99,0.99,0.99,0.99,0.99,0.98637277,0.97210246,0.99,0.99,0.99,0.972963,0.99,0.9872998,0.99,0.96427655,0.9868753,0.979963,0.9814711,0.9835713,0.98399496,0.9680546,0.9691158,0.9852216,0.97165555,0.98130965,0.99,0.9229879,0.91943246,0.99,0.97737527,0.9786157,0.9675758,0.94143564,0.9461519,0.98593813,0.9672909,0.99,0.9778907,0.9543976,0.9689884,0.9810327,0.97728676,0.99,0.9616407,0.99,0.9177367,0.99,0.9476323,0.95831376,0.99,0.94077307,0.99,0.9646239,0.9500037,0.91571194,0.99,0.99,0.8885439,0.8891156,0.8382122,0.95034665,0.97122073,0.8867804,0.96341914,0.942181,0.97927845,0.98667645,0.99,0.90041906,0.99,0.92754453,0.95942163,0.88005936,0.933579,0.99,0.97375685,0.9070675,0.92608774,0.9674918,0.87467843,0.9546211,0.96936125,0.98060375"
