type,key,value
latent_values,values,"0.99,0.99,0.99,0.99,0.99,0.99,0.99,0.99,0.99,0.99,0.99,0.99,0.99,0.99,0.99,0.99,0.99,0.99,0.99,0.99,0.99,0.99,0.99,0.99,0.99,0.99,0.99,0.99,0.99,0.99,0.99,0.99,0.99,0.99,0.99,0.99,0.99,0.99,0.99,0.99,0.99,0.99,0.99,0.99,0.99,0.99,0.99,0.99,0.99,0.98857445,0.98276037,0.98961467,0.97777224,0.99,0.99,0.99,0.99,0.99,0.99,0.9815113,0.9678422,0.97367847,0.96715933,0.9843547,0.9600285,0.99,0.9769071,0.99,0.9710599,0.9813742,0.9607983,0.99,0.95563954,0.97851205,0.99,0.9411346,0.98109055,0.98208195,0.98005784,0.99,0.9680602,0.94003,0.97805065,0.99,0.9554665,0.9828333,0.99,0.95992655,0.95653814,0.99,0.99,0.9642271,0.8959721,0.9376556,0.9082071,0.9302451,0.93036366,0.95347214,0.99,0.9894134,0.86634386,0.87271625,0.9626307,0.99,0.9636811,0.9334655,0.86078674,0.94560426,0.8693835,0.99,0.8756698,0.989706,0.8372195,0.93150944,0.98419803,0.88094956,0.8643292,0.99,0.9885871,0.8179965,0.8733306,0.83678377,0.98789555,0.9480879,0.95685536,0.957599,0.99,0.97290987"
