type,key,value
latent_values,values,"0.99,0.99,0.99,0.99,0.99,0.99,0.99,0.99,0.99,0.99,0.99,0.99,0.99,0.99,0.99,0.99,0.99,0.99,0.99,0.99,0.99,0.99,0.99,0.99,0.99,0.99,0.99,0.99,0.99,0.99,0.99,0.99,0.99,0.99,0.99,0.99,0.99,0.99,0.99,0.99,0.99,0.99,0.99,0.99,0.99,0.99,0.99,0.99,0.99,0.99,0.9894679,0.97930944,0.99,0.97728616,0.97990537,0.9717775,0.9895317,0.98572034,0.98736185,0.9896875,0.99,0.99,0.9667705,0.9849674,0.9505853,0.9727114,0.9703584,0.9809024,0.9896522,0.97781575,0.9891856,0.99,0.92307353,0.97672397,0.9675267,0.98252404,0.95356095,0.97771186,0.9395457,0.9291733,0.92619437,0.9818971,0.93445474,0.99,0.9701344,0.9688307,0.93170846,0.9178424,0.97288203,0.93790287,0.9333678,0.9881243,0.9781599,0.9224645,0.99,0.96831924,0.97393113,0.91393006,0.94156003,0.86709684,0.97598535,0.97595143,0.96763587,0.9708134,0.95381296,0.93263495,0.8247786,0.9335075,0.9869837,0.9310488,0.99,0.9496244,0.9072131,0.890597,0.99,0.9861039,0.85228145,0.9361065,0.8655787,0.8508552,0.9627491,0.8547838,0.9520461,0.8936148,0.97370833,0.954068,0.99,0.98621047"
