type,key,value
latent_values,values,"0.99,0.99,0.99,0.99,0.99,0.99,0.99,0.99,0.99,0.99,0.99,0.99,0.99,0.99,0.99,0.99,0.99,0.99,0.99,0.99,0.99,0.99,0.99,0.99,0.99,0.99,0.99,0.99,0.99,0.99,0.99,0.99,0.99,0.99,0.99,0.99,0.99,0.99,0.99,0.99,0.99,0.99,0.99,0.99,0.99,0.99,0.99,0.99,0.9881854,0.99,0.99,0.9763561,0.99,0.99,0.99,0.9802257,0.99,0.9729983,0.98940206,0.989457,0.99,0.98860097,0.962183,0.98179394,0.94918215,0.9810172,0.95137304,0.98887223,0.9766466,0.97046286,0.9539921,0.99,0.9538536,0.99,0.9731013,0.958364,0.986894,0.984614,0.9236644,0.97096103,0.91652745,0.9482126,0.893037,0.99,0.97878504,0.99,0.95758367,0.9375097,0.97478443,0.9854482,0.9692984,0.97490466,0.9859987,0.93647003,0.99,0.9589109,0.9650134,0.90416425,0.94257313,0.8618763,0.9507801,0.97796726,0.95565516,0.94585097,0.9754358,0.9357445,0.9844306,0.8437165,0.93909097,0.91833836,0.97685724,0.9768618,0.96596617,0.89851964,0.98896646,0.99,0.9291608,0.9529062,0.9312515,0.83002603,0.99,0.86920846,0.9596741,0.9791449,0.97849077,0.99,0.9294472,0.9764158"
