type,key,value
latent_values,values,"0.99,0.99,0.99,0.99,0.99,0.99,0.99,0.99,0.99,0.99,0.99,0.99,0.99,0.99,0.99,0.99,0.99,0.99,0.99,0.99,0.99,0.99,0.99,0.99,0.99,0.99,0.99,0.99,0.99,0.99,0.99,0.99,0.99,0.99,0.99,0.99,0.99,0.99,0.99,0.99,0.99,0.99,0.99,0.99,0.99,0.99,0.99,0.99,0.99,0.99,0.99,0.98097384,0.99,0.99,0.98807377,0.97793984,0.99,0.96715504,0.99,0.9733746,0.98427165,0.99,0.9771487,0.98988634,0.96069586,0.99,0.9435968,0.99,0.9890209,0.98115313,0.9771375,0.9730367,0.96143395,0.97130847,0.98179436,0.9740664,0.99,0.9577694,0.9541881,0.9768855,0.93901205,0.9862314,0.9510126,0.99,0.99,0.979537,0.93072414,0.99,0.99,0.9842355,0.9434616,0.9457432,0.9815721,0.9092924,0.98114073,0.9352499,0.9785026,0.98286784,0.95692754,0.87614685,0.8757941,0.9646532,0.8737283,0.8729616,0.9610551,0.99,0.99,0.86702555,0.9599813,0.9272293,0.99,0.98670447,0.9795011,0.9468809,0.99,0.99,0.94721925,0.9320349,0.93155235,0.99,0.99,0.9647035,0.99,0.96386725,0.943654,0.9594321,0.9188696,0.9581497"
