type,key,value
latent_values,values,"0.99,0.99,0.99,0.99,0.99,0.99,0.99,0.99,0.99,0.99,0.99,0.99,0.99,0.99,0.99,0.99,0.99,0.99,0.99,0.99,0.99,0.99,0.99,0.99,0.99,0.99,0.99,0.99,0.99,0.99,0.99,0.99,0.99,0.99,0.99,0.99,0.99,0.99,0.99,0.99,0.99,0.99,0.99,0.99,0.99,0.99,0.99,0.99,0.99,0.99,0.9756953,0.99,0.99,0.99,0.9857267,0.98466456,0.99,0.99,0.9798847,0.98641,0.99,0.99,0.98734874,0.96992475,0.9539684,0.9486283,0.9706116,0.9792739,0.98747987,0.99,0.95390147,0.99,0.9328658,0.9873563,0.99,0.99,0.9327062,0.989129,0.93328124,0.93124634,0.9054818,0.9876932,0.934156,0.9702604,0.97179836,0.9755945,0.9428669,0.9421834,0.9653483,0.9659093,0.9841391,0.97220343,0.95899755,0.89997965,0.9717231,0.9672603,0.9554854,0.95240915,0.95882195,0.9428941,0.99,0.99,0.9072645,0.98199373,0.9629447,0.9099036,0.8289275,0.9333052,0.9678474,0.9170118,0.9436652,0.9264728,0.99,0.9750247,0.8493384,0.8468349,0.93552804,0.86613834,0.96586376,0.83125436,0.9682271,0.8135523,0.9555667,0.8388197,0.8306397,0.99,0.9835898,0.99"
