type,key,value
latent_values,values,"0.99,0.99,0.99,0.99,0.99,0.99,0.99,0.99,0.99,0.99,0.99,0.99,0.99,0.99,0.99,0.99,0.99,0.99,0.99,0.99,0.99,0.99,0.99,0.99,0.99,0.99,0.99,0.99,0.99,0.99,0.99,0.99,0.99,0.99,0.99,0.99,0.99,0.99,0.99,0.99,0.99,0.99,0.99,0.99,0.99,0.99,0.99,0.99,0.97998935,0.99,0.99,0.9874523,0.9725722,0.97529507,0.9719899,0.99,0.9830632,0.9878483,0.9796049,0.99,0.97369474,0.957986,0.94509655,0.9569384,0.946816,0.95735,0.99,0.99,0.99,0.99,0.9677096,0.97772,0.9364152,0.9787624,0.97012585,0.9527294,0.96690327,0.99,0.9487254,0.978029,0.9226818,0.9706783,0.95283115,0.945647,0.9660773,0.97294503,0.9852021,0.91720635,0.9229413,0.99,0.9778785,0.94208944,0.98150927,0.9383339,0.94942546,0.9887768,0.97671616,0.9421619,0.9880952,0.9436171,0.9784397,0.9817185,0.99,0.9813502,0.95896006,0.93520314,0.8835201,0.97837585,0.95970064,0.9607549,0.97527164,0.98222953,0.9624864,0.96688205,0.989466,0.8838798,0.8816527,0.99,0.979266,0.86039233,0.83333606,0.8947531,0.9300874,0.9319276,0.9899337,0.87803364,0.96994644,0.893987"
