type,key,value
latent_values,values,"0.99,0.99,0.99,0.99,0.99,0.99,0.99,0.99,0.99,0.99,0.99,0.99,0.99,0.99,0.99,0.99,0.99,0.99,0.99,0.99,0.99,0.99,0.99,0.99,0.99,0.99,0.99,0.99,0.99,0.99,0.99,0.99,0.99,0.99,0.99,0.99,0.99,0.99,0.99,0.99,0.99,0.99,0.99,0.99,0.99,0.99,0.99,0.99,0.98577064,0.99,0.98770386,0.972597,0.99,0.99,0.99,0.98750556,0.99,0.9844511,0.99,0.99,0.9869438,0.9741533,0.98240757,0.9689906,0.94883734,0.99,0.93684715,0.9740889,0.9423464,0.9775453,0.9750136,0.99,0.95136553,0.99,0.98339087,0.96176296,0.9846383,0.9850574,0.94997466,0.99,0.90368205,0.93131626,0.9215539,0.98952127,0.9860056,0.988954,0.99,0.9829465,0.9515389,0.99,0.97622144,0.99,0.99,0.9082168,0.9321172,0.9490848,0.9270674,0.97872,0.962243,0.8744588,0.98217565,0.9857293,0.9535747,0.95038307,0.9379568,0.99,0.99,0.85869527,0.9435081,0.965855,0.92503875,0.9789987,0.9706294,0.84242886,0.99,0.98583424,0.9566946,0.8401814,0.93530613,0.94987077,0.9404377,0.9469312,0.94716966,0.9786425,0.98473877,0.9883148,0.9448956,0.9716114"
