type,key,value
latent_values,values,"0.99,0.99,0.99,0.99,0.99,0.99,0.99,0.99,0.99,0.99,0.99,0.99,0.99,0.99,0.99,0.99,0.99,0.99,0.99,0.99,0.99,0.99,0.99,0.99,0.99,0.99,0.99,0.99,0.99,0.99,0.99,0.99,0.99,0.99,0.99,0.99,0.99,0.99,0.99,0.99,0.99,0.99,0.99,0.99,0.99,0.99,0.99,0.99,0.99,0.99,0.9799218,0.98737067,0.9867583,0.96175086,0.99,0.98815525,0.968707,0.99,0.97505325,0.9893175,0.9790685,0.97485274,0.99,0.9523908,0.9497869,0.9418877,0.9603525,0.99,0.9884017,0.95695454,0.98682266,0.99,0.9613446,0.9291799,0.9665519,0.9866368,0.94918036,0.977587,0.98298013,0.99,0.90436876,0.92482984,0.9437095,0.9709576,0.9353906,0.97693586,0.9868546,0.97294307,0.9141371,0.9614307,0.91371495,0.99,0.9109933,0.87715745,0.98184615,0.9616948,0.8897378,0.97825307,0.9762098,0.93595624,0.9864722,0.926792,0.9714838,0.96816576,0.9769914,0.96747524,0.8230109,0.8779567,0.9853594,0.93253374,0.96753764,0.92488146,0.98856163,0.9894876,0.95398396,0.83331984,0.87751496,0.82059956,0.9843817,0.91972584,0.9355448,0.9393978,0.8307613,0.9496017,0.97845733,0.80111945,0.90388787,0.9610503"
