type,key,value
latent_values,values,"0.99,0.99,0.99,0.99,0.99,0.99,0.99,0.99,0.99,0.99,0.99,0.99,0.99,0.99,0.99,0.99,0.99,0.99,0.99,0.99,0.99,0.99,0.99,0.99,0.99,0.99,0.99,0.99,0.99,0.99,0.99,0.99,0.99,0.99,0.99,0.99,0.99,0.99,0.99,0.99,0.99,0.99,0.99,0.99,0.99,0.99,0.99,0.99,0.99,0.99,0.988671,0.98858887,0.99,0.97864574,0.99,0.98362803,0.99,0.98244554,0.98764664,0.97924924,0.98635274,0.99,0.9609895,0.9841444,0.9419949,0.9748139,0.9813617,0.99,0.97054595,0.9803944,0.9870829,0.99,0.9727889,0.97146523,0.9793713,0.9770095,0.98199683,0.98704904,0.97878903,0.99,0.9346164,0.99,0.9513167,0.99,0.9815661,0.965366,0.9725532,0.9550078,0.9623092,0.9884044,0.9674743,0.9887655,0.9451726,0.96801656,0.9448189,0.97695154,0.968062,0.9484233,0.99,0.9011041,0.9845203,0.97990763,0.95656025,0.99,0.915863,0.9414524,0.8855661,0.99,0.9788409,0.97982985,0.9821455,0.9661893,0.9768065,0.94327384,0.99,0.9520327,0.87551403,0.87797767,0.91887075,0.82157165,0.9896517,0.8323801,0.9756188,0.9801026,0.8594969,0.982615,0.99,0.94501597"
