type,key,value
latent_values,values,"0.99,0.99,0.99,0.99,0.99,0.99,0.99,0.99,0.99,0.99,0.99,0.99,0.99,0.99,0.99,0.99,0.99,0.99,0.99,0.99,0.99,0.99,0.99,0.99,0.99,0.99,0.99,0.99,0.99,0.99,0.99,0.99,0.99,0.99,0.99,0.99,0.99,0.99,0.99,0.99,0.99,0.99,0.99,0.99,0.99,0.99,0.99,0.99,0.980741,0.99,0.99,0.98124844,0.97984755,0.9845185,0.99,0.99,0.96544194,0.99,0.9848625,0.99,0.9822115,0.96940917,0.9718137,0.94462484,0.9692762,0.979276,0.9740809,0.98918813,0.97746503,0.9759846,0.93922985,0.97795826,0.97379154,0.99,0.99,0.9506478,0.99,0.98937577,0.94013274,0.9796933,0.9559144,0.9560013,0.9673159,0.96547824,0.9792259,0.97054845,0.9678087,0.90202105,0.9516545,0.9874043,0.99,0.94139206,0.97044885,0.9594262,0.96014094,0.99,0.98265284,0.9019098,0.87908566,0.9731104,0.92048067,0.89609545,0.9896136,0.99,0.99,0.85301965,0.9305925,0.9409637,0.99,0.8677583,0.911722,0.96736485,0.9010489,0.9344195,0.9441391,0.81367373,0.91224176,0.84700364,0.96020156,0.86790043,0.8694356,0.94871306,0.95986223,0.98681366,0.9715541,0.94361526,0.99,0.9365289"
