type,key,value
latent_values,values,"0.99,0.99,0.99,0.99,0.99,0.99,0.99,0.99,0.99,0.99,0.99,0.99,0.99,0.99,0.99,0.99,0.99,0.99,0.99,0.99,0.99,0.99,0.99,0.99,0.99,0.99,0.99,0.99,0.99,0.99,0.99,0.99,0.99,0.99,0.99,0.99,0.99,0.99,0.99,0.99,0.99,0.99,0.99,0.99,0.99,0.99,0.99,0.99,0.99,0.99,0.9874709,0.9752572,0.97610503,0.9780682,0.99,0.99,0.9832194,0.99,0.9765434,0.9597866,0.9668966,0.96428436,0.99,0.980674,0.95370317,0.9681585,0.98749316,0.99,0.97909963,0.9801194,0.9789537,0.9840408,0.96023405,0.97134674,0.9529734,0.95015085,0.9868043,0.98215336,0.98389393,0.99,0.9472313,0.9425524,0.99,0.9894222,0.99,0.966236,0.9856714,0.95619553,0.9514334,0.9875391,0.98163617,0.9154872,0.87299466,0.98156697,0.9162611,0.9828841,0.92424387,0.97515637,0.89887536,0.99,0.9155332,0.84212494,0.91327786,0.97595006,0.9746466,0.92395014,0.9276774,0.92298186,0.9277108,0.85169554,0.99,0.97063273,0.9263827,0.97821856,0.99,0.8462948,0.8777075,0.90033287,0.91669095,0.96392906,0.8829478,0.9824681,0.9881216,0.98070747,0.99,0.7760898,0.978008,0.9796027"
