type,key,value
latent_values,values,"0.99,0.99,0.99,0.99,0.99,0.99,0.99,0.99,0.99,0.99,0.99,0.99,0.99,0.99,0.99,0.99,0.99,0.99,0.99,0.99,0.99,0.99,0.99,0.99,0.99,0.99,0.99,0.99,0.99,0.99,0.99,0.99,0.99,0.99,0.99,0.99,0.99,0.99,0.99,0.99,0.99,0.99,0.99,0.99,0.99,0.99,0.99,0.99,0.99,0.99,0.98964787,0.9724987,0.99,0.99,0.99,0.9814036,0.99,0.98063743,0.99,0.9818065,0.99,0.9737261,0.97384226,0.9738606,0.99,0.97294754,0.98021257,0.9279538,0.92876166,0.98661345,0.99,0.9206708,0.96372294,0.98998547,0.9839502,0.99,0.980248,0.92423415,0.98636746,0.99,0.9859906,0.9288698,0.97656834,0.9679757,0.9823622,0.98240185,0.99,0.9863074,0.94030917,0.986293,0.9402697,0.97323865,0.9068572,0.9648682,0.99,0.95427084,0.96061945,0.9804317,0.96244544,0.88170713,0.9680254,0.99,0.8780187,0.846022,0.83401406,0.92530644,0.9890731,0.8930781,0.90915346,0.88467264,0.847556,0.92823833,0.95155054,0.89228207,0.99,0.99,0.9229184,0.96275395,0.98508734,0.9835044,0.8561534,0.99,0.9483286,0.97861516,0.98717904,0.9795401,0.98571354,0.9481492"
