type,key,value
latent_values,values,"0.99,0.99,0.99,0.99,0.99,0.99,0.99,0.99,0.99,0.99,0.99,0.99,0.99,0.99,0.99,0.99,0.99,0.99,0.99,0.99,0.99,0.99,0.99,0.99,0.99,0.99,0.99,0.99,0.99,0.99,0.99,0.99,0.99,0.99,0.99,0.99,0.99,0.99,0.99,0.99,0.99,0.99,0.99,0.99,0.99,0.99,0.99,0.99,0.9840047,0.99,0.9761287,0.9765844,0.98510754,0.99,0.99,0.9859539,0.99,0.9854431,0.99,0.99,0.9823428,0.9664873,0.99,0.95951194,0.9547822,0.99,0.944088,0.983035,0.9371563,0.9767155,0.9781096,0.97903335,0.92189974,0.99,0.9668682,0.9716676,0.95814276,0.9864351,0.9352733,0.99,0.91377294,0.96487457,0.9469689,0.9598829,0.9687999,0.99,0.99,0.99,0.9445837,0.99,0.9603589,0.99,0.99,0.8912779,0.93823516,0.97541416,0.94480085,0.99,0.93521464,0.8901678,0.9855797,0.98626083,0.91452456,0.9874497,0.94355047,0.99,0.99,0.875053,0.989006,0.9094287,0.905653,0.94840604,0.98203313,0.84657747,0.99,0.93495387,0.97088856,0.8964959,0.95752704,0.9704211,0.86796117,0.86960614,0.9482756,0.97431463,0.9657824,0.98878604,0.97495735,0.98554564"
