type,key,value
latent_values,values,"0.99,0.99,0.99,0.99,0.99,0.99,0.99,0.99,0.99,0.99,0.99,0.99,0.99,0.99,0.99,0.99,0.99,0.99,0.99,0.99,0.99,0.99,0.99,0.99,0.99,0.99,0.99,0.99,0.99,0.99,0.99,0.99,0.99,0.99,0.99,0.99,0.99,0.99,0.99,0.99,0.99,0.99,0.99,0.99,0.99,0.99,0.99,0.99,0.99,0.99,0.99,0.9754463,0.99,0.99,0.9843491,0.9689309,0.99,0.9778782,0.99,0.970996,0.99,0.99,0.9817851,0.99,0.99,0.978501,0.94504184,0.9775284,0.9836268,0.97931325,0.9790676,0.93508464,0.9266541,0.99,0.979308,0.97461754,0.99,0.94250244,0.9352249,0.95887184,0.9588351,0.98468554,0.95992285,0.9810478,0.9893976,0.9897586,0.97503227,0.99,0.99,0.99,0.90600085,0.9798234,0.96829295,0.92216164,0.99,0.9342924,0.975048,0.9820331,0.9433162,0.8726372,0.9602875,0.99,0.8775607,0.8766259,0.9054062,0.94862646,0.9879138,0.83621484,0.98187894,0.9353247,0.99,0.9850832,0.9844952,0.8802036,0.9643639,0.99,0.94564545,0.97748226,0.90022117,0.99,0.99,0.9316888,0.956611,0.9101126,0.8843116,0.94353265,0.96498615,0.99"
