type,key,value
latent_values,values,"0.99,0.99,0.99,0.99,0.99,0.99,0.99,0.99,0.99,0.99,0.99,0.99,0.99,0.99,0.99,0.99,0.99,0.99,0.99,0.99,0.99,0.99,0.99,0.99,0.99,0.99,0.99,0.99,0.99,0.99,0.99,0.99,0.99,0.99,0.99,0.99,0.99,0.99,0.99,0.99,0.99,0.99,0.99,0.99,0.99,0.99,0.99,0.99,0.99,0.99,0.99,0.98566127,0.99,0.9736724,0.9671596,0.96872747,0.99,0.97720486,0.99,0.9858406,0.99,0.99,0.98647904,0.99,0.9468191,0.98325324,0.99,0.9875328,0.99,0.9763614,0.97825664,0.98808634,0.9831967,0.94686484,0.9656035,0.9824014,0.99,0.9346412,0.9805922,0.95238036,0.9576076,0.99,0.9816251,0.99,0.9754102,0.91106296,0.9621379,0.99,0.90856725,0.9258469,0.9651335,0.99,0.9695407,0.9373493,0.99,0.95664036,0.9828774,0.940729,0.98367846,0.86722153,0.92117363,0.9680657,0.9696902,0.919124,0.8745412,0.99,0.88827276,0.9873922,0.99,0.96066904,0.9838139,0.95584655,0.94264525,0.9836139,0.99,0.9736596,0.8645839,0.9244488,0.8577135,0.97019655,0.99,0.91407293,0.9627059,0.9153191,0.9472938,0.96251976,0.99,0.95325184"
