type,key,value
latent_values,values,"0.99,0.99,0.99,0.99,0.99,0.99,0.99,0.99,0.99,0.99,0.99,0.99,0.99,0.99,0.99,0.99,0.99,0.99,0.99,0.99,0.99,0.99,0.99,0.99,0.99,0.99,0.99,0.99,0.99,0.99,0.99,0.99,0.99,0.99,0.99,0.99,0.99,0.99,0.99,0.99,0.99,0.99,0.99,0.99,0.99,0.99,0.99,0.99,0.99,0.99,0.9827498,0.9798215,0.97926056,0.99,0.99,0.98296016,0.99,0.98780507,0.9845357,0.9829484,0.9765213,0.9771056,0.9718416,0.96478766,0.9421534,0.98079777,0.9479772,0.99,0.9625218,0.973292,0.98138535,0.99,0.9259645,0.99,0.9714271,0.9632732,0.97244966,0.99,0.9455527,0.9753406,0.90805036,0.98428535,0.9279987,0.9772733,0.94407237,0.99,0.96375257,0.99,0.9712635,0.99,0.98065954,0.9732393,0.97204715,0.91410947,0.9326945,0.9765259,0.983349,0.9547989,0.95999795,0.91805506,0.99,0.9892066,0.92199713,0.99,0.98153514,0.9626161,0.9860974,0.83115983,0.97156584,0.9175465,0.97586316,0.98131686,0.98424166,0.8561126,0.99,0.9194239,0.96145093,0.8944465,0.9337748,0.88137203,0.95281893,0.8780945,0.9835509,0.97037023,0.87729347,0.99,0.96636784,0.9768551"
