type,key,value
latent_values,values,"0.99,0.99,0.99,0.99,0.99,0.99,0.99,0.99,0.99,0.99,0.99,0.99,0.99,0.99,0.99,0.99,0.99,0.99,0.99,0.99,0.99,0.99,0.99,0.99,0.99,0.99,0.99,0.99,0.99,0.99,0.99,0.99,0.99,0.99,0.99,0.99,0.99,0.99,0.99,0.99,0.99,0.99,0.99,0.99,0.99,0.99,0.99,0.99,0.99,0.99,0.99,0.98465776,0.97031116,0.97353566,0.9834457,0.99,0.97451586,0.99,0.9842526,0.99,0.9873594,0.9676312,0.97063655,0.95265985,0.986555,0.96372956,0.99,0.99,0.99,0.9745852,0.99,0.98656875,0.96653146,0.9811575,0.97041696,0.95718956,0.99,0.98418725,0.9775691,0.98850375,0.9598137,0.9698027,0.96551985,0.9701939,0.9854319,0.97700703,0.9641623,0.90612966,0.9740911,0.9899483,0.97030133,0.9547824,0.983437,0.966777,0.99,0.99,0.9778975,0.91935956,0.97623837,0.96978974,0.9228666,0.9160189,0.99,0.99,0.98581165,0.89080065,0.921321,0.9658527,0.99,0.97867155,0.9888909,0.9106555,0.91360676,0.9188686,0.9738387,0.8427969,0.8979726,0.9583311,0.9033293,0.84933597,0.8953615,0.97291225,0.94172764,0.92281646,0.9710636,0.8944159,0.98847026,0.87540674"
