type,key,value
latent_values,values,"0.99,0.99,0.99,0.99,0.99,0.99,0.99,0.99,0.99,0.99,0.99,0.99,0.99,0.99,0.99,0.99,0.99,0.99,0.99,0.99,0.99,0.99,0.99,0.99,0.99,0.99,0.99,0.99,0.99,0.99,0.99,0.99,0.99,0.99,0.99,0.99,0.99,0.99,0.99,0.99,0.99,0.99,0.99,0.99,0.99,0.99,0.99,0.99,0.99,0.99,0.9772096,0.9752801,0.9846343,0.99,0.99,0.98265076,0.99,0.9885596,0.9829376,0.9804915,0.9755828,0.9812604,0.9665179,0.9731388,0.9393956,0.96863735,0.95456403,0.99,0.97863734,0.9740893,0.96317124,0.99,0.9276743,0.99,0.974732,0.97085804,0.99,0.99,0.9285818,0.96995616,0.9245962,0.9876151,0.9194421,0.99,0.9576723,0.99,0.9315292,0.96717495,0.97432333,0.99,0.9850137,0.94948465,0.96357864,0.95683086,0.96299565,0.9635016,0.9800295,0.92407775,0.970782,0.9177971,0.99,0.99,0.93089473,0.99,0.9583977,0.9374661,0.9780818,0.860058,0.9707181,0.9305162,0.9506752,0.9865556,0.9708084,0.87258404,0.98894215,0.91084117,0.9494241,0.82234764,0.937006,0.8237136,0.9659667,0.81906676,0.98950225,0.95608187,0.86446726,0.99,0.9772627,0.99"
