type,key,value
latent_values,values,"0.99,0.99,0.99,0.99,0.99,0.99,0.99,0.99,0.99,0.99,0.99,0.99,0.99,0.99,0.99,0.99,0.99,0.99,0.99,0.99,0.99,0.99,0.99,0.99,0.99,0.99,0.99,0.99,0.99,0.99,0.99,0.99,0.99,0.99,0.99,0.99,0.99,0.99,0.99,0.99,0.99,0.99,0.99,0.99,0.99,0.99,0.99,0.99,0.99,0.99,0.98677164,0.9733405,0.9814003,0.99,0.97998685,0.9740521,0.99,0.9776908,0.99,0.98739076,0.9818062,0.9835333,0.9856137,0.9777544,0.9532311,0.977202,0.926607,0.9864982,0.9818981,0.9702802,0.97634923,0.9766156,0.92166674,0.99,0.9625103,0.97899306,0.9801211,0.97284395,0.9464349,0.9571183,0.9281659,0.96374923,0.9484501,0.98315454,0.97681665,0.99,0.98541594,0.99,0.96603256,0.99,0.9374618,0.9850034,0.98227686,0.91153115,0.9834698,0.9448546,0.97336537,0.9707908,0.92970014,0.86012596,0.97465944,0.9881748,0.88534987,0.9436506,0.9555607,0.99,0.98834515,0.8279179,0.99,0.9001995,0.98522335,0.98290455,0.9737063,0.88263506,0.9837287,0.99,0.96705496,0.9597342,0.92876506,0.99,0.91878253,0.9183338,0.9849826,0.92749345,0.9539514,0.97016716,0.99,0.9871668"
