type,key,value
latent_values,values,"0.99,0.99,0.99,0.99,0.99,0.99,0.99,0.99,0.99,0.99,0.99,0.99,0.99,0.99,0.99,0.99,0.99,0.99,0.99,0.99,0.99,0.99,0.99,0.99,0.99,0.99,0.99,0.99,0.99,0.99,0.99,0.99,0.99,0.99,0.99,0.99,0.99,0.99,0.99,0.99,0.99,0.99,0.99,0.99,0.99,0.99,0.99,0.99,0.99,0.99,0.97707117,0.9787185,0.97774684,0.99,0.99,0.99,0.99,0.99,0.970518,0.9420994,0.9868092,0.982131,0.99,0.9786137,0.9813107,0.9892128,0.98020434,0.99,0.98062104,0.99,0.94296455,0.9759403,0.99,0.99,0.98571116,0.9441108,0.9454644,0.99,0.9772604,0.99,0.94310975,0.99,0.9855604,0.92023575,0.99,0.89122224,0.99,0.9840247,0.9893031,0.96628356,0.97889817,0.9056399,0.9734002,0.9638158,0.9685252,0.8670953,0.900095,0.98610455,0.84552175,0.99,0.91732115,0.8989579,0.8107707,0.956974,0.99,0.8837259,0.99,0.96135813,0.85430914,0.81741244,0.8515699,0.8933167,0.94046617,0.99,0.8838037,0.7558066,0.9420066,0.9240271,0.9744948,0.91078347,0.93409854,0.902815,0.99,0.9734132,0.96480757,0.86278856,0.8794032,0.99"
