type,key,value
latent_values,values,"0.99,0.99,0.99,0.99,0.99,0.99,0.99,0.99,0.99,0.99,0.99,0.99,0.99,0.99,0.99,0.99,0.99,0.99,0.99,0.99,0.99,0.99,0.99,0.99,0.99,0.99,0.99,0.99,0.99,0.99,0.99,0.99,0.99,0.99,0.99,0.99,0.99,0.99,0.99,0.99,0.99,0.99,0.99,0.99,0.99,0.99,0.99,0.99,0.99,0.9892813,0.99,0.99,0.99,0.9840906,0.99,0.97950214,0.99,0.9677464,0.99,0.978596,0.99,0.99,0.9818923,0.99,0.9560748,0.99,0.9387282,0.9409577,0.9366649,0.98449177,0.98871756,0.98964316,0.9603555,0.99,0.9887477,0.96512073,0.96257424,0.9813753,0.97017294,0.99,0.91185534,0.99,0.9399025,0.99,0.9834127,0.99,0.9885775,0.99,0.99,0.9754451,0.923643,0.99,0.98614997,0.921731,0.94701815,0.94210905,0.929016,0.99,0.9429094,0.85827154,0.895247,0.9681339,0.93088186,0.9674216,0.98602456,0.97787994,0.95127285,0.889005,0.97790354,0.89858484,0.9824587,0.95051414,0.93603265,0.8473713,0.92041993,0.99,0.91641784,0.99,0.95251644,0.8868363,0.99,0.91014826,0.99,0.94541985,0.9830429,0.99,0.9530833,0.9734548"
