type,key,value
latent_values,values,"0.99,0.99,0.99,0.99,0.99,0.99,0.99,0.99,0.99,0.99,0.99,0.99,0.99,0.99,0.99,0.99,0.99,0.99,0.99,0.99,0.99,0.99,0.99,0.99,0.99,0.99,0.99,0.99,0.99,0.99,0.99,0.99,0.99,0.99,0.99,0.99,0.99,0.99,0.99,0.99,0.99,0.99,0.99,0.99,0.99,0.99,0.99,0.99,0.99,0.99,0.99,0.97595775,0.99,0.99,0.9877527,0.9794231,0.99,0.9821333,0.99,0.97043115,0.99,0.99,0.9864457,0.9842756,0.97924006,0.9879101,0.9677396,0.98192024,0.9844379,0.9805777,0.9783481,0.9258843,0.9406545,0.984575,0.9770973,0.9766271,0.99,0.9407961,0.9446612,0.9686983,0.9594267,0.9829265,0.9737612,0.97490436,0.9649396,0.9575185,0.9666566,0.99,0.9727721,0.96998876,0.93928176,0.9800643,0.96074957,0.9332109,0.98752993,0.93842095,0.9864476,0.9812893,0.9576148,0.8748666,0.983883,0.9898395,0.88842136,0.8756593,0.87499595,0.9623193,0.99,0.89513046,0.9292744,0.9169816,0.99,0.99,0.9691702,0.8998771,0.99,0.9607009,0.9722998,0.8887934,0.8942167,0.99,0.9752873,0.8917267,0.95796216,0.9110988,0.8621767,0.9590528,0.8797497,0.99"
