type,key,value
latent_values,values,"0.99,0.99,0.99,0.99,0.99,0.99,0.99,0.99,0.99,0.99,0.99,0.99,0.99,0.99,0.99,0.99,0.99,0.99,0.99,0.99,0.99,0.99,0.99,0.99,0.99,0.99,0.99,0.99,0.99,0.99,0.99,0.99,0.99,0.99,0.99,0.99,0.99,0.99,0.99,0.99,0.99,0.99,0.99,0.99,0.99,0.99,0.99,0.99,0.99,0.99,0.9828904,0.9746226,0.98765296,0.99,0.99,0.9804013,0.99,0.97795504,0.99,0.97974414,0.98406947,0.98444885,0.9899278,0.9786064,0.95010453,0.9791846,0.92792785,0.99,0.94804984,0.97315586,0.98087853,0.9872253,0.9239209,0.99,0.9575359,0.9795749,0.9586984,0.9757907,0.9556918,0.98556,0.91559064,0.97729856,0.9506178,0.9604285,0.9692149,0.99,0.99,0.99,0.96298033,0.99,0.9331919,0.99,0.9677693,0.90141594,0.9347004,0.98943526,0.97999567,0.9675706,0.9462281,0.87884665,0.98227185,0.9860624,0.92759806,0.97372645,0.95396656,0.98807883,0.9566587,0.8294717,0.99,0.9317072,0.89464,0.9717072,0.9813723,0.86389565,0.99,0.99,0.9467085,0.9682122,0.9356477,0.99,0.95018494,0.8889007,0.95958126,0.9676993,0.8941478,0.97586423,0.99,0.99"
