type,key,value
latent_values,values,"0.99,0.99,0.99,0.99,0.99,0.99,0.99,0.99,0.99,0.99,0.99,0.99,0.99,0.99,0.99,0.99,0.99,0.99,0.99,0.99,0.99,0.99,0.99,0.99,0.99,0.99,0.99,0.99,0.99,0.99,0.99,0.99,0.99,0.99,0.99,0.99,0.99,0.99,0.99,0.99,0.99,0.99,0.99,0.99,0.99,0.99,0.99,0.99,0.99,0.99,0.99,0.9849543,0.9806705,0.99,0.9825546,0.9807823,0.99,0.99,0.9848522,0.97571087,0.99,0.9792447,0.99,0.9610244,0.9674928,0.97970414,0.9597859,0.97164905,0.9864418,0.98251677,0.9703577,0.9663824,0.9285382,0.98977697,0.9858829,0.9576336,0.99,0.96338654,0.93998176,0.9524733,0.923954,0.975256,0.97055155,0.96292764,0.96482867,0.98096305,0.96175814,0.99,0.9875303,0.98783004,0.99,0.98897135,0.97532266,0.8897012,0.97616994,0.943501,0.9712179,0.99,0.96489376,0.9563747,0.99,0.98142475,0.87194943,0.9143652,0.9875351,0.9893318,0.9843334,0.85713184,0.91891986,0.92158955,0.99,0.9772255,0.9701479,0.88905185,0.99,0.87939465,0.975407,0.9439181,0.93387765,0.99,0.9760985,0.9480488,0.9443638,0.834273,0.8409901,0.9499752,0.8761123,0.9688303"
