type,key,value
latent_values,values,"0.99,0.99,0.99,0.99,0.99,0.99,0.99,0.99,0.99,0.99,0.99,0.99,0.99,0.99,0.99,0.99,0.99,0.99,0.99,0.99,0.99,0.99,0.99,0.99,0.99,0.99,0.99,0.99,0.99,0.99,0.99,0.99,0.99,0.99,0.99,0.99,0.99,0.99,0.99,0.99,0.99,0.99,0.99,0.99,0.99,0.99,0.99,0.99,0.99,0.99,0.99,0.99,0.99,0.9753899,0.99,0.99,0.99,0.99,0.97181016,0.95089006,0.9757229,0.96500844,0.9715407,0.98201567,0.954924,0.98627895,0.9707088,0.9408116,0.9546153,0.9876844,0.99,0.95879644,0.95958084,0.98291487,0.98708296,0.9567696,0.99,0.98580563,0.97657233,0.96216017,0.9576144,0.95321375,0.98484313,0.9425494,0.99,0.9773791,0.98746926,0.87137604,0.97281176,0.99,0.9701946,0.9088732,0.86175525,0.9609103,0.8796336,0.85943097,0.9239038,0.99,0.8871451,0.9877158,0.8956857,0.8533104,0.9267775,0.99,0.9858629,0.9344812,0.94971424,0.93511593,0.84325475,0.98673207,0.99,0.99,0.88318557,0.9459984,0.99,0.91797197,0.8271281,0.90903926,0.9769557,0.9889179,0.90630865,0.98397255,0.989373,0.9601765,0.9486949,0.7755224,0.96074593,0.98208296"
