type,key,value
latent_values,values,"0.99,0.99,0.99,0.99,0.99,0.99,0.99,0.99,0.99,0.99,0.99,0.99,0.99,0.99,0.99,0.99,0.99,0.99,0.99,0.99,0.99,0.99,0.99,0.99,0.99,0.99,0.99,0.99,0.99,0.99,0.99,0.99,0.99,0.99,0.99,0.99,0.99,0.99,0.99,0.99,0.99,0.99,0.99,0.99,0.99,0.99,0.99,0.99,0.99,0.9831129,0.97069,0.98381954,0.99,0.99,0.99,0.9785843,0.99,0.98009706,0.98633194,0.95739055,0.97720504,0.98425317,0.96827114,0.99,0.9628707,0.97825426,0.99,0.95348424,0.9390772,0.98151964,0.99,0.9619586,0.9349661,0.91733164,0.95403117,0.99,0.95029837,0.9768736,0.963713,0.9897351,0.93784237,0.9704021,0.99,0.99,0.98353696,0.9763076,0.9076979,0.9428201,0.9561804,0.9309351,0.8909332,0.99,0.86057574,0.8902985,0.9194741,0.93993556,0.8968779,0.98010457,0.96106625,0.8939969,0.89913887,0.8990298,0.9890749,0.87546897,0.80456996,0.99,0.85435236,0.95489097,0.8895587,0.93961924,0.9383655,0.8616467,0.8859014,0.9269927,0.9032901,0.86821467,0.8321749,0.9071511,0.79682356,0.9289654,0.8734184,0.99,0.9612109,0.945054,0.97125435,0.85794735,0.95066786,0.9862297"
