type,key,value
latent_values,values,"0.99,0.99,0.99,0.99,0.99,0.99,0.99,0.99,0.99,0.99,0.99,0.99,0.99,0.99,0.99,0.99,0.99,0.99,0.99,0.99,0.99,0.99,0.99,0.99,0.99,0.99,0.99,0.99,0.99,0.99,0.99,0.99,0.99,0.99,0.99,0.99,0.99,0.99,0.99,0.99,0.99,0.99,0.99,0.99,0.99,0.99,0.99,0.99,0.99,0.9876739,0.9757622,0.9784831,0.9783978,0.99,0.99,0.96195847,0.99,0.9654274,0.9757248,0.94799685,0.99,0.987418,0.97514236,0.99,0.9481398,0.9871665,0.99,0.9381085,0.9489042,0.98792505,0.9346542,0.9784666,0.95976025,0.99,0.93857366,0.9583822,0.96386564,0.9560827,0.9415629,0.94702965,0.99,0.99,0.9768591,0.9379761,0.9673162,0.949084,0.99,0.99,0.947401,0.99,0.9692672,0.9580047,0.98147,0.98963016,0.90330994,0.88367426,0.8644702,0.9741276,0.985558,0.8751278,0.930076,0.9600243,0.92341757,0.9820993,0.8573005,0.986995,0.93962705,0.9691611,0.825724,0.94453484,0.8178058,0.9413553,0.83518827,0.99,0.91331506,0.8609538,0.79718417,0.9187723,0.93328065,0.9751897,0.97950864,0.9488571,0.98234636,0.8723737,0.8234316,0.76374036,0.99,0.99"
