type,key,value
latent_values,values,"0.99,0.99,0.99,0.99,0.99,0.99,0.99,0.99,0.99,0.99,0.99,0.99,0.99,0.99,0.99,0.99,0.99,0.99,0.99,0.99,0.99,0.99,0.99,0.99,0.99,0.99,0.99,0.99,0.99,0.99,0.99,0.99,0.99,0.99,0.99,0.99,0.99,0.99,0.99,0.99,0.99,0.99,0.99,0.99,0.99,0.99,0.99,0.99,0.99,0.9862444,0.99,0.9833715,0.96427476,0.983827,0.9876658,0.99,0.9794336,0.99,0.9806325,0.99,0.9785476,0.9829683,0.98015857,0.9792315,0.9569282,0.95064586,0.97445524,0.99,0.96697396,0.95079637,0.9332028,0.99,0.9294371,0.99,0.98787135,0.972247,0.95107555,0.9587532,0.9189003,0.97421664,0.9274196,0.98718536,0.977831,0.9748025,0.9858121,0.9762746,0.9542179,0.9325469,0.9052376,0.99,0.95655775,0.9329754,0.99,0.8818315,0.91975236,0.9813709,0.94988626,0.91956484,0.99,0.8668912,0.93589133,0.8527801,0.97467554,0.8997065,0.9054494,0.93804175,0.83969027,0.95558476,0.99,0.99,0.8873121,0.98289627,0.99,0.9207218,0.8652202,0.8532414,0.945109,0.9440064,0.9605323,0.9312043,0.99,0.9041108,0.946004,0.9883574,0.8512907,0.82112277,0.9703144,0.9033822"
