type,key,value
latent_values,values,"0.99,0.99,0.99,0.99,0.99,0.99,0.99,0.99,0.99,0.99,0.99,0.99,0.99,0.99,0.99,0.99,0.99,0.99,0.99,0.99,0.99,0.99,0.99,0.99,0.99,0.99,0.99,0.99,0.99,0.99,0.99,0.99,0.99,0.99,0.99,0.99,0.99,0.99,0.99,0.99,0.99,0.99,0.99,0.99,0.99,0.99,0.99,0.99,0.9871488,0.9896178,0.9866963,0.98965865,0.99,0.99,0.99,0.9842473,0.9870998,0.99,0.9852596,0.99,0.99,0.97612286,0.99,0.98763746,0.99,0.97999513,0.982259,0.9468878,0.9357727,0.9806131,0.959244,0.9815943,0.94791204,0.95934993,0.9866121,0.98212016,0.99,0.95693165,0.91968566,0.98289996,0.93871385,0.982032,0.96734095,0.9714682,0.980957,0.98053455,0.92294496,0.99,0.9481211,0.99,0.9756278,0.98913455,0.98780847,0.8913738,0.97530097,0.97254395,0.9683495,0.9890636,0.98970026,0.87585914,0.8757131,0.8449344,0.9229107,0.89038736,0.832138,0.9662366,0.99,0.92925495,0.99,0.93956125,0.8108953,0.90431565,0.99,0.9514979,0.858672,0.84138817,0.99,0.8970343,0.9503676,0.92551863,0.9560665,0.99,0.9185531,0.96604204,0.9004513,0.99,0.9503151,0.8722912"
