type,key,value
latent_values,values,"0.99,0.99,0.99,0.99,0.99,0.99,0.99,0.99,0.99,0.99,0.99,0.99,0.99,0.99,0.99,0.99,0.99,0.99,0.99,0.99,0.99,0.99,0.99,0.99,0.99,0.99,0.99,0.99,0.99,0.99,0.99,0.99,0.99,0.99,0.99,0.99,0.99,0.99,0.99,0.99,0.99,0.99,0.99,0.99,0.99,0.99,0.99,0.99,0.99,0.99,0.985266,0.9746583,0.98570645,0.9884984,0.99,0.979879,0.9888986,0.9812085,0.9822649,0.99,0.9832088,0.97137076,0.98236585,0.99,0.9712726,0.99,0.99,0.97248286,0.93500847,0.96803623,0.97329044,0.9559764,0.92516994,0.9514206,0.9614004,0.9897776,0.981994,0.9482799,0.9204543,0.9755331,0.97176695,0.9715846,0.98649,0.9865018,0.9800375,0.99,0.9298471,0.99,0.92972046,0.99,0.9232878,0.99,0.95980453,0.9159241,0.95825595,0.9759841,0.9765087,0.97018266,0.9876622,0.85728496,0.8749702,0.8500733,0.98286635,0.94585073,0.8106564,0.9823052,0.94477445,0.92611265,0.99,0.95743555,0.8177185,0.95699614,0.9888406,0.9209223,0.9154902,0.8669568,0.9319737,0.8639597,0.88585865,0.99,0.90904623,0.989541,0.91967034,0.98689514,0.96808887,0.9601216,0.96847117,0.9591367"
