type,key,value
latent_values,values,"0.99,0.99,0.99,0.99,0.99,0.99,0.99,0.99,0.99,0.99,0.99,0.99,0.99,0.99,0.99,0.99,0.99,0.99,0.99,0.99,0.99,0.99,0.99,0.99,0.99,0.99,0.99,0.99,0.99,0.99,0.99,0.99,0.99,0.99,0.99,0.99,0.99,0.99,0.99,0.99,0.99,0.99,0.99,0.99,0.99,0.99,0.99,0.99,0.98373735,0.9768778,0.99,0.98335546,0.9870909,0.98535794,0.99,0.99,0.98299575,0.98572373,0.99,0.99,0.9866302,0.97822696,0.97248685,0.96501106,0.9592989,0.99,0.9801636,0.99,0.95904905,0.9550133,0.94566417,0.9814161,0.93565434,0.98650944,0.9686359,0.98480684,0.9604792,0.93842554,0.9125278,0.9501455,0.9612919,0.96649003,0.9882453,0.9577138,0.99,0.9744258,0.9704796,0.9084983,0.91065574,0.9885072,0.98365676,0.99,0.99,0.9024054,0.91363984,0.9784398,0.99,0.9401003,0.9249927,0.8789542,0.88943774,0.87812966,0.9583091,0.91290784,0.9404016,0.983423,0.88213956,0.98031664,0.9847814,0.99,0.8110912,0.9015469,0.93220407,0.92049676,0.88977414,0.87504506,0.909569,0.88551736,0.99,0.9715802,0.94020003,0.9331612,0.9519665,0.95380414,0.9699595,0.97072905,0.99,0.9715066"
