type,key,value
latent_values,values,"0.99,0.99,0.99,0.99,0.99,0.99,0.99,0.99,0.99,0.99,0.99,0.99,0.99,0.99,0.99,0.99,0.99,0.99,0.99,0.99,0.99,0.99,0.99,0.99,0.99,0.99,0.99,0.99,0.99,0.99,0.99,0.99,0.99,0.99,0.99,0.99,0.99,0.99,0.99,0.99,0.99,0.99,0.99,0.99,0.99,0.99,0.99,0.99,0.98347634,0.99,0.99,0.98109823,0.98439723,0.97758245,0.99,0.9830455,0.98468935,0.98332345,0.9771598,0.99,0.975464,0.96592486,0.96807766,0.99,0.955492,0.9897316,0.99,0.99,0.9881231,0.9679724,0.9336444,0.98506004,0.97552586,0.9807926,0.958018,0.9308901,0.98984754,0.93845093,0.95043415,0.987823,0.99,0.9594179,0.9733001,0.99,0.96572334,0.98834896,0.99,0.99,0.8932553,0.99,0.9475522,0.9822462,0.94304,0.99,0.96808296,0.9849969,0.97434276,0.95444894,0.95752805,0.8754879,0.8612977,0.8424122,0.99,0.96212196,0.9513957,0.99,0.9404959,0.96859586,0.9781027,0.906717,0.9855772,0.99,0.95510596,0.97322357,0.91292006,0.83771354,0.88727057,0.9691755,0.9615094,0.99,0.8797082,0.97414535,0.9475505,0.9706358,0.99,0.85196394,0.9350243,0.89050674"
