type,key,value
latent_values,values,"0.99,0.99,0.99,0.99,0.99,0.99,0.99,0.99,0.99,0.99,0.99,0.99,0.99,0.99,0.99,0.99,0.99,0.99,0.99,0.99,0.99,0.99,0.99,0.99,0.99,0.99,0.99,0.99,0.99,0.99,0.99,0.99,0.99,0.99,0.99,0.99,0.99,0.99,0.99,0.99,0.99,0.99,0.99,0.99,0.99,0.99,0.99,0.99,0.97273934,0.98080385,0.99,0.9847283,0.99,0.99,0.99,0.99,0.9832451,0.987225,0.9786102,0.99,0.98244566,0.9734351,0.96600777,0.9792266,0.95467794,0.99,0.97851187,0.96602774,0.94143033,0.959234,0.970026,0.99,0.9356232,0.9471057,0.9684002,0.9868286,0.9882982,0.9466039,0.91347253,0.96325034,0.927761,0.95286953,0.9357385,0.99,0.98563516,0.9874338,0.8934067,0.92589223,0.9429059,0.9866412,0.9717696,0.9685724,0.96973675,0.8790619,0.95162433,0.99,0.97659564,0.9683664,0.9514809,0.87971514,0.8682826,0.8287409,0.9733935,0.9226579,0.94292605,0.93101,0.9847854,0.8708051,0.9836912,0.9717022,0.8153774,0.8554874,0.98815346,0.8811573,0.86705524,0.86091965,0.98082197,0.8736163,0.9212955,0.82476676,0.9169777,0.99,0.98699856,0.9583949,0.95575446,0.99,0.92721224,0.9233625"
