type,key,value
latent_values,values,"0.99,0.99,0.99,0.99,0.99,0.99,0.99,0.99,0.99,0.99,0.99,0.99,0.99,0.99,0.99,0.99,0.99,0.99,0.99,0.99,0.99,0.99,0.99,0.99,0.99,0.99,0.99,0.99,0.99,0.99,0.99,0.99,0.99,0.99,0.99,0.99,0.99,0.99,0.99,0.99,0.99,0.99,0.99,0.99,0.99,0.99,0.99,0.99,0.9794562,0.9881163,0.99,0.99,0.99,0.99,0.99,0.99,0.98471344,0.9854871,0.97824234,0.99,0.99,0.97915053,0.9698516,0.98740125,0.9568349,0.97132564,0.9763106,0.94365644,0.94596654,0.9739301,0.9694743,0.99,0.96423537,0.9193622,0.96078396,0.9891517,0.99,0.9625381,0.9186874,0.9834957,0.9165285,0.97217214,0.94188696,0.98901665,0.97857463,0.9846572,0.8837736,0.9301951,0.95970744,0.9848613,0.9702815,0.99,0.9636852,0.8819187,0.923158,0.98616004,0.95516735,0.98293936,0.98876053,0.8793572,0.8664874,0.8357154,0.97752625,0.88709086,0.88272494,0.93766904,0.99,0.94182354,0.99,0.9454912,0.85220337,0.86138475,0.99,0.9330498,0.86684173,0.8510687,0.98153394,0.8849222,0.91721296,0.810823,0.9518006,0.99,0.9711503,0.9190716,0.8714905,0.99,0.8922678,0.8738342"
