type,key,value
latent_values,values,"0.99,0.99,0.99,0.99,0.99,0.99,0.99,0.99,0.99,0.99,0.99,0.99,0.99,0.99,0.99,0.99,0.99,0.99,0.99,0.99,0.99,0.99,0.99,0.99,0.99,0.99,0.99,0.99,0.99,0.99,0.99,0.99,0.99,0.99,0.99,0.99,0.99,0.99,0.99,0.99,0.99,0.99,0.99,0.99,0.99,0.99,0.99,0.99,0.99,0.99,0.9807005,0.9770246,0.99,0.98242587,0.99,0.96681654,0.99,0.97551864,0.9657105,0.9436622,0.99,0.98246104,0.9700555,0.99,0.9550803,0.99,0.99,0.9406665,0.9409224,0.98582,0.9319961,0.9837279,0.98542476,0.96680176,0.95787376,0.95614916,0.97625667,0.9637245,0.9331415,0.97230744,0.9892412,0.9756641,0.972685,0.97534335,0.9571876,0.96192765,0.9818392,0.9877811,0.91165406,0.98807585,0.94223785,0.99,0.8933832,0.99,0.9521937,0.8816039,0.891409,0.9719241,0.9255893,0.8917405,0.8832925,0.8700686,0.94910073,0.95869106,0.9199055,0.9837558,0.9863389,0.9624351,0.83697903,0.8428503,0.77267855,0.9213271,0.90919644,0.9829249,0.91600084,0.82375765,0.79642683,0.9334705,0.9591607,0.9654076,0.9516588,0.981407,0.94778883,0.9242897,0.9599862,0.77880585,0.9160612,0.98238015"
