type,key,value
latent_values,values,"0.99,0.99,0.99,0.99,0.99,0.99,0.99,0.99,0.99,0.99,0.99,0.99,0.99,0.99,0.99,0.99,0.99,0.99,0.99,0.99,0.99,0.99,0.99,0.99,0.99,0.99,0.99,0.99,0.99,0.99,0.99,0.99,0.99,0.99,0.99,0.99,0.99,0.99,0.99,0.99,0.99,0.99,0.99,0.99,0.99,0.99,0.99,0.99,0.98163825,0.981821,0.98737824,0.98889977,0.98905456,0.99,0.99,0.99,0.9805475,0.97922605,0.9751625,0.99,0.98960686,0.9718147,0.96473235,0.99,0.9687463,0.9811796,0.98898953,0.9378375,0.93372935,0.9603397,0.95607233,0.971871,0.9615038,0.9156585,0.97678524,0.98335224,0.99,0.9586042,0.9086169,0.9835139,0.9394312,0.9631042,0.942979,0.9887183,0.98785055,0.9878985,0.8996675,0.9253606,0.9452166,0.9793116,0.9357819,0.99,0.96158636,0.87676626,0.92979246,0.9275183,0.91523165,0.9731487,0.98284775,0.8592322,0.874442,0.8283524,0.99,0.8724064,0.8622701,0.987397,0.97890496,0.9399427,0.98435885,0.9594675,0.78767204,0.9014727,0.99,0.894859,0.85939306,0.87051696,0.9486605,0.93074137,0.89616627,0.8865369,0.980583,0.99,0.8678546,0.92531043,0.9443943,0.9387868,0.81552637,0.86665046"
