type,key,value
latent_values,values,"0.99,0.99,0.99,0.99,0.99,0.99,0.99,0.99,0.99,0.99,0.99,0.99,0.99,0.99,0.99,0.99,0.99,0.99,0.99,0.99,0.99,0.99,0.99,0.99,0.99,0.99,0.99,0.99,0.99,0.99,0.99,0.99,0.99,0.99,0.99,0.99,0.99,0.99,0.99,0.99,0.99,0.99,0.99,0.99,0.99,0.99,0.99,0.99,0.99,0.99,0.9878557,0.9859672,0.99,0.98813623,0.99,0.977414,0.99,0.99,0.9839457,0.9505425,0.99,0.98778474,0.9709177,0.99,0.9536069,0.99,0.99,0.9396431,0.9507529,0.99,0.93770844,0.99,0.98890007,0.99,0.99,0.96154064,0.9635438,0.9526757,0.9729265,0.94811016,0.94321066,0.9712627,0.97252536,0.98440456,0.95596623,0.9660448,0.99,0.99,0.90106565,0.99,0.9509783,0.96164906,0.87166023,0.9210733,0.9072192,0.8938503,0.8909884,0.99,0.9616594,0.9060918,0.8969269,0.8951715,0.8997426,0.92136174,0.8843353,0.980751,0.99,0.96810216,0.8271832,0.91748524,0.85069877,0.99,0.9219577,0.99,0.8573294,0.83562475,0.86974037,0.9289819,0.9899483,0.96319044,0.9364072,0.99,0.981734,0.88650054,0.94908655,0.7270663,0.95107687,0.9755701"
