type,key,value
latent_values,values,"0.99,0.99,0.99,0.99,0.99,0.99,0.99,0.99,0.99,0.99,0.99,0.99,0.99,0.99,0.99,0.99,0.99,0.99,0.99,0.99,0.99,0.99,0.99,0.99,0.99,0.99,0.99,0.99,0.99,0.99,0.99,0.99,0.99,0.99,0.99,0.99,0.99,0.99,0.99,0.99,0.99,0.99,0.99,0.99,0.99,0.99,0.99,0.99,0.99,0.99,0.98110163,0.98979944,0.99,0.99,0.99,0.9879897,0.99,0.98596495,0.9898522,0.979567,0.9893788,0.9736874,0.98795253,0.99,0.9557558,0.9793354,0.99,0.9238775,0.95792353,0.99,0.98222655,0.9629307,0.9255406,0.92452157,0.9494036,0.99,0.9604181,0.95882124,0.9239325,0.97491455,0.9712116,0.98687994,0.97365654,0.98542714,0.9847687,0.99,0.90087146,0.9520422,0.9427892,0.99,0.9583018,0.89447826,0.879988,0.9632389,0.93662703,0.90188235,0.8832551,0.99,0.8927699,0.88972694,0.88886505,0.9645207,0.9616534,0.8707718,0.83106047,0.99,0.9646564,0.9681578,0.986571,0.92139834,0.8966937,0.95713794,0.9841948,0.9889924,0.89067435,0.8913397,0.94561386,0.9182662,0.8807609,0.99,0.8745523,0.99,0.98129517,0.8739566,0.9859141,0.8558617,0.98019606,0.99"
