type,key,value
latent_values,values,"0.99,0.99,0.99,0.99,0.99,0.99,0.99,0.99,0.99,0.99,0.99,0.99,0.99,0.99,0.99,0.99,0.99,0.99,0.99,0.99,0.99,0.99,0.99,0.99,0.99,0.99,0.99,0.99,0.99,0.99,0.99,0.99,0.99,0.99,0.99,0.99,0.99,0.99,0.99,0.99,0.99,0.99,0.99,0.99,0.99,0.99,0.99,0.99,0.99,0.983401,0.99,0.9806339,0.9799938,0.99,0.99,0.99,0.99,0.99,0.983158,0.99,0.98371553,0.98608804,0.96570283,0.97189975,0.9621949,0.97100884,0.98488736,0.99,0.96990204,0.95334095,0.95701635,0.9825769,0.92920154,0.9886827,0.98349726,0.98382306,0.9348111,0.9493393,0.92495155,0.93215376,0.9395906,0.98365366,0.980891,0.98149616,0.9760455,0.9871912,0.96288353,0.90659416,0.947225,0.9802275,0.9667667,0.99,0.99,0.8919118,0.96351165,0.9478621,0.98779416,0.91195947,0.97950745,0.85546505,0.9423242,0.85360986,0.9095595,0.9209549,0.9357973,0.92593694,0.8791938,0.99,0.96172535,0.99,0.85024863,0.9241284,0.9865501,0.8573577,0.8770162,0.8456386,0.97674817,0.8898432,0.99,0.90199924,0.99,0.87810504,0.93229145,0.93688315,0.8154417,0.96724784,0.9214818,0.9712289"
