type,key,value
latent_values,values,"0.99,0.99,0.99,0.99,0.99,0.99,0.99,0.99,0.99,0.99,0.99,0.99,0.99,0.99,0.99,0.99,0.99,0.99,0.99,0.99,0.99,0.99,0.99,0.99,0.99,0.99,0.99,0.99,0.99,0.99,0.99,0.99,0.99,0.99,0.99,0.99,0.99,0.99,0.99,0.99,0.99,0.99,0.99,0.99,0.99,0.99,0.99,0.99,0.99,0.9797,0.99,0.98472196,0.98118985,0.99,0.99,0.99,0.99,0.9884102,0.981684,0.97595257,0.9728066,0.98905903,0.9519095,0.9726558,0.9563322,0.9716528,0.99,0.99,0.9804424,0.9538777,0.9613935,0.9764718,0.9289985,0.99,0.98670727,0.9841025,0.9258703,0.9259518,0.937417,0.9309935,0.9555492,0.9887875,0.9815165,0.9811518,0.9590724,0.988554,0.97254306,0.9296405,0.94746155,0.96870416,0.9714556,0.98329014,0.9779897,0.8850569,0.9770856,0.9379268,0.988386,0.91788983,0.99,0.8980641,0.98146147,0.9042148,0.88532776,0.89821047,0.9675903,0.929034,0.86708665,0.99,0.8932138,0.99,0.8662033,0.9258818,0.9806376,0.8615923,0.850913,0.86945075,0.9557388,0.88394254,0.99,0.88782597,0.99,0.85769755,0.95795375,0.9020616,0.8031133,0.96681666,0.86974865,0.9794766"
