type,key,value
latent_values,values,"0.99,0.99,0.99,0.99,0.99,0.99,0.99,0.99,0.99,0.99,0.99,0.99,0.99,0.99,0.99,0.99,0.99,0.99,0.99,0.99,0.99,0.99,0.99,0.99,0.99,0.99,0.99,0.99,0.99,0.99,0.99,0.99,0.99,0.99,0.99,0.99,0.99,0.99,0.99,0.99,0.99,0.99,0.99,0.99,0.99,0.99,0.99,0.99,0.97463465,0.9643275,0.97500265,0.98371404,0.99,0.99,0.99,0.9869298,0.9897491,0.9778351,0.99,0.99,0.96091455,0.97876805,0.9501579,0.96170574,0.97509646,0.98312765,0.96719486,0.9870417,0.9481452,0.9601094,0.99,0.9763345,0.9389983,0.9528657,0.9805776,0.99,0.91322666,0.9183466,0.9830661,0.9613869,0.99,0.95265657,0.98442423,0.99,0.9751389,0.97675633,0.937544,0.93573993,0.9313823,0.9087203,0.9088075,0.99,0.9547637,0.8927837,0.9510148,0.99,0.99,0.93153775,0.9612426,0.9212786,0.8904364,0.90113705,0.92943406,0.9103257,0.9563319,0.96364117,0.80806214,0.8692876,0.9520969,0.98435116,0.8028893,0.80059487,0.9032126,0.8737676,0.8851017,0.88388944,0.8853113,0.8896455,0.9571762,0.81297755,0.7724144,0.99,0.99,0.95839703,0.98822206,0.99,0.9651458,0.9148266"
