type,key,value
latent_values,values,"0.99,0.99,0.99,0.99,0.99,0.99,0.99,0.99,0.99,0.99,0.99,0.99,0.99,0.99,0.99,0.99,0.99,0.99,0.99,0.99,0.99,0.99,0.99,0.99,0.99,0.99,0.99,0.99,0.99,0.99,0.99,0.99,0.99,0.99,0.99,0.99,0.99,0.99,0.99,0.99,0.99,0.99,0.99,0.99,0.99,0.99,0.99,0.99,0.99,0.99,0.99,0.97968733,0.9704617,0.99,0.99,0.99,0.99,0.9873711,0.9764065,0.99,0.9791934,0.989424,0.9728676,0.9801277,0.9587043,0.9713345,0.986657,0.98536414,0.95360875,0.96032286,0.9732252,0.9897729,0.9228981,0.99,0.99,0.99,0.9758637,0.987574,0.9221577,0.97414136,0.9221499,0.9778429,0.9812057,0.9529466,0.96389043,0.9885883,0.90157443,0.93277234,0.9627192,0.98738855,0.98157847,0.9323679,0.99,0.8794754,0.92393583,0.97311735,0.99,0.9045416,0.95967525,0.86186826,0.93203574,0.8579464,0.9780401,0.9214872,0.87670314,0.9726787,0.97802526,0.89889014,0.9699498,0.9798278,0.8109421,0.94738513,0.9854633,0.87173563,0.8914235,0.86915404,0.98244,0.8684161,0.89068514,0.90414315,0.99,0.99,0.9658348,0.9867439,0.8299501,0.9611707,0.89231974,0.93551785"
