type,key,value
latent_values,values,"0.99,0.99,0.99,0.99,0.99,0.99,0.99,0.99,0.99,0.99,0.99,0.99,0.99,0.99,0.99,0.99,0.99,0.99,0.99,0.99,0.99,0.99,0.99,0.99,0.99,0.99,0.99,0.99,0.99,0.99,0.99,0.99,0.99,0.99,0.99,0.99,0.99,0.99,0.99,0.99,0.99,0.99,0.99,0.99,0.99,0.99,0.99,0.99,0.9880821,0.99,0.98386514,0.9741108,0.9824475,0.99,0.99,0.9846402,0.9881774,0.988063,0.97895503,0.99,0.9800254,0.9709244,0.98960584,0.98682785,0.9582842,0.9659353,0.9586457,0.9539965,0.9366404,0.97720176,0.97160554,0.97379935,0.91778487,0.96160835,0.99,0.98522234,0.9859121,0.98808557,0.9152691,0.98955995,0.9230603,0.9711483,0.9665418,0.9727961,0.96203566,0.99,0.89719635,0.99,0.97878104,0.99,0.94078964,0.99,0.98174685,0.89335525,0.9815952,0.9764151,0.9621755,0.9674197,0.99,0.84912264,0.88923913,0.87554806,0.94995314,0.91832703,0.85664153,0.9833994,0.981902,0.8976982,0.99,0.95234823,0.8264766,0.94308037,0.99,0.87692827,0.9718475,0.82859796,0.9744685,0.85015893,0.9109037,0.91429955,0.9499249,0.99,0.92974347,0.984113,0.8918281,0.99,0.9298393,0.9452438"
