type,key,value
latent_values,values,"0.99,0.99,0.99,0.99,0.99,0.99,0.99,0.99,0.99,0.99,0.99,0.99,0.99,0.99,0.99,0.99,0.99,0.99,0.99,0.99,0.99,0.99,0.99,0.99,0.99,0.99,0.99,0.99,0.99,0.99,0.99,0.99,0.99,0.99,0.99,0.99,0.99,0.99,0.99,0.99,0.99,0.99,0.99,0.99,0.99,0.99,0.99,0.99,0.99,0.99,0.99,0.98718584,0.97563875,0.97674257,0.98844695,0.9782377,0.9865528,0.986467,0.97813386,0.98862535,0.99,0.97504336,0.9598102,0.96918446,0.98549813,0.9782006,0.99,0.9832773,0.9789995,0.9682911,0.9455345,0.99,0.9811554,0.99,0.9848893,0.9347449,0.98558795,0.99,0.9560104,0.93567276,0.99,0.9870694,0.97686446,0.98542386,0.99,0.98665106,0.99,0.9693477,0.9524851,0.9879878,0.97396684,0.99,0.9733052,0.99,0.98498684,0.9457724,0.98821354,0.91399914,0.9200969,0.9501952,0.99,0.98391265,0.9119123,0.97499406,0.9838581,0.99,0.9472087,0.9409326,0.99,0.95700145,0.9897028,0.94575197,0.95421517,0.89666396,0.84600925,0.86782616,0.8825117,0.99,0.92955184,0.9467378,0.97542745,0.99,0.9078208,0.94058496,0.9707253,0.9754618,0.93204445,0.8307768"
