type,key,value
latent_values,values,"0.99,0.99,0.99,0.99,0.99,0.99,0.99,0.99,0.99,0.99,0.99,0.99,0.99,0.99,0.99,0.99,0.99,0.99,0.99,0.99,0.99,0.99,0.99,0.99,0.99,0.99,0.99,0.99,0.99,0.99,0.99,0.99,0.99,0.99,0.99,0.99,0.99,0.99,0.99,0.99,0.99,0.99,0.99,0.99,0.99,0.99,0.99,0.99,0.9842031,0.96477264,0.9670649,0.9890266,0.99,0.99,0.99,0.99,0.99,0.99,0.97540414,0.9896174,0.97268236,0.97482556,0.9488776,0.9707187,0.99,0.95761275,0.9890033,0.9839946,0.93397105,0.9611227,0.9867725,0.98204833,0.941198,0.97500163,0.99,0.98466974,0.90186596,0.93371576,0.9532725,0.9692615,0.9878195,0.99,0.9632369,0.99,0.95144683,0.99,0.9322751,0.9318309,0.9281668,0.9328252,0.9120919,0.9884335,0.9843773,0.8601752,0.93700796,0.99,0.9679468,0.9270241,0.9358031,0.959883,0.99,0.87964815,0.976969,0.97835916,0.9340268,0.95482934,0.8355892,0.8759008,0.9742161,0.98192066,0.79500663,0.8131239,0.99,0.80880654,0.85734034,0.9067892,0.95085365,0.8462655,0.96916246,0.8649374,0.93413603,0.98876554,0.8668036,0.95457673,0.8170637,0.9842453,0.84431547,0.8816114"
