type,key,value
latent_values,values,"0.99,0.99,0.99,0.99,0.99,0.99,0.99,0.99,0.99,0.99,0.99,0.99,0.99,0.99,0.99,0.99,0.99,0.99,0.99,0.99,0.99,0.99,0.99,0.99,0.99,0.99,0.99,0.99,0.99,0.99,0.99,0.99,0.99,0.99,0.99,0.99,0.99,0.99,0.99,0.99,0.99,0.99,0.99,0.99,0.99,0.99,0.99,0.99,0.98688245,0.9861515,0.99,0.9769073,0.9859419,0.99,0.99,0.99,0.99,0.98686373,0.9746593,0.99,0.984462,0.98783696,0.96674436,0.97505724,0.9608578,0.9867869,0.98207474,0.986437,0.95066303,0.9648219,0.98696923,0.99,0.9304316,0.9511502,0.9853864,0.99,0.99,0.9754279,0.9287707,0.9484943,0.9161382,0.9818693,0.9663598,0.98592854,0.95926476,0.9678088,0.8837317,0.9397202,0.97839844,0.96526545,0.96907336,0.9778517,0.98868906,0.88446516,0.9622515,0.97976273,0.99,0.9476004,0.9739589,0.85542035,0.9296473,0.85564315,0.93634385,0.9205811,0.88793087,0.94781166,0.9869796,0.9165467,0.96704423,0.9856035,0.83281195,0.87147486,0.96941936,0.82699805,0.88278747,0.85317624,0.9845723,0.84419787,0.87876856,0.83060324,0.9684073,0.99,0.97890127,0.95702237,0.8072455,0.987311,0.8735022,0.91626114"
