type,key,value
latent_values,values,"0.99,0.99,0.99,0.99,0.99,0.99,0.99,0.99,0.99,0.99,0.99,0.99,0.99,0.99,0.99,0.99,0.99,0.99,0.99,0.99,0.99,0.99,0.99,0.99,0.99,0.99,0.99,0.99,0.99,0.99,0.99,0.99,0.99,0.99,0.99,0.99,0.99,0.99,0.99,0.99,0.99,0.99,0.99,0.99,0.99,0.99,0.99,0.99,0.99,0.99,0.9711981,0.9858917,0.97916514,0.99,0.99,0.96908075,0.99,0.98201597,0.98497546,0.9472951,0.9845108,0.9810449,0.94122565,0.99,0.97168076,0.9627009,0.99,0.95107806,0.99,0.9840434,0.9800298,0.9741074,0.94207215,0.93404627,0.9377484,0.99,0.99,0.96317875,0.9296214,0.9710197,0.98307127,0.97138816,0.9353646,0.99,0.99,0.9533032,0.9262471,0.99,0.9881261,0.99,0.93569326,0.9799688,0.8840135,0.9447521,0.92579997,0.85941154,0.92242557,0.9782922,0.98613846,0.91908693,0.91466606,0.9450037,0.98409665,0.89225835,0.881809,0.99,0.99,0.9370318,0.8557666,0.87493855,0.9062915,0.9359153,0.9220414,0.98093826,0.8907826,0.8388924,0.8616316,0.8749424,0.88311696,0.99,0.9514189,0.99,0.97674096,0.77878165,0.9626477,0.92687875,0.96764416,0.96220696"
