type,key,value
latent_values,values,"0.99,0.99,0.99,0.99,0.99,0.99,0.99,0.99,0.99,0.99,0.99,0.99,0.99,0.99,0.99,0.99,0.99,0.99,0.99,0.99,0.99,0.99,0.99,0.99,0.99,0.99,0.99,0.99,0.99,0.99,0.99,0.99,0.99,0.99,0.99,0.99,0.99,0.99,0.99,0.99,0.99,0.99,0.99,0.99,0.99,0.99,0.99,0.99,0.99,0.980377,0.97240067,0.98805016,0.9858656,0.99,0.9899445,0.95769477,0.99,0.9722277,0.98821074,0.94676465,0.99,0.99,0.99,0.99,0.9690159,0.96714264,0.9887219,0.9441723,0.9584606,0.98691845,0.9723039,0.9844632,0.93181735,0.93994105,0.9269614,0.9875473,0.9413015,0.97562563,0.9460568,0.9709294,0.9858864,0.99,0.9814561,0.9540882,0.9245226,0.87511474,0.90750146,0.97567904,0.9565066,0.9533585,0.9161144,0.99,0.96200025,0.98384243,0.9570812,0.9197491,0.8825947,0.95994407,0.9852488,0.91284543,0.89406306,0.960777,0.99,0.94914675,0.9022907,0.9829011,0.85443085,0.98868084,0.8405247,0.92593694,0.8274258,0.8492752,0.8301487,0.96674675,0.8955262,0.8461076,0.8562488,0.93129855,0.88249016,0.99,0.95228606,0.8835603,0.9681252,0.88997734,0.78073883,0.79315037,0.99,0.99"
