type,key,value
latent_values,values,"0.99,0.99,0.99,0.99,0.99,0.99,0.99,0.99,0.99,0.99,0.99,0.99,0.99,0.99,0.99,0.99,0.99,0.99,0.99,0.99,0.99,0.99,0.99,0.99,0.99,0.99,0.99,0.99,0.99,0.99,0.99,0.99,0.99,0.99,0.99,0.99,0.99,0.99,0.99,0.99,0.99,0.99,0.99,0.99,0.99,0.99,0.99,0.99,0.98463976,0.98286027,0.98353523,0.99,0.9832731,0.9774745,0.99,0.99,0.9780246,0.9871573,0.9706284,0.99,0.98304415,0.97873443,0.98833215,0.99,0.95168245,0.96722025,0.99,0.9393898,0.93539256,0.9613972,0.9628022,0.982648,0.9293995,0.94276154,0.9748581,0.9894193,0.94013053,0.9452235,0.91141254,0.9818109,0.97192246,0.9624827,0.9561316,0.96038884,0.961469,0.99,0.92383343,0.92000437,0.9277905,0.9814689,0.91670305,0.95622784,0.941228,0.8835675,0.89659864,0.9250979,0.90459687,0.94594085,0.9893975,0.8457006,0.89516157,0.86421776,0.99,0.9663558,0.8515654,0.9351788,0.83906245,0.9871262,0.99,0.95057374,0.7791295,0.9682342,0.99,0.9320045,0.86842597,0.85374296,0.89801127,0.8846776,0.9011216,0.90550745,0.97514737,0.99,0.9179908,0.9511291,0.924327,0.9282592,0.9017085,0.95394325"
