type,key,value
latent_values,values,"0.99,0.99,0.99,0.99,0.99,0.99,0.99,0.99,0.99,0.99,0.99,0.99,0.99,0.99,0.99,0.99,0.99,0.99,0.99,0.99,0.99,0.99,0.99,0.99,0.99,0.99,0.99,0.99,0.99,0.99,0.99,0.99,0.99,0.99,0.99,0.99,0.99,0.99,0.99,0.99,0.99,0.99,0.99,0.99,0.99,0.99,0.99,0.99,0.98557264,0.99,0.99,0.9875147,0.986698,0.99,0.99,0.99,0.98626584,0.98711866,0.9774098,0.99,0.9858832,0.98425716,0.9800395,0.98264146,0.95817834,0.9795652,0.9701329,0.9563393,0.94525445,0.97510594,0.9609491,0.9838193,0.9445044,0.956748,0.99,0.98627216,0.99,0.9867743,0.917608,0.98131794,0.9140481,0.96798843,0.96173245,0.9625227,0.966773,0.98325884,0.89029413,0.9823012,0.9669891,0.988192,0.9742501,0.98311675,0.98689926,0.8794163,0.9719846,0.97606033,0.9701021,0.9688526,0.99,0.87169284,0.88616806,0.8664541,0.9667238,0.9106106,0.8711031,0.9653288,0.99,0.9283374,0.99,0.9655147,0.822597,0.9223411,0.99,0.92443216,0.8791113,0.8383824,0.9834227,0.85030544,0.90707624,0.8491375,0.9615816,0.99,0.9621958,0.97540694,0.87857574,0.9883317,0.893478,0.8884026"
