type,key,value
latent_values,values,"0.99,0.99,0.99,0.99,0.99,0.99,0.99,0.99,0.99,0.99,0.99,0.99,0.99,0.99,0.99,0.99,0.99,0.99,0.99,0.99,0.99,0.99,0.99,0.99,0.99,0.99,0.99,0.99,0.99,0.99,0.99,0.99,0.99,0.99,0.99,0.99,0.99,0.99,0.99,0.99,0.99,0.99,0.99,0.99,0.99,0.99,0.99,0.99,0.9842538,0.9767313,0.98968774,0.99,0.99,0.99,0.99,0.99,0.99,0.9893683,0.98032236,0.99,0.98850745,0.9839589,0.9693689,0.9730494,0.9554445,0.9818592,0.97638404,0.96233016,0.9368905,0.96302825,0.99,0.99,0.9254789,0.95094967,0.9598442,0.99,0.96654063,0.946468,0.9450275,0.97792745,0.91281474,0.99,0.95372826,0.9652983,0.99,0.9841683,0.90283954,0.9402386,0.9744943,0.9831832,0.9435556,0.99,0.98631245,0.87789285,0.91617525,0.99,0.97315687,0.9856119,0.97211087,0.8669495,0.89306414,0.8570482,0.96558034,0.9595508,0.9129453,0.93036294,0.9221959,0.9380968,0.99,0.98516506,0.88249457,0.7748619,0.98685956,0.8565594,0.8638845,0.87123495,0.98386467,0.90818983,0.93689746,0.83157516,0.9542803,0.99,0.99,0.9313811,0.8296935,0.99,0.99,0.8934695"
