type,key,value
latent_values,values,"0.99,0.99,0.99,0.99,0.99,0.99,0.99,0.99,0.99,0.99,0.99,0.99,0.99,0.99,0.99,0.99,0.99,0.99,0.99,0.99,0.99,0.99,0.99,0.99,0.99,0.99,0.99,0.99,0.99,0.99,0.99,0.99,0.99,0.99,0.99,0.99,0.99,0.99,0.99,0.99,0.99,0.99,0.99,0.99,0.99,0.99,0.99,0.99,0.99,0.98635453,0.99,0.9849847,0.974842,0.99,0.98660916,0.99,0.99,0.99,0.98259157,0.99,0.97447026,0.9774587,0.96642256,0.9629925,0.9507529,0.9543689,0.99,0.99,0.988396,0.9464076,0.9383083,0.96881527,0.9333574,0.99,0.9811895,0.97068113,0.94665015,0.9337957,0.92387444,0.93435735,0.9707673,0.9794215,0.98285955,0.9675122,0.9841059,0.99,0.98116416,0.9210098,0.9443642,0.9848165,0.96059984,0.9891819,0.9839702,0.92774135,0.98223215,0.9294391,0.98315805,0.91594297,0.99,0.891028,0.9743987,0.90463936,0.88620126,0.91483516,0.9755272,0.9471864,0.85569793,0.99,0.9580193,0.99,0.95545316,0.9429438,0.99,0.890924,0.90283626,0.8417477,0.9648116,0.95239234,0.99,0.92422307,0.99,0.85635525,0.9309035,0.903018,0.82794416,0.9685003,0.9593075,0.95901006"
