type,key,value
latent_values,values,"0.99,0.99,0.99,0.99,0.99,0.99,0.99,0.99,0.99,0.99,0.99,0.99,0.99,0.99,0.99,0.99,0.99,0.99,0.99,0.99,0.99,0.99,0.99,0.99,0.99,0.99,0.99,0.99,0.99,0.99,0.99,0.99,0.99,0.99,0.99,0.99,0.99,0.99,0.99,0.99,0.99,0.99,0.99,0.99,0.99,0.99,0.99,0.99,0.97984,0.98612815,0.99,0.9853287,0.9857054,0.9759698,0.99,0.98564184,0.9772695,0.988831,0.980262,0.99,0.99,0.9675527,0.9819555,0.961984,0.9888685,0.99,0.99,0.9877785,0.9579501,0.9477726,0.9523958,0.98158556,0.99,0.99,0.97557175,0.9346596,0.95428467,0.9268157,0.9665417,0.9805368,0.98504573,0.932201,0.9690399,0.99,0.9810626,0.9848026,0.99,0.9415696,0.9027835,0.97548753,0.9518762,0.99,0.97241426,0.9326892,0.97470635,0.99,0.95368016,0.93564725,0.97482824,0.8910204,0.9129979,0.8690975,0.99,0.93629915,0.94089514,0.9879304,0.9782995,0.98459244,0.9236843,0.99,0.97152555,0.9388583,0.90339106,0.9096179,0.8858833,0.8498292,0.8239409,0.98835564,0.97534966,0.9862021,0.9350748,0.9895531,0.86805344,0.9680196,0.97688967,0.8886039,0.8766806,0.77155685"
