type,key,value
latent_values,values,"0.99,0.99,0.99,0.99,0.99,0.99,0.99,0.99,0.99,0.99,0.99,0.99,0.99,0.99,0.99,0.99,0.99,0.99,0.99,0.99,0.99,0.99,0.99,0.99,0.99,0.99,0.99,0.99,0.99,0.99,0.99,0.99,0.99,0.99,0.99,0.99,0.99,0.99,0.99,0.99,0.99,0.99,0.99,0.99,0.99,0.99,0.99,0.99,0.99,0.99,0.99,0.99,0.97366035,0.99,0.99,0.99,0.98972255,0.99,0.97847575,0.99,0.99,0.99,0.99,0.9836538,0.9621488,0.9707676,0.982677,0.94448,0.9410222,0.97838956,0.97625506,0.989782,0.9285605,0.96161085,0.98504937,0.99,0.98907655,0.99,0.9189354,0.99,0.9197661,0.97786117,0.978034,0.9323909,0.9427848,0.9850088,0.8835912,0.9076472,0.98627615,0.98267484,0.9565541,0.95079595,0.96762115,0.88781404,0.89340836,0.97799176,0.948913,0.96192527,0.9855758,0.856279,0.9166902,0.89907974,0.99,0.9142053,0.8785711,0.9286673,0.9866107,0.9188949,0.9821878,0.9776003,0.8290698,0.9639304,0.9801599,0.9168096,0.8822345,0.85204446,0.98345715,0.8803983,0.85701096,0.8546839,0.97792727,0.99,0.96881706,0.96071273,0.789079,0.97883266,0.8531846,0.9854396"
