type,key,value
latent_values,values,"0.99,0.99,0.99,0.99,0.99,0.99,0.99,0.99,0.99,0.99,0.99,0.99,0.99,0.99,0.99,0.99,0.99,0.99,0.99,0.99,0.99,0.99,0.99,0.99,0.99,0.99,0.99,0.99,0.99,0.99,0.99,0.99,0.99,0.99,0.99,0.99,0.99,0.99,0.99,0.99,0.99,0.99,0.99,0.99,0.99,0.99,0.99,0.99,0.98509413,0.99,0.99,0.9834659,0.99,0.9882298,0.99,0.99,0.9883399,0.98844695,0.98990667,0.98873293,0.9894979,0.97588736,0.9735144,0.99,0.9593329,0.99,0.99,0.9843889,0.9594613,0.98975843,0.92864895,0.9823762,0.97482187,0.97735834,0.97098595,0.95799536,0.9742745,0.9452741,0.9369552,0.98846,0.99,0.97333443,0.9753726,0.99,0.9512554,0.9885205,0.99,0.99,0.891587,0.99,0.9734826,0.9274294,0.94054925,0.98737866,0.8998573,0.9823203,0.9475723,0.99,0.87629986,0.8714413,0.856511,0.85221016,0.9860024,0.9610838,0.8883267,0.97699356,0.96866524,0.95908713,0.96541655,0.867275,0.85864997,0.99,0.9839389,0.99,0.8889038,0.8803147,0.9738629,0.89040005,0.99,0.99,0.89652634,0.94244516,0.9638153,0.98745275,0.98851424,0.8469047,0.95723504,0.97631764"
