type,key,value
latent_values,values,"0.99,0.99,0.99,0.99,0.99,0.99,0.99,0.99,0.99,0.99,0.99,0.99,0.99,0.99,0.99,0.99,0.99,0.99,0.99,0.99,0.99,0.99,0.99,0.99,0.99,0.99,0.99,0.99,0.99,0.99,0.99,0.99,0.99,0.99,0.99,0.99,0.99,0.99,0.99,0.99,0.99,0.99,0.99,0.99,0.99,0.99,0.99,0.99,0.98004466,0.9885883,0.99,0.99,0.99,0.99,0.99,0.99,0.9853327,0.98735815,0.9771402,0.99,0.9882288,0.9834496,0.9754368,0.9868371,0.954396,0.9860849,0.98867697,0.95411354,0.9398695,0.97128457,0.98032206,0.98763573,0.94070494,0.9354074,0.9707401,0.99,0.98938817,0.9676267,0.91405296,0.9828474,0.9221977,0.97954047,0.9535893,0.97545576,0.9784857,0.97847664,0.87360764,0.93288815,0.95845383,0.97638583,0.93959785,0.98047733,0.97225016,0.8808903,0.91877496,0.98577017,0.9572846,0.986971,0.98916066,0.8696123,0.8648082,0.8503184,0.99,0.9229665,0.84790295,0.9538355,0.99,0.97292286,0.99,0.9763588,0.84804106,0.87511885,0.99,0.90994614,0.87467915,0.86241126,0.98324805,0.86416274,0.90527636,0.84519273,0.9530564,0.99,0.97229964,0.9493968,0.8783918,0.9773466,0.8957172,0.8943701"
