type,key,value
latent_values,values,"0.99,0.99,0.99,0.99,0.99,0.99,0.99,0.99,0.99,0.99,0.99,0.99,0.99,0.99,0.99,0.99,0.99,0.99,0.99,0.99,0.99,0.99,0.99,0.99,0.99,0.99,0.99,0.99,0.99,0.99,0.99,0.99,0.99,0.99,0.99,0.99,0.99,0.99,0.99,0.99,0.99,0.99,0.99,0.99,0.99,0.99,0.99,0.99,0.97593844,0.98459864,0.9862389,0.99,0.99,0.981308,0.99,0.99,0.97934574,0.99,0.97593766,0.99,0.99,0.9740939,0.9865357,0.99,0.9466212,0.9745515,0.99,0.9273854,0.9712546,0.97890955,0.97520834,0.979605,0.9356362,0.9415468,0.97591674,0.99,0.9850274,0.9372691,0.91977876,0.97251457,0.9471254,0.927049,0.9418671,0.99,0.99,0.99,0.90849555,0.9016197,0.9536216,0.99,0.95110214,0.9048359,0.91016424,0.8795858,0.9067912,0.90430385,0.91054684,0.99,0.9307652,0.8904062,0.85720885,0.8376274,0.98952967,0.9192043,0.8619207,0.9750766,0.9610641,0.97813565,0.930968,0.89514995,0.8497632,0.9628197,0.9252399,0.9738798,0.8684437,0.8562374,0.856554,0.89057004,0.95454013,0.97106546,0.9203837,0.99,0.9624143,0.805194,0.9815951,0.9509975,0.9723048,0.9318134"
