type,key,value
latent_values,values,"0.99,0.99,0.99,0.99,0.99,0.99,0.99,0.99,0.99,0.99,0.99,0.99,0.99,0.99,0.99,0.99,0.99,0.99,0.99,0.99,0.99,0.99,0.99,0.99,0.99,0.99,0.99,0.99,0.99,0.99,0.99,0.99,0.99,0.99,0.99,0.99,0.99,0.99,0.99,0.99,0.99,0.99,0.99,0.99,0.99,0.99,0.99,0.99,0.98310757,0.9823717,0.99,0.99,0.9844993,0.99,0.99,0.99,0.99,0.99,0.9844783,0.99,0.98824644,0.9760098,0.99,0.9591545,0.9779082,0.9752758,0.99,0.97850245,0.99,0.98269707,0.99,0.9829707,0.9430725,0.99,0.97926235,0.9619299,0.9450597,0.9183761,0.97287065,0.9598155,0.9869864,0.9802313,0.9395788,0.9299812,0.94763124,0.9886096,0.98059726,0.918506,0.96564096,0.9702096,0.9503311,0.88236266,0.9665747,0.88169986,0.9149858,0.99,0.9764112,0.99,0.9597253,0.97528857,0.88685554,0.9110481,0.980016,0.99,0.9726489,0.93830985,0.96370125,0.97882336,0.99,0.99,0.9839516,0.9497837,0.99,0.94741,0.9285589,0.798789,0.99,0.86418116,0.95118034,0.9772878,0.94200563,0.99,0.9675379,0.80435824,0.86601394,0.8641304,0.93126726,0.9721339"
