type,key,value
latent_values,values,"0.99,0.99,0.99,0.99,0.99,0.99,0.99,0.99,0.99,0.99,0.99,0.99,0.99,0.99,0.99,0.99,0.99,0.99,0.99,0.99,0.99,0.99,0.99,0.99,0.99,0.99,0.99,0.99,0.99,0.99,0.99,0.99,0.99,0.99,0.99,0.99,0.99,0.99,0.99,0.99,0.99,0.99,0.99,0.99,0.99,0.99,0.99,0.99,0.98768556,0.9838862,0.9811213,0.98875165,0.99,0.99,0.98248655,0.97559553,0.9885195,0.99,0.99,0.99,0.99,0.9880106,0.99,0.9768661,0.99,0.988737,0.99,0.9830673,0.99,0.99,0.98562294,0.9826588,0.93682045,0.9476426,0.99,0.98835784,0.9437644,0.95094156,0.9685598,0.98733246,0.99,0.93307245,0.9851247,0.99,0.9621499,0.9336533,0.92957324,0.96028715,0.9771506,0.91341555,0.9881316,0.9128284,0.9418963,0.99,0.9819961,0.98419565,0.9258045,0.98232245,0.96774346,0.9314849,0.866542,0.88017225,0.9867493,0.9631662,0.9649341,0.95187926,0.8181435,0.93304473,0.9208179,0.966107,0.8830785,0.8864169,0.85765857,0.9505128,0.9364884,0.8694027,0.8751714,0.9063954,0.9803381,0.99,0.78725094,0.9158546,0.95568365,0.8221791,0.95194554,0.93860704,0.98185927,0.9896295"
