type,key,value
latent_values,values,"0.99,0.99,0.99,0.99,0.99,0.99,0.99,0.99,0.99,0.99,0.99,0.99,0.99,0.99,0.99,0.99,0.99,0.99,0.99,0.99,0.99,0.99,0.99,0.99,0.99,0.99,0.99,0.99,0.99,0.99,0.99,0.99,0.99,0.99,0.99,0.99,0.99,0.99,0.99,0.99,0.99,0.99,0.99,0.99,0.99,0.99,0.99,0.99,0.9809867,0.9841275,0.99,0.9882955,0.98394585,0.97610056,0.99,0.99,0.9821538,0.99,0.9880524,0.99,0.9747252,0.9630254,0.97913665,0.95262986,0.9692274,0.9631913,0.98597175,0.9826612,0.99,0.975011,0.99,0.92854595,0.9406468,0.9801409,0.9739354,0.97653383,0.9277228,0.91610205,0.9646618,0.936704,0.9872253,0.973503,0.96126926,0.95535713,0.99,0.98424983,0.968018,0.8813143,0.9503252,0.95957285,0.9018138,0.90472394,0.9691171,0.86271566,0.9187269,0.9869354,0.95980924,0.9781971,0.9079035,0.99,0.94606185,0.94065,0.96175313,0.9874747,0.9435389,0.9089553,0.85674655,0.9872966,0.99,0.985971,0.99,0.95074445,0.99,0.93072206,0.99,0.87513775,0.96205556,0.8965805,0.94261456,0.98045963,0.8902687,0.92407596,0.92665,0.8210613,0.97187465,0.8062654,0.97156763,0.9563441"
