type,key,value
latent_values,values,"0.99,0.99,0.99,0.99,0.99,0.99,0.99,0.99,0.99,0.99,0.99,0.99,0.99,0.99,0.99,0.99,0.99,0.99,0.99,0.99,0.99,0.99,0.99,0.99,0.99,0.99,0.99,0.99,0.99,0.99,0.99,0.99,0.99,0.99,0.99,0.99,0.99,0.99,0.99,0.99,0.99,0.99,0.99,0.99,0.99,0.99,0.99,0.99,0.9885896,0.99,0.99,0.98603886,0.98987186,0.9727866,0.99,0.9795644,0.9746723,0.99,0.9734165,0.99,0.99,0.98015296,0.9787555,0.96351993,0.99,0.97914535,0.9703546,0.978394,0.99,0.9793178,0.9487179,0.9769046,0.9706963,0.9875992,0.99,0.95571053,0.99,0.9854933,0.92807364,0.9437,0.9892689,0.963629,0.9623947,0.97893333,0.9866837,0.98186064,0.984344,0.94865304,0.9508077,0.980333,0.99,0.9634888,0.99,0.99,0.99,0.99,0.9486761,0.9734756,0.89179814,0.93246824,0.9473537,0.93806064,0.91191804,0.92011464,0.99,0.99,0.96355706,0.9782775,0.99,0.86369807,0.9872518,0.8668903,0.9796295,0.949216,0.86357373,0.79893893,0.8906904,0.86688805,0.96944535,0.9754891,0.9775902,0.98851097,0.91719604,0.8956415,0.96887124,0.7403787,0.9347651,0.81736207"
