type,key,value
latent_values,values,"0.99,0.99,0.99,0.99,0.99,0.99,0.99,0.99,0.99,0.99,0.99,0.99,0.99,0.99,0.99,0.99,0.99,0.99,0.99,0.99,0.99,0.99,0.99,0.99,0.99,0.99,0.99,0.99,0.99,0.99,0.99,0.99,0.99,0.99,0.99,0.99,0.99,0.99,0.99,0.99,0.99,0.99,0.99,0.99,0.99,0.99,0.99,0.99,0.9811247,0.99,0.99,0.99,0.99,0.99,0.98946357,0.98540556,0.9781964,0.99,0.99,0.99,0.99,0.9852806,0.99,0.9777536,0.99,0.98642683,0.95293075,0.9818165,0.99,0.99,0.92888755,0.98711145,0.9473939,0.9773693,0.99,0.9650634,0.98150164,0.9820179,0.92012054,0.9644937,0.9829767,0.9505823,0.98610395,0.99,0.99,0.9656498,0.9795668,0.9445575,0.9441232,0.97071177,0.99,0.9582271,0.9682394,0.99,0.99,0.95307034,0.9033355,0.99,0.88878626,0.9607249,0.85603833,0.87060875,0.8821631,0.8729479,0.99,0.9776548,0.90595895,0.9553542,0.98007905,0.89070904,0.9476294,0.8963942,0.9057511,0.9896129,0.7955698,0.89754254,0.8957377,0.97381186,0.99,0.9622463,0.8394667,0.9436968,0.9684055,0.8580292,0.9846094,0.78593713,0.99,0.93278444"
