type,key,value
latent_values,values,"0.99,0.99,0.99,0.99,0.99,0.99,0.99,0.99,0.99,0.99,0.99,0.99,0.99,0.99,0.99,0.99,0.99,0.99,0.99,0.99,0.99,0.99,0.99,0.99,0.99,0.99,0.99,0.99,0.99,0.99,0.99,0.99,0.99,0.99,0.99,0.99,0.99,0.99,0.99,0.99,0.99,0.99,0.99,0.99,0.99,0.99,0.99,0.99,0.99,0.99,0.98404276,0.97468567,0.99,0.9721458,0.99,0.9708271,0.97469777,0.99,0.9798839,0.97973216,0.99,0.9604036,0.98843324,0.96360415,0.9750997,0.9726159,0.99,0.98867446,0.9642756,0.98293793,0.9812687,0.98967874,0.98763686,0.9353586,0.93892163,0.9717748,0.9885328,0.99,0.988747,0.906359,0.9389256,0.92927927,0.9816452,0.99,0.99,0.99,0.9836139,0.99,0.937317,0.9763412,0.9712665,0.93697524,0.88593835,0.97302485,0.9647891,0.9867407,0.95976096,0.9753471,0.9669251,0.94554925,0.9294131,0.8881887,0.8374095,0.96855074,0.9373799,0.9720413,0.932396,0.8602801,0.97242695,0.943466,0.99,0.93397284,0.9881533,0.98079354,0.99,0.88063866,0.92390674,0.8838109,0.97093356,0.9130603,0.89686954,0.9476682,0.9169674,0.94671625,0.9896492,0.7699107,0.9621228,0.9883178"
