type,key,value
latent_values,values,"0.99,0.99,0.99,0.99,0.99,0.99,0.99,0.99,0.99,0.99,0.99,0.99,0.99,0.99,0.99,0.99,0.99,0.99,0.99,0.99,0.99,0.99,0.99,0.99,0.99,0.99,0.99,0.99,0.99,0.99,0.99,0.99,0.99,0.99,0.99,0.99,0.99,0.99,0.99,0.99,0.99,0.99,0.99,0.99,0.99,0.99,0.99,0.99,0.99,0.99,0.9765322,0.9722614,0.99,0.9754334,0.99,0.9619948,0.98019,0.99,0.9709685,0.95389664,0.98604417,0.94986594,0.99,0.9622633,0.9890272,0.98244613,0.99,0.99,0.97949636,0.97789484,0.983942,0.98751336,0.93126637,0.96822006,0.955872,0.94501203,0.98846304,0.98370075,0.95769864,0.924784,0.98901385,0.91209775,0.9750931,0.9864801,0.99,0.95155925,0.99,0.99,0.94415325,0.99,0.9350057,0.92025715,0.8737946,0.97518516,0.92033434,0.9276682,0.95373493,0.9776269,0.9758791,0.99,0.89568776,0.9103537,0.8463903,0.9882948,0.9619887,0.9884302,0.9457091,0.8314173,0.8527615,0.90453845,0.99,0.9814687,0.9185436,0.94365877,0.99,0.8830317,0.83903265,0.92247474,0.99,0.9343703,0.89552766,0.9733278,0.90627414,0.8867225,0.9736437,0.7455618,0.96118766,0.9806382"
