type,key,value
latent_values,values,"0.99,0.99,0.99,0.99,0.99,0.99,0.99,0.99,0.99,0.99,0.99,0.99,0.99,0.99,0.99,0.99,0.99,0.99,0.99,0.99,0.99,0.99,0.99,0.99,0.99,0.99,0.99,0.99,0.99,0.99,0.99,0.99,0.99,0.99,0.99,0.99,0.99,0.99,0.99,0.99,0.99,0.99,0.99,0.99,0.99,0.99,0.99,0.99,0.9806386,0.9822395,0.9844425,0.98174125,0.99,0.9850356,0.99,0.98565483,0.9754808,0.99,0.9799871,0.99,0.9858393,0.9549195,0.99,0.9469952,0.9887958,0.99,0.9836753,0.9646757,0.94442225,0.98650146,0.9772144,0.9352595,0.9274796,0.9751543,0.99,0.9831502,0.98072404,0.99,0.92786413,0.9070113,0.97082734,0.9090556,0.98488766,0.949277,0.99,0.96547014,0.9773402,0.91235423,0.93969727,0.97199565,0.96262974,0.9298011,0.9222071,0.9114181,0.95917064,0.99,0.96144783,0.99,0.8764319,0.99,0.96270543,0.95619833,0.8660781,0.9437478,0.9236482,0.99,0.93010014,0.99,0.8436556,0.8750136,0.99,0.9301198,0.9105085,0.9070597,0.94724065,0.83147657,0.83572155,0.7965096,0.98671824,0.94370943,0.8402377,0.94576484,0.86696196,0.9608674,0.93573594,0.7393417,0.99,0.97078145"
