type,key,value
latent_values,values,"0.99,0.99,0.99,0.99,0.99,0.99,0.99,0.99,0.99,0.99,0.99,0.99,0.99,0.99,0.99,0.99,0.99,0.99,0.99,0.99,0.99,0.99,0.99,0.99,0.99,0.99,0.99,0.99,0.99,0.99,0.99,0.99,0.99,0.99,0.99,0.99,0.99,0.99,0.99,0.99,0.99,0.99,0.99,0.99,0.99,0.99,0.99,0.99,0.9842078,0.9892586,0.97512895,0.9814083,0.99,0.9701389,0.99,0.99,0.9722141,0.99,0.99,0.99,0.9646182,0.96508837,0.97901636,0.9601312,0.98739433,0.95424795,0.95661914,0.99,0.97382957,0.99,0.9854395,0.97022724,0.9646798,0.98166996,0.99,0.954145,0.8922218,0.99,0.99,0.92665535,0.96732414,0.9592645,0.99,0.9571086,0.9576487,0.9823966,0.99,0.9318445,0.9197778,0.899095,0.9068149,0.9844965,0.9569619,0.9239444,0.9595147,0.99,0.95510584,0.95161355,0.90319747,0.99,0.8816083,0.88964397,0.88258666,0.96222734,0.97407734,0.99,0.82004446,0.99,0.99,0.907385,0.9853448,0.9087877,0.98524916,0.93000877,0.9654536,0.8101075,0.942902,0.84984356,0.99,0.9141494,0.8609745,0.99,0.873543,0.9355969,0.98807,0.6934438,0.965682,0.9611472"
