type,key,value
latent_values,values,"0.99,0.99,0.99,0.99,0.99,0.99,0.99,0.99,0.99,0.99,0.99,0.99,0.99,0.99,0.99,0.99,0.99,0.99,0.99,0.99,0.99,0.99,0.99,0.99,0.99,0.99,0.99,0.99,0.99,0.99,0.99,0.99,0.99,0.99,0.99,0.99,0.99,0.99,0.99,0.99,0.99,0.99,0.99,0.99,0.99,0.99,0.99,0.99,0.975825,0.9817857,0.9787656,0.9852911,0.99,0.97625804,0.99,0.97638434,0.97487086,0.99,0.9789785,0.99,0.99,0.96038467,0.98164964,0.9531865,0.98254734,0.99,0.99,0.96248853,0.99,0.95939744,0.9797028,0.99,0.9237061,0.9804133,0.99,0.97589546,0.9840407,0.95866454,0.9191546,0.94461536,0.99,0.91490495,0.98157567,0.9809168,0.99,0.99,0.9080513,0.96888095,0.9356931,0.9830819,0.9666324,0.9128098,0.9405285,0.9643582,0.90645933,0.83622146,0.9098993,0.9863233,0.9234896,0.99,0.9677611,0.9535628,0.8700527,0.9833928,0.92235273,0.99,0.93739045,0.86657584,0.92758775,0.93389064,0.99,0.94044006,0.91252995,0.97022086,0.99,0.95338374,0.8388521,0.8927758,0.9748221,0.8915667,0.84934837,0.92745125,0.89296585,0.844819,0.9807506,0.75775516,0.95693296,0.9513646"
