type,key,value
latent_values,values,"0.99,0.99,0.99,0.99,0.99,0.99,0.99,0.99,0.99,0.99,0.99,0.99,0.99,0.99,0.99,0.99,0.99,0.99,0.99,0.99,0.99,0.99,0.99,0.99,0.99,0.99,0.99,0.99,0.99,0.99,0.99,0.99,0.99,0.99,0.99,0.99,0.99,0.99,0.99,0.99,0.99,0.99,0.99,0.99,0.99,0.99,0.99,0.99,0.97658235,0.9737356,0.97170097,0.99,0.97871524,0.974,0.99,0.99,0.9741163,0.99,0.99,0.99,0.9685707,0.96602577,0.96943086,0.95211375,0.99,0.94414854,0.99,0.99,0.99,0.9759738,0.9827537,0.97384304,0.97263163,0.97624004,0.99,0.97151,0.8921216,0.93697065,0.99,0.97782826,0.98981696,0.954112,0.9539772,0.98744255,0.9366984,0.94908327,0.99,0.92364156,0.93568623,0.8967022,0.9105936,0.93395597,0.95524865,0.8569263,0.9569596,0.97016436,0.9128153,0.95922995,0.9474304,0.97276235,0.95282435,0.8844379,0.9840032,0.99,0.9834136,0.95137835,0.791433,0.9553872,0.9740222,0.9725299,0.9795313,0.91506374,0.93847096,0.96764845,0.88373965,0.7889468,0.90664667,0.83220506,0.9864084,0.9170526,0.8248433,0.99,0.86786366,0.8720343,0.9884065,0.94484794,0.9687941,0.9334495"
