type,key,value
latent_values,values,"0.99,0.99,0.99,0.99,0.99,0.99,0.99,0.99,0.99,0.99,0.99,0.99,0.99,0.99,0.99,0.99,0.99,0.99,0.99,0.99,0.99,0.99,0.99,0.99,0.99,0.99,0.99,0.99,0.99,0.99,0.99,0.99,0.99,0.99,0.99,0.99,0.99,0.99,0.99,0.99,0.99,0.99,0.99,0.99,0.99,0.99,0.99,0.99,0.99,0.99,0.99,0.9878918,0.96978426,0.99,0.98790073,0.9604456,0.99,0.9871413,0.9734372,0.94293374,0.99,0.99,0.94406605,0.99,0.99,0.97257614,0.9626269,0.97572196,0.99,0.96946216,0.95110387,0.99,0.9529252,0.99,0.960298,0.9515201,0.97012675,0.9811363,0.9344755,0.967036,0.98639864,0.9807746,0.9346358,0.99,0.97591925,0.9381844,0.9821501,0.94634414,0.98922586,0.98759174,0.94972426,0.9869819,0.8912613,0.99,0.99,0.8627469,0.95694405,0.91329336,0.93546754,0.90972835,0.90845555,0.8550198,0.98920095,0.97019815,0.9748745,0.90721476,0.9670814,0.97192925,0.8541168,0.99,0.9705567,0.9769832,0.82060564,0.96888953,0.80861336,0.87384206,0.7694099,0.8893776,0.85042876,0.99,0.9607751,0.9079283,0.9572771,0.8902962,0.8577997,0.9169022,0.99,0.96001744"
