type,key,value
latent_values,values,"0.99,0.99,0.99,0.99,0.99,0.99,0.99,0.99,0.99,0.99,0.99,0.99,0.99,0.99,0.99,0.99,0.99,0.99,0.99,0.99,0.99,0.99,0.99,0.99,0.99,0.99,0.99,0.99,0.99,0.99,0.99,0.99,0.99,0.99,0.99,0.99,0.99,0.99,0.99,0.99,0.99,0.99,0.99,0.99,0.99,0.99,0.99,0.99,0.98681,0.98407274,0.9730355,0.9800782,0.98967683,0.9810131,0.99,0.98986995,0.97315097,0.99,0.98845845,0.99,0.9852767,0.96912044,0.9848829,0.95119876,0.99,0.98007506,0.97839445,0.98490417,0.9608422,0.9844671,0.983203,0.93691254,0.93472505,0.9757056,0.99,0.981147,0.939107,0.9882076,0.9536072,0.90094566,0.97993654,0.96867794,0.9765604,0.92676634,0.9883587,0.95692813,0.9793147,0.92048025,0.9613726,0.9271125,0.9486766,0.92105424,0.9898872,0.8986063,0.95907867,0.9845307,0.96049166,0.99,0.86554575,0.9732977,0.98712605,0.9820028,0.8452146,0.98133427,0.900411,0.99,0.86961937,0.99,0.99,0.91151845,0.99,0.9112548,0.9580879,0.9347906,0.9210458,0.84490395,0.9263074,0.82112265,0.9488842,0.93873745,0.9059127,0.9282605,0.8695742,0.96906257,0.9796639,0.7339805,0.99,0.9766958"
