type,key,value
latent_values,values,"0.99,0.99,0.99,0.99,0.99,0.99,0.99,0.99,0.99,0.99,0.99,0.99,0.99,0.99,0.99,0.99,0.99,0.99,0.99,0.99,0.99,0.99,0.99,0.99,0.99,0.99,0.99,0.99,0.99,0.99,0.99,0.99,0.99,0.99,0.99,0.99,0.99,0.99,0.99,0.99,0.99,0.99,0.99,0.99,0.99,0.99,0.99,0.99,0.9857727,0.99,0.98756,0.98708445,0.982709,0.9845752,0.9747366,0.98959345,0.98994744,0.99,0.9825913,0.99,0.99,0.9711016,0.9823236,0.95281696,0.9777329,0.976933,0.99,0.99,0.99,0.99,0.9863653,0.98906523,0.95413005,0.9576187,0.98954093,0.971235,0.9827562,0.98873407,0.9782959,0.96945846,0.92964095,0.95723796,0.9814942,0.9880172,0.9880565,0.9587991,0.9830051,0.98406476,0.9498562,0.99,0.99,0.93672097,0.9700885,0.98224616,0.9857113,0.92259395,0.8974217,0.99,0.9499229,0.96288204,0.97897863,0.9557575,0.9254304,0.9673775,0.95644915,0.9516668,0.8604189,0.9248667,0.96018046,0.9665205,0.951347,0.9399736,0.92584664,0.9668277,0.87798756,0.82409066,0.8937213,0.85848516,0.9616104,0.99,0.80782664,0.99,0.9523214,0.8830158,0.98665696,0.82297397,0.92402464,0.87285566"
