type,key,value
latent_values,values,"0.99,0.99,0.99,0.99,0.99,0.99,0.99,0.99,0.99,0.99,0.99,0.99,0.99,0.99,0.99,0.99,0.99,0.99,0.99,0.99,0.99,0.99,0.99,0.99,0.99,0.99,0.99,0.99,0.99,0.99,0.99,0.99,0.99,0.99,0.99,0.99,0.99,0.99,0.99,0.99,0.99,0.99,0.99,0.99,0.99,0.99,0.99,0.99,0.9849253,0.9841913,0.98009676,0.99,0.98417413,0.981195,0.9894249,0.99,0.979065,0.99,0.9871576,0.99,0.9868679,0.9747242,0.98505545,0.95226634,0.99,0.9705755,0.9850672,0.9680589,0.98713756,0.99,0.9848721,0.9319434,0.9403749,0.97758424,0.99,0.99,0.93076444,0.98846036,0.9653216,0.9352583,0.9793254,0.97192264,0.97915214,0.92075175,0.99,0.98106974,0.9770639,0.9272288,0.98361266,0.9410764,0.94773215,0.8786078,0.9785014,0.89384073,0.961088,0.9882325,0.97560495,0.99,0.85116446,0.97784,0.9458761,0.95555055,0.901816,0.9748652,0.9588354,0.9898339,0.85780984,0.99,0.99,0.90099454,0.98515826,0.902466,0.97899115,0.96834755,0.85442156,0.8179377,0.9560688,0.895472,0.95323724,0.97135127,0.8508024,0.9266983,0.91552675,0.86342114,0.9725293,0.84317166,0.99,0.96677643"
