type,key,value
latent_values,values,"0.99,0.99,0.99,0.99,0.99,0.99,0.99,0.99,0.99,0.99,0.99,0.99,0.99,0.99,0.99,0.99,0.99,0.99,0.99,0.99,0.99,0.99,0.99,0.99,0.99,0.99,0.99,0.99,0.99,0.99,0.99,0.99,0.99,0.99,0.99,0.99,0.99,0.99,0.99,0.99,0.99,0.99,0.99,0.99,0.99,0.99,0.99,0.99,0.9891771,0.99,0.9885038,0.9807255,0.9787266,0.9830275,0.9781091,0.9856648,0.9797401,0.99,0.99,0.99,0.99,0.9747732,0.9734566,0.95183074,0.98019683,0.97306454,0.99,0.9896918,0.99,0.99,0.98272395,0.9856616,0.9814557,0.9787252,0.9830939,0.97616136,0.9849947,0.9872551,0.985959,0.95302457,0.9363824,0.95101166,0.9881375,0.99,0.98758686,0.9757214,0.9751088,0.9829095,0.9649659,0.96309775,0.99,0.9539915,0.9853926,0.97652376,0.96883744,0.91717815,0.8881331,0.9871206,0.9560084,0.98354864,0.9818661,0.9609391,0.9397547,0.96611756,0.9357762,0.9316552,0.89472926,0.92322075,0.94925433,0.97856754,0.98463017,0.91473675,0.87576824,0.9347604,0.9259396,0.8126094,0.8582924,0.8775451,0.91836715,0.99,0.8321818,0.9627913,0.94446665,0.8518895,0.9849209,0.7968694,0.9690597,0.9042929"
