type,key,value
latent_values,values,"0.99,0.99,0.99,0.99,0.99,0.99,0.99,0.99,0.99,0.99,0.99,0.99,0.99,0.99,0.99,0.99,0.99,0.99,0.99,0.99,0.99,0.99,0.99,0.99,0.99,0.99,0.99,0.99,0.99,0.99,0.99,0.99,0.99,0.99,0.99,0.99,0.99,0.99,0.99,0.99,0.99,0.99,0.99,0.99,0.99,0.99,0.99,0.99,0.9849776,0.98823756,0.98128486,0.99,0.9820392,0.99,0.97386813,0.99,0.9858851,0.99,0.99,0.99,0.98711,0.99,0.97973824,0.9537891,0.9892201,0.97498065,0.99,0.9843424,0.9829715,0.9873532,0.9860591,0.98021394,0.9470065,0.9740768,0.99,0.99,0.9251069,0.98894995,0.9859476,0.95316565,0.951107,0.93937916,0.99,0.9269529,0.9692377,0.93980527,0.9395727,0.9578258,0.9560255,0.89394265,0.99,0.95383614,0.9636374,0.9158597,0.99,0.98180646,0.99,0.96778905,0.9452207,0.9738936,0.96678835,0.97161293,0.94162065,0.9216171,0.95344424,0.98899007,0.8182764,0.9845687,0.91104525,0.93802375,0.9566713,0.8545419,0.8772379,0.9899952,0.82874167,0.828839,0.9265814,0.92865914,0.9110594,0.9427742,0.80155647,0.8835538,0.9387328,0.95331657,0.99,0.9194993,0.96072036,0.97902197"
