type,key,value
latent_values,values,"0.99,0.99,0.99,0.99,0.99,0.99,0.99,0.99,0.99,0.99,0.99,0.99,0.99,0.99,0.99,0.99,0.99,0.99,0.99,0.99,0.99,0.99,0.99,0.99,0.99,0.99,0.99,0.99,0.99,0.99,0.99,0.99,0.99,0.99,0.99,0.99,0.99,0.99,0.99,0.99,0.99,0.99,0.99,0.99,0.99,0.99,0.99,0.99,0.9823846,0.99,0.9693006,0.97652817,0.99,0.9834301,0.99,0.9832709,0.9775756,0.99,0.9839197,0.99,0.99,0.9707469,0.9891459,0.95130885,0.99,0.96601707,0.99,0.9795439,0.9777628,0.99,0.988056,0.98165065,0.9344844,0.99,0.9864396,0.98480946,0.9191751,0.9786733,0.9757884,0.92626065,0.9823064,0.9623755,0.98496705,0.9655307,0.98663086,0.9704567,0.9605392,0.9671574,0.963392,0.9210566,0.9286171,0.90473664,0.9735372,0.96408844,0.9495604,0.99,0.9821809,0.99,0.8957717,0.95936924,0.97880816,0.97121996,0.83855987,0.9631166,0.9012781,0.99,0.8578347,0.9737762,0.99,0.87762016,0.99,0.9225887,0.9541486,0.95834315,0.9381826,0.85313255,0.9198702,0.8448319,0.92694753,0.97208107,0.8311136,0.9547386,0.9033473,0.92634356,0.98800534,0.7721721,0.97859395,0.947238"
