type,key,value
latent_values,values,"0.99,0.99,0.99,0.99,0.99,0.99,0.99,0.99,0.99,0.99,0.99,0.99,0.99,0.99,0.99,0.99,0.99,0.99,0.99,0.99,0.99,0.99,0.99,0.99,0.99,0.99,0.99,0.99,0.99,0.99,0.99,0.99,0.99,0.99,0.99,0.99,0.99,0.99,0.99,0.99,0.99,0.99,0.99,0.99,0.99,0.99,0.99,0.99,0.99,0.98928267,0.98409504,0.99,0.970249,0.97564363,0.9685128,0.99,0.9749201,0.99,0.99,0.99,0.99,0.970341,0.969092,0.9538161,0.99,0.9456677,0.99,0.9341995,0.98727167,0.99,0.95968956,0.9850082,0.99,0.99,0.99,0.9652771,0.923301,0.98454636,0.99,0.99,0.96851933,0.97108847,0.98782986,0.94926876,0.98722255,0.94861543,0.9870825,0.9217746,0.92096317,0.92516726,0.9758201,0.96082675,0.97919637,0.91243356,0.9305228,0.8671044,0.91674554,0.93060464,0.9763774,0.95489216,0.97599065,0.96775824,0.99,0.96462566,0.9675916,0.98694694,0.8357913,0.98528206,0.9778436,0.9681724,0.95067203,0.98617446,0.9240118,0.97913164,0.99,0.8768832,0.9204403,0.9887078,0.9604923,0.93388844,0.8168474,0.91384155,0.85348946,0.8294235,0.99,0.9329432,0.9664729,0.9402179"
