type,key,value
latent_values,values,"0.99,0.99,0.99,0.99,0.99,0.99,0.99,0.99,0.99,0.99,0.99,0.99,0.99,0.99,0.99,0.99,0.99,0.99,0.99,0.99,0.99,0.99,0.99,0.99,0.99,0.99,0.99,0.99,0.99,0.99,0.99,0.99,0.99,0.99,0.99,0.99,0.99,0.99,0.99,0.99,0.99,0.99,0.99,0.99,0.99,0.99,0.99,0.99,0.99,0.99,0.99,0.97100013,0.99,0.99,0.9875151,0.9737421,0.981941,0.99,0.99,0.96708393,0.99,0.9862589,0.9674384,0.9508355,0.9685729,0.9850653,0.99,0.9846717,0.99,0.9869366,0.98324615,0.96400166,0.97133386,0.96594703,0.98367476,0.9835322,0.97034293,0.9744246,0.98678213,0.9236103,0.9272577,0.9282216,0.97800165,0.98879176,0.9457661,0.91083246,0.9587199,0.99,0.94952625,0.9597009,0.9503355,0.9829615,0.8611383,0.96973306,0.97088003,0.91236264,0.9087412,0.9589622,0.99,0.9100391,0.96590066,0.98125905,0.92968243,0.98081535,0.8700369,0.90831417,0.9715998,0.91371477,0.85318583,0.96137655,0.9869784,0.9526392,0.85908747,0.9580663,0.99,0.93093824,0.877907,0.9608654,0.99,0.9872595,0.86227757,0.9843107,0.95047,0.8258115,0.8747419,0.7546603,0.98208433,0.9456624"
