type,key,value
latent_values,values,"0.99,0.99,0.99,0.99,0.99,0.99,0.99,0.99,0.99,0.99,0.99,0.99,0.99,0.99,0.99,0.99,0.99,0.99,0.99,0.99,0.99,0.99,0.99,0.99,0.99,0.99,0.99,0.99,0.99,0.99,0.99,0.99,0.99,0.99,0.99,0.99,0.99,0.99,0.99,0.99,0.99,0.99,0.99,0.99,0.99,0.99,0.99,0.99,0.98622185,0.9823495,0.98631847,0.99,0.98324394,0.9887077,0.99,0.99,0.99,0.99,0.9776304,0.99,0.9768188,0.97080934,0.99,0.9558813,0.99,0.96597224,0.98958313,0.98510355,0.9812673,0.97855264,0.99,0.9548158,0.9504064,0.9881603,0.99,0.97098595,0.90629745,0.9344678,0.9868601,0.92642754,0.99,0.9777832,0.9631486,0.93623024,0.9671498,0.98745084,0.9801932,0.9091223,0.99,0.9438312,0.9341931,0.8506273,0.9775087,0.876945,0.96094394,0.98491764,0.98928744,0.97101253,0.8764881,0.95820034,0.9047388,0.87219167,0.87843084,0.99,0.9840075,0.9454787,0.8767988,0.99,0.99,0.9613657,0.99,0.9367135,0.99,0.9338886,0.8765617,0.801438,0.99,0.84585816,0.9733584,0.98205423,0.94141966,0.99,0.93894875,0.9511518,0.88556063,0.87814844,0.921715,0.9548921"
