type,key,value
latent_values,values,"0.99,0.99,0.99,0.99,0.99,0.99,0.99,0.99,0.99,0.99,0.99,0.99,0.99,0.99,0.99,0.99,0.99,0.99,0.99,0.99,0.99,0.99,0.99,0.99,0.99,0.99,0.99,0.99,0.99,0.99,0.99,0.99,0.99,0.99,0.99,0.99,0.99,0.99,0.99,0.99,0.99,0.99,0.99,0.99,0.99,0.99,0.99,0.99,0.9878205,0.99,0.99,0.97489774,0.99,0.9638723,0.99,0.974058,0.9665532,0.99,0.97000647,0.9890056,0.99,0.95802826,0.9838022,0.9616619,0.98032653,0.9890387,0.99,0.99,0.97166944,0.9650246,0.98733664,0.99,0.98314464,0.9552823,0.9635615,0.94504386,0.99,0.99,0.97719634,0.92058754,0.9480619,0.91545475,0.9797332,0.9851789,0.9800041,0.99,0.99,0.99,0.92103136,0.9882019,0.9582619,0.9873246,0.92091095,0.97476417,0.958372,0.94215757,0.9542534,0.96176016,0.94458014,0.98557764,0.95100963,0.8606758,0.8655349,0.99,0.9456922,0.96560943,0.9711464,0.86533576,0.95796096,0.89216465,0.99,0.93411726,0.9600317,0.94193417,0.99,0.86145645,0.875929,0.9016674,0.96092606,0.86232394,0.9304036,0.97880197,0.85192204,0.92507434,0.99,0.72061133,0.8923147,0.89346844"
