type,key,value
latent_values,values,"0.99,0.99,0.99,0.99,0.99,0.99,0.99,0.99,0.99,0.99,0.99,0.99,0.99,0.99,0.99,0.99,0.99,0.99,0.99,0.99,0.99,0.99,0.99,0.99,0.99,0.99,0.99,0.99,0.99,0.99,0.99,0.99,0.99,0.99,0.99,0.99,0.99,0.99,0.99,0.99,0.99,0.99,0.99,0.99,0.99,0.99,0.99,0.99,0.9869931,0.99,0.9733408,0.9783436,0.9803539,0.98035055,0.99,0.99,0.97987735,0.99,0.99,0.99,0.9667632,0.9626536,0.99,0.94929034,0.99,0.9531588,0.9650217,0.99,0.97917926,0.99,0.98418033,0.96342236,0.95762444,0.98673147,0.99,0.96832025,0.8989363,0.9875954,0.99,0.94477034,0.98660105,0.9727032,0.9859394,0.9638932,0.98894054,0.97651345,0.99,0.94027823,0.95347947,0.9401933,0.93443954,0.8874528,0.97732985,0.9444734,0.9278755,0.9692527,0.9325449,0.92718357,0.88010633,0.9800821,0.9638752,0.97097623,0.88196284,0.9740795,0.959346,0.99,0.8231837,0.9743344,0.98864573,0.9253979,0.9721568,0.9656439,0.9664534,0.91787064,0.93398935,0.80929786,0.933398,0.8576879,0.98941773,0.99,0.8381559,0.99,0.91786695,0.92532617,0.98488647,0.7788624,0.9628915,0.93331033"
