type,key,value
latent_values,values,"0.99,0.99,0.99,0.99,0.99,0.99,0.99,0.99,0.99,0.99,0.99,0.99,0.99,0.99,0.99,0.99,0.99,0.99,0.99,0.99,0.99,0.99,0.99,0.99,0.99,0.99,0.99,0.99,0.99,0.99,0.99,0.99,0.99,0.99,0.99,0.99,0.99,0.99,0.99,0.99,0.99,0.99,0.99,0.99,0.99,0.99,0.99,0.99,0.99,0.99,0.9767667,0.99,0.9757769,0.96446747,0.99,0.9889052,0.9810871,0.99,0.96126014,0.95383877,0.99,0.9602026,0.9608331,0.9850853,0.98635864,0.94060904,0.9858233,0.93746144,0.9846778,0.98857903,0.99,0.99,0.96701837,0.94745165,0.94083,0.9730543,0.9827356,0.99,0.9788698,0.98360336,0.9303228,0.95088947,0.92551106,0.96452624,0.99,0.9889484,0.99,0.97543955,0.9706594,0.99,0.9783188,0.98422164,0.87671065,0.9790661,0.9607694,0.87757057,0.93178,0.99,0.97787493,0.9706418,0.95272815,0.8243461,0.9871999,0.97284615,0.99,0.9824402,0.9224151,0.93639463,0.95225585,0.9007032,0.9564342,0.9437276,0.9705701,0.9893986,0.9055283,0.82374746,0.88718224,0.8400463,0.937155,0.99,0.90267783,0.96498334,0.834492,0.783031,0.99,0.8695399,0.8809861,0.9050222"
