type,key,value
latent_values,values,"0.99,0.99,0.99,0.99,0.99,0.99,0.99,0.99,0.99,0.99,0.99,0.99,0.99,0.99,0.99,0.99,0.99,0.99,0.99,0.99,0.99,0.99,0.99,0.99,0.99,0.99,0.99,0.99,0.99,0.99,0.99,0.99,0.99,0.99,0.99,0.99,0.99,0.99,0.99,0.99,0.99,0.99,0.99,0.99,0.99,0.99,0.99,0.99,0.99,0.98883754,0.97799826,0.9866332,0.98025966,0.9781743,0.98073155,0.99,0.9786579,0.99,0.9885713,0.99,0.9791393,0.97142637,0.9813602,0.94814736,0.99,0.9592704,0.9847022,0.9808855,0.97886527,0.9877164,0.9870102,0.93716866,0.93481946,0.9773971,0.99,0.99,0.91853315,0.9889588,0.9666259,0.92949086,0.9822466,0.96939164,0.98787934,0.9304042,0.99,0.961372,0.9638826,0.93329775,0.984175,0.9437428,0.95958716,0.890141,0.99,0.89872766,0.9653098,0.9803066,0.9796333,0.9695996,0.86918235,0.98040766,0.9732358,0.9861677,0.84932375,0.95290947,0.95078886,0.9787533,0.8180932,0.99,0.99,0.8473822,0.99,0.9010633,0.9775544,0.9608507,0.89408225,0.81045043,0.9332963,0.87258077,0.95132595,0.9472023,0.88769865,0.9214787,0.9231139,0.9664066,0.97277147,0.82937044,0.99,0.94117147"
