type,key,value
latent_values,values,"0.99,0.99,0.99,0.99,0.99,0.99,0.99,0.99,0.99,0.99,0.99,0.99,0.99,0.99,0.99,0.99,0.99,0.99,0.99,0.99,0.99,0.99,0.99,0.99,0.99,0.99,0.99,0.99,0.99,0.99,0.99,0.99,0.99,0.99,0.99,0.99,0.99,0.99,0.99,0.99,0.99,0.99,0.99,0.99,0.99,0.99,0.99,0.99,0.99,0.99,0.9663607,0.99,0.9701078,0.9802207,0.9749329,0.9883758,0.9878046,0.99,0.99,0.9793654,0.9712004,0.9657338,0.96966124,0.99,0.99,0.9242966,0.97166765,0.9469011,0.99,0.99,0.98198783,0.99,0.9555333,0.94459486,0.97120106,0.9660618,0.94327974,0.9792693,0.99,0.9884799,0.98353654,0.9500984,0.9597574,0.99,0.99,0.967795,0.9880356,0.9881825,0.9746494,0.977866,0.9855915,0.9537157,0.89419866,0.9364497,0.94917524,0.9126717,0.9391755,0.95502514,0.99,0.99,0.87805027,0.83417004,0.98111707,0.9660477,0.96169823,0.98966724,0.81031674,0.99,0.98218334,0.8391138,0.9868828,0.98496956,0.9611131,0.99,0.942119,0.8316139,0.93889135,0.85569894,0.949374,0.98955435,0.84804803,0.9698429,0.91765064,0.83504605,0.99,0.99,0.99,0.9250198"
