type,key,value
latent_values,values,"0.99,0.99,0.99,0.99,0.99,0.99,0.99,0.99,0.99,0.99,0.99,0.99,0.99,0.99,0.99,0.99,0.99,0.99,0.99,0.99,0.99,0.99,0.99,0.99,0.99,0.99,0.99,0.99,0.99,0.99,0.99,0.99,0.99,0.99,0.99,0.99,0.99,0.99,0.99,0.99,0.99,0.99,0.99,0.99,0.99,0.99,0.99,0.99,0.99,0.98803836,0.97699624,0.98030615,0.98935974,0.9835202,0.99,0.99,0.98738277,0.99,0.9826584,0.99,0.98762304,0.97094625,0.99,0.953048,0.98680264,0.97317386,0.97911674,0.9808807,0.9571827,0.987433,0.9871357,0.95786273,0.9398759,0.9852975,0.99,0.9811378,0.928489,0.98793155,0.96067137,0.9163345,0.98116934,0.99,0.97891384,0.9545177,0.99,0.97066885,0.9692736,0.9384436,0.9751305,0.9648895,0.96584916,0.8824734,0.9814915,0.91488963,0.9165197,0.98458755,0.95992637,0.9751087,0.8682628,0.96013165,0.99,0.98666275,0.85072225,0.99,0.92431635,0.99,0.8542791,0.99,0.9889801,0.90631664,0.99,0.95507187,0.99,0.8972544,0.98207945,0.8430625,0.94750106,0.8204525,0.94679767,0.99,0.96676195,0.9361337,0.89779824,0.9641759,0.8533295,0.76623464,0.98172617,0.9645391"
