type,key,value
latent_values,values,"0.99,0.99,0.99,0.99,0.99,0.99,0.99,0.99,0.99,0.99,0.99,0.99,0.99,0.99,0.99,0.99,0.99,0.99,0.99,0.99,0.99,0.99,0.99,0.99,0.99,0.99,0.99,0.99,0.99,0.99,0.99,0.99,0.99,0.99,0.99,0.99,0.99,0.99,0.99,0.99,0.99,0.99,0.99,0.99,0.99,0.99,0.99,0.99,0.98780733,0.9853037,0.978415,0.98436326,0.9782068,0.9804301,0.99,0.99,0.9791997,0.99,0.989789,0.99,0.97308195,0.9700367,0.98556817,0.9492849,0.985798,0.9684214,0.9792174,0.9830228,0.9879255,0.98075056,0.99,0.91727334,0.9367797,0.9763724,0.99,0.98504436,0.933784,0.9720423,0.9702774,0.9356957,0.99,0.97856367,0.9800573,0.9344393,0.99,0.9662319,0.9666672,0.9112342,0.99,0.9224264,0.9224952,0.88754106,0.9880815,0.90576404,0.9584591,0.976317,0.9505646,0.98994726,0.8920154,0.9781955,0.9544685,0.96663857,0.8920825,0.99,0.94557345,0.98811364,0.8513756,0.99,0.99,0.9568782,0.99,0.9160897,0.9637418,0.91998607,0.94403046,0.8094096,0.93950516,0.8718401,0.9423966,0.9832984,0.8991665,0.93018264,0.92769665,0.87376994,0.97863567,0.82388,0.99,0.95359266"
