type,key,value
latent_values,values,"0.99,0.99,0.99,0.99,0.99,0.99,0.99,0.99,0.99,0.99,0.99,0.99,0.99,0.99,0.99,0.99,0.99,0.99,0.99,0.99,0.99,0.99,0.99,0.99,0.99,0.99,0.99,0.99,0.99,0.99,0.99,0.99,0.99,0.99,0.99,0.99,0.99,0.99,0.99,0.99,0.99,0.99,0.99,0.99,0.99,0.99,0.99,0.99,0.98601705,0.99,0.9722451,0.99,0.9888406,0.981735,0.99,0.99,0.986994,0.99,0.9841289,0.98193914,0.97324514,0.97379196,0.98377085,0.9842697,0.9855886,0.98121864,0.98549676,0.98549205,0.98939884,0.99,0.9894309,0.94448894,0.94249773,0.9413727,0.99,0.98504835,0.9219872,0.9892089,0.978334,0.9653949,0.96551824,0.9567266,0.9877123,0.99,0.99,0.9787059,0.9594762,0.93585706,0.9898535,0.9227378,0.94205457,0.9065151,0.8843945,0.90890265,0.98521894,0.9442487,0.90801,0.99,0.8484896,0.99,0.8948875,0.8421673,0.9038119,0.9788459,0.957097,0.99,0.82901263,0.99,0.96750426,0.91746455,0.99,0.90577936,0.9374698,0.9799286,0.8722774,0.83494365,0.91513216,0.8907765,0.9270864,0.98586303,0.81352717,0.9073031,0.9259512,0.91139543,0.99,0.8124463,0.983987,0.9815552"
