type,key,value
latent_values,values,"0.99,0.99,0.99,0.99,0.99,0.99,0.99,0.99,0.99,0.99,0.99,0.99,0.99,0.99,0.99,0.99,0.99,0.99,0.99,0.99,0.99,0.99,0.99,0.99,0.99,0.99,0.99,0.99,0.99,0.99,0.99,0.99,0.99,0.99,0.99,0.99,0.99,0.99,0.99,0.99,0.99,0.99,0.99,0.99,0.99,0.99,0.99,0.99,0.984579,0.97999233,0.9786878,0.97882843,0.98143464,0.97987926,0.99,0.99,0.97856027,0.99,0.99,0.99,0.9750626,0.95702547,0.9747701,0.94777346,0.98749125,0.9736545,0.98223335,0.99,0.9755212,0.98456097,0.9868958,0.9203814,0.93712604,0.977295,0.98424387,0.9726356,0.94367033,0.96633846,0.9575611,0.9153097,0.9890731,0.9543739,0.97456837,0.9522532,0.9878502,0.97408295,0.99,0.8957534,0.9440213,0.9407894,0.93302435,0.9101807,0.9749593,0.862301,0.9200368,0.97365826,0.94483215,0.97452503,0.90449643,0.97890395,0.96964246,0.9733862,0.92069626,0.99,0.9202093,0.94815445,0.88513714,0.974893,0.97939163,0.9472776,0.99,0.98010916,0.94276243,0.89361405,0.99,0.8616041,0.89461154,0.85426164,0.97025245,0.9434885,0.8377259,0.9438536,0.88094914,0.8837085,0.99,0.79367244,0.97828436,0.99"
