type,key,value
latent_values,values,"0.99,0.99,0.99,0.99,0.99,0.99,0.99,0.99,0.99,0.99,0.99,0.99,0.99,0.99,0.99,0.99,0.99,0.99,0.99,0.99,0.99,0.99,0.99,0.99,0.99,0.99,0.99,0.99,0.99,0.99,0.99,0.99,0.99,0.99,0.99,0.99,0.99,0.99,0.99,0.99,0.99,0.99,0.99,0.99,0.99,0.99,0.99,0.99,0.9899892,0.99,0.99,0.99,0.98236984,0.9848026,0.98605084,0.99,0.9871563,0.99,0.99,0.99,0.98542994,0.99,0.97966456,0.9566968,0.9663879,0.9702157,0.987032,0.96437764,0.99,0.99,0.9766292,0.99,0.9839194,0.9858726,0.99,0.98841304,0.9156955,0.98475075,0.99,0.99,0.92375946,0.9639993,0.98878485,0.9449971,0.99,0.9555847,0.9774434,0.9808708,0.93339366,0.9566289,0.9570949,0.99,0.9417308,0.95530784,0.9710561,0.8690007,0.9519876,0.9169555,0.99,0.97199947,0.9412211,0.95434827,0.9741822,0.953209,0.99,0.9419817,0.81380075,0.99,0.9720983,0.9840711,0.8954481,0.9367432,0.9736884,0.99,0.84907204,0.8389844,0.96856797,0.89655846,0.9687083,0.84353757,0.7868809,0.90424776,0.9751374,0.8714346,0.9824706,0.99,0.96548575,0.9385457"
