type,key,value
latent_values,values,"0.99,0.99,0.99,0.99,0.99,0.99,0.99,0.99,0.99,0.99,0.99,0.99,0.99,0.99,0.99,0.99,0.99,0.99,0.99,0.99,0.99,0.99,0.99,0.99,0.99,0.99,0.99,0.99,0.99,0.99,0.99,0.99,0.99,0.99,0.99,0.99,0.99,0.99,0.99,0.99,0.99,0.99,0.99,0.99,0.99,0.99,0.99,0.99,0.9881795,0.99,0.99,0.99,0.99,0.9757816,0.99,0.9726535,0.9717116,0.99,0.9794202,0.99,0.98421,0.9698521,0.99,0.98348004,0.9671545,0.9734501,0.99,0.99,0.9783723,0.9695444,0.9839407,0.99,0.9375962,0.93144083,0.9502519,0.96212506,0.9747691,0.99,0.9573443,0.90311545,0.9433901,0.9324943,0.97156066,0.9597054,0.9763827,0.99,0.96264124,0.99,0.9378917,0.99,0.98304844,0.9662485,0.90550286,0.98630905,0.9664126,0.96200806,0.98003876,0.9341951,0.93727195,0.99,0.8843785,0.84126186,0.8537507,0.9865616,0.96360105,0.9005968,0.882223,0.89365685,0.9875727,0.9059769,0.99,0.9081805,0.99,0.98447514,0.9126569,0.8300396,0.97608185,0.8781842,0.9588524,0.9125794,0.9466195,0.9414475,0.950595,0.95205253,0.9597067,0.75680304,0.96197516,0.9601956"
